Pressione, Can A in funzione di Temperatura, Can B, Raccolta #3
Temperatura, Can B ( °C )	Pressione, Can A ( kPa )
27,31699	0,08789
27,27038	0,09766
27,31699	0,08789
27,27038	0,09766
27,31699	0,08789
27,27038	0,09766
27,31699	0,08789
27,27038	0,09766
27,31699	0,08789
27,31699	0,09766
27,31699	0,08789
27,27038	0,09766
27,31699	0,08789
27,27038	0,09766
27,31699	0,08789
27,31699	0,09766
27,31699	0,08789
27,27038	0,08789
27,31699	0,08789
27,31699	0,09766
27,31699	0,08789
27,27038	0,08789
27,31699	0,08789
27,27038	0,09766
27,31699	0,08789
27,31699	0,08789
27,31699	0,09278
27,27038	0,09766
27,31699	0,08789
27,31699	0,09766
27,31699	0,08789
27,27038	0,09278
27,31699	0,08789
27,27038	0,09766
27,31699	0,08789
27,27038	0,08789
27,31699	0,08789
27,27038	0,08789
27,31699	0,08789
27,27038	0,09766
27,31699	0,08789
27,27038	0,08789
27,31699	0,08789
27,31699	0,08789
27,31699	0,08789
27,27038	0,08789
27,31699	0,08789
27,27038	0,08789
27,31699	0,08789
27,27038	0,09766
27,31699	0,08789
27,27038	0,09766
27,31699	0,08789
27,27038	0,09766
27,31699	0,08789
27,31699	0,08789
27,31699	0,08789
27,31699	0,08301
27,31699	0,08789
27,27038	0,08789
27,31699	0,08789
27,27038	0,09766
27,31699	0,08789
27,27038	0,08301
27,31699	0,08789
27,31699	0,08789
27,31699	0,08789
27,27038	0,09766
27,31699	0,08789
27,27038	0,08301
27,31699	0,08789
27,31699	0,08789
27,31699	0,08789
27,27038	0,08789
27,31699	0,08789
27,31699	0,08789
27,31699	0,08789
27,27038	0,09766
27,31699	0,08789
27,31699	0,08301
27,31699	0,08789
27,31699	0,08789
27,31699	0,08789
27,27038	0,09766
27,31699	0,08789
27,27038	0,09766
27,31699	0,08789
27,27038	0,09766
27,31699	0,09278
27,27038	0,08789
27,31699	0,08789
27,27038	0,08301
27,31699	0,08789
27,27038	0,08789
27,31699	0,08789
27,27038	0,08789
27,31699	0,08789
27,27038	0,09766
27,31699	0,08789
27,27038	0,08789
27,31699	0,08789
27,27038	0,08789
27,31699	0,08789
27,27038	0,08789
27,31699	0,08789
27,27038	0,08789
27,31699	0,08789
27,27038	0,08301
27,31699	0,08789
27,31699	0,09766
27,31699	0,08789
27,27038	0,08301
27,31699	0,08789
27,31699	0,08301
27,31699	0,08789
27,27038	0,09766
27,31699	0,08789
27,27038	0,08301
27,31699	0,08789
27,31699	0,08301
27,31699	0,08789
27,27038	0,08789
27,31699	0,08789
27,27038	0,08789
27,31699	0,08789
27,27038	0,08789
27,31699	0,08789
27,31699	0,08301
27,31699	0,08301
27,31699	0,08301
27,31699	0,08789
27,27038	0,08789
27,31699	0,08789
27,27038	0,08301
27,31699	0,08789
27,27038	0,08789
27,31699	0,08789
27,31699	0,08789
27,31699	0,08789
27,27038	0,08789
27,31699	0,08789
27,31699	0,08789
27,31699	0,08789
27,27038	0,08301
27,31699	0,08789
27,27038	0,08789
27,31699	0,08789
27,27038	0,08789
27,31699	0,08301
27,27038	0,08301
27,31699	0,08789
27,27038	0,08301
27,31699	0,08789
27,27038	0,08301
27,31699	0,08301
27,27038	0,08301
27,31699	0,08301
27,27038	0,08301
27,31699	0,08789
27,27038	0,08789
27,31699	0,08789
27,27038	0,08789
27,31699	0,08789
27,27038	0,09766
27,31699	0,08789
27,27038	0,08789
27,31699	0,08789
27,31699	0,08789
27,31699	0,08789
27,27038	0,08789
27,31699	0,08789
27,31699	0,08789
27,31699	0,08789
27,27038	0,08301
27,31699	0,08789
27,27038	0,08789
27,31699	0,08789
27,27038	0,08789
27,31699	0,08789
27,27038	0,08789
27,31699	0,08789
27,27038	0,08301
27,31699	0,08301
27,27038	0,08301
27,31699	0,08789
27,27038	0,08301
27,31699	0,08789
27,27038	0,08789
27,31699	0,08789
27,27038	0,08301
27,31699	0,08789
27,27038	0,08789
27,31699	0,08789
27,27038	0,08301
27,31699	0,08789
27,27038	0,08789
27,31699	0,08789
27,27038	0,08301
27,31699	0,08301
27,27038	0,08789
27,31699	0,08789
27,27038	0,09766
27,31699	0,08789
27,27038	0,08301
27,31699	0,08789
27,31699	0,08789
27,31699	0,08789
27,27038	0,08301
27,31699	0,08301
27,31699	0,08301
27,31699	0,08789
27,27038	0,08789
27,31699	0,08789
27,27038	0,08301
27,31699	0,08789
27,27038	0,08301
27,31699	0,08789
27,31699	0,08789
27,31699	0,08301
27,27038	0,08301
27,31699	0,08789
27,27038	0,08789
27,31699	0,08789
27,27038	0,08789
27,31699	0,08789
27,27038	0,09766
27,31699	0,08789
27,27038	0,08301
27,31699	0,08789
27,31699	0,08789
27,31699	0,08789
27,27038	0,08789
27,31699	0,08789
27,27038	0,08789
27,31699	0,08789
27,27038	0,09766
27,31699	0,08789
27,31699	0,08789
27,31699	0,08789
27,31699	0,08789
27,31699	0,08789
27,27038	0,08789
27,31699	0,08789
27,27038	0,09766
27,31699	0,08789
27,27038	0,08789
27,31699	0,08789
27,27038	0,08789
27,31699	0,08789
27,27038	0,08789
27,31699	0,08789
27,27038	0,09766
27,31699	0,08789
27,27038	0,09766
27,31699	0,08789
27,31699	0,08789
27,31699	0,08789
27,31699	0,09766
27,31699	0,08789
27,27038	0,09766
27,31699	0,08789
27,27038	0,09766
27,31699	0,08789
27,27038	0,09766
27,31699	0,08789
27,27038	0,09766
27,31699	0,08789
27,27038	0,09766
27,31699	0,09278
27,31699	0,09766
27,31699	0,09278
27,27038	0,09766
27,31699	0,08789
27,27038	0,09766
27,31699	0,08789
27,27038	0,09766
27,31699	0,09278
27,27038	0,09766
27,31699	0,09278
27,27038	0,09766
27,31699	0,09278
27,27038	0,09766
27,41032	0,09278
27,27038	0,09766
27,31699	0,09278
27,27038	0,09766
27,31699	0,09766
27,27038	0,09766
27,31699	0,09278
27,27038	0,09766
27,31699	0,09766
27,27038	0,09766
27,31699	0,09278
27,31699	0,09766
27,31699	0,09278
27,27038	0,09766
27,31699	0,09278
27,27038	0,09766
27,31699	0,09766
27,27038	0,09766
27,31699	0,09766
27,27038	0,09766
27,31699	0,09278
27,27038	0,09766
27,31699	0,09766
27,27038	0,09766
27,31699	0,09766
27,31699	0,09766
27,31699	0,09766
27,27038	0,09766
27,31699	0,09766
27,27038	0,09766
27,31699	0,09766
27,27038	0,09766
27,31699	0,09278
27,27038	0,09766
27,31699	0,09278
27,31699	0,09766
27,31699	0,09278
27,27038	0,09766
27,31699	0,09766
27,27038	0,09766
27,31699	0,09766
27,27038	0,09766
27,31699	0,09766
27,27038	0,09766
27,31699	0,09766
27,27038	0,10254
27,31699	0,10254
27,31699	0,10254
27,31699	0,09766
27,27038	0,09766
27,31699	0,10254
27,27038	0,09766
27,31699	0,09766
27,27038	0,10254
27,31699	0,09766
27,27038	0,10254
27,31699	0,09766
27,27038	0,10254
27,31699	0,09766
27,27038	0,09766
27,31699	0,09766
27,27038	0,09766
27,31699	0,09766
27,27038	0,10254
27,31699	0,10254
27,27038	0,09766
27,31699	0,10254
27,27038	0,10254
27,31699	0,09766
27,27038	0,10254
27,31699	0,10743
27,27038	0,10254
27,31699	0,09766
27,27038	0,10254
27,31699	0,10254
27,27038	0,10254
27,31699	0,10743
27,27038	0,10254
27,31699	0,10254
27,27038	0,10254
27,31699	0,10743
27,27038	0,10254
27,31699	0,10743
27,31699	0,10743
27,31699	0,10743
27,27038	0,10254
27,31699	0,10743
27,27038	0,10254
27,31699	0,10743
27,27038	0,10254
27,31699	0,10743
27,27038	0,10743
27,31699	0,10743
27,31699	0,10743
27,31699	0,11719
27,31699	0,10743
27,31699	0,11719
27,27038	0,10743
27,31699	0,11719
27,27038	0,10743
27,31699	0,11719
27,27038	0,10743
27,31699	0,11719
27,27038	0,11231
27,31699	0,11719
27,27038	0,11231
27,31699	0,11719
27,27038	0,11231
27,31699	0,11719
27,27038	0,11231
27,31699	0,11719
27,27038	0,11231
27,31699	0,11719
27,27038	0,11231
27,31699	0,11719
27,31699	0,11231
27,31699	0,11719
27,27038	0,11231
27,31699	0,11719
27,27038	0,11719
27,31699	0,11719
27,27038	0,11719
27,31699	0,11719
27,27038	0,11231
27,31699	0,11719
27,27038	0,11719
27,31699	0,11719
27,27038	0,11719
27,31699	0,11719
27,27038	0,11719
27,31699	0,11719
27,27038	0,12207
27,31699	0,12207
27,27038	0,12207
27,31699	0,12207
27,27038	0,12207
27,31699	0,12207
27,27038	0,12207
27,31699	0,12207
27,27038	0,12207
27,31699	0,12207
27,27038	0,12696
27,31699	0,12696
27,27038	0,12207
27,31699	0,12696
27,27038	0,12696
27,31699	0,12696
27,31699	0,12207
27,31699	0,12696
27,27038	0,12696
27,31699	0,12696
27,27038	0,13672
27,31699	0,12696
27,31699	0,12696
27,31699	0,13184
27,27038	0,12696
27,31699	0,12696
27,27038	0,13672
27,31699	0,13184
27,27038	0,13672
27,31699	0,13184
27,27038	0,13672
27,31699	0,13184
27,31699	0,13672
27,31699	0,13184
27,27038	0,13672
27,31699	0,13672
27,27038	0,13672
27,31699	0,13184
27,27038	0,13672
27,31699	0,13672
27,27038	0,13672
27,31699	0,13672
27,27038	0,13672
27,31699	0,13184
27,27038	0,13672
27,31699	0,13672
27,27038	0,13672
27,31699	0,13672
27,27038	0,13672
27,31699	0,14161
27,27038	0,14161
27,31699	0,14161
27,27038	0,14161
27,31699	0,14161
27,27038	0,14161
27,31699	0,14161
27,27038	0,14161
27,31699	0,14649
27,27038	0,14649
27,31699	0,14649
27,27038	0,14649
27,31699	0,14161
27,27038	0,14161
27,31699	0,14649
27,27038	0,14649
27,31699	0,14649
27,27038	0,14649
27,31699	0,15625
27,27038	0,14649
27,31699	0,15625
27,27038	0,15625
27,31699	0,15625
27,27038	0,15625
27,31699	0,15625
27,27038	0,15625
27,31699	0,15625
27,27038	0,15625
27,31699	0,15625
27,31699	0,15625
27,31699	0,15625
27,31699	0,15625
27,31699	0,15625
27,27038	0,15625
27,31699	0,15625
27,27038	0,16114
27,31699	0,15625
27,27038	0,16114
27,31699	0,15625
27,27038	0,16114
27,31699	0,16114
27,27038	0,16114
27,31699	0,15625
27,27038	0,16114
27,31699	0,16602
27,27038	0,16114
27,31699	0,16602
27,27038	0,16602
27,31699	0,16602
27,27038	0,17579
27,31699	0,16602
27,27038	0,17579
27,31699	0,17090
27,27038	0,17579
27,31699	0,16602
27,27038	0,17579
27,31699	0,17090
27,27038	0,17579
27,31699	0,17090
27,27038	0,17579
27,31699	0,17579
27,27038	0,17579
27,31699	0,17579
27,27038	0,17579
27,31699	0,17579
27,27038	0,17579
27,31699	0,18067
27,31699	0,18067
27,31699	0,18067
27,27038	0,18067
27,31699	0,18067
27,31699	0,18555
27,31699	0,18555
27,27038	0,18555
27,31699	0,18555
27,27038	0,18555
27,31699	0,18555
27,27038	0,18555
27,31699	0,19532
27,31699	0,19044
27,31699	0,19532
27,27038	0,19044
27,31699	0,19532
27,27038	0,19044
27,31699	0,19532
27,27038	0,19532
27,31699	0,19532
27,27038	0,19532
27,31699	0,19532
27,27038	0,19532
27,31699	0,19532
27,27038	0,20020
27,31699	0,20020
27,27038	0,20020
27,31699	0,20020
27,31699	0,20508
27,31699	0,20508
27,27038	0,20508
27,31699	0,20508
27,27038	0,21485
27,31699	0,20508
27,27038	0,20997
27,31699	0,20997
27,27038	0,21485
27,31699	0,20997
27,31699	0,21485
27,31699	0,20997
27,27038	0,21485
27,31699	0,21485
27,27038	0,21485
27,31699	0,20997
27,27038	0,21485
27,31699	0,21973
27,27038	0,21973
27,31699	0,21485
27,27038	0,21973
27,31699	0,22462
27,27038	0,21973
27,31699	0,21973
27,27038	0,21973
27,31699	0,22462
27,27038	0,22462
27,31699	0,22462
27,27038	0,22462
27,31699	0,22462
27,27038	0,22462
27,31699	0,22950
27,27038	0,23438
27,31699	0,22950
27,27038	0,23438
27,31699	0,23438
27,27038	0,23438
27,31699	0,23438
27,27038	0,23438
27,31699	0,23438
27,27038	0,23438
27,31699	0,23438
27,27038	0,23438
27,31699	0,23927
27,31699	0,23927
27,31699	0,23927
27,27038	0,23927
27,31699	0,23927
27,27038	0,23927
27,31699	0,24415
27,27038	0,23927
27,31699	0,24415
27,27038	0,24415
27,31699	0,24903
27,27038	0,25391
27,31699	0,24415
27,27038	0,24903
27,31699	0,24903
27,27038	0,25391
27,31699	0,24903
27,27038	0,25391
27,31699	0,25391
27,27038	0,25391
27,31699	0,24903
27,27038	0,25391
27,31699	0,25391
27,27038	0,25880
27,31699	0,25391
27,27038	0,25880
27,31699	0,26368
27,27038	0,25391
27,31699	0,25880
27,27038	0,26368
27,31699	0,26368
27,31699	0,25880
27,31699	0,27345
27,27038	0,26368
27,31699	0,26368
27,27038	0,26856
27,31699	0,27345
27,27038	0,26856
27,31699	0,27345
27,27038	0,26856
27,31699	0,27345
27,27038	0,27345
27,31699	0,27345
27,31699	0,27345
27,31699	0,27345
27,31699	0,27345
27,31699	0,27345
27,27038	0,27833
27,31699	0,27345
27,27038	0,27833
27,31699	0,27833
27,27038	0,27833
27,31699	0,27833
27,31699	0,28321
27,31699	0,27833
27,27038	0,28321
27,31699	0,28321
27,27038	0,28321
27,31699	0,28321
27,27038	0,29298
27,31699	0,28321
27,27038	0,29298
27,31699	0,28809
27,27038	0,29298
27,31699	0,28809
27,27038	0,29298
27,31699	0,29298
27,27038	0,29298
27,31699	0,29298
27,27038	0,29298
27,31699	0,29786
27,31699	0,29298
27,31699	0,29786
27,31699	0,29786
27,31699	0,29786
27,27038	0,30274
27,31699	0,29786
27,27038	0,30274
27,31699	0,31251
27,27038	0,30274
27,31699	0,31251
27,31699	0,30274
27,31699	0,31251
27,31699	0,31251
27,31699	0,31251
27,31699	0,31251
27,31699	0,31251
27,31699	0,31251
27,31699	0,31251
27,27038	0,31251
27,31699	0,31251
27,27038	0,31251
27,31699	0,31251
27,27038	0,31739
27,31699	0,31739
27,27038	0,31739
27,31699	0,32228
27,31699	0,31739
27,31699	0,32228
27,27038	0,31739
27,31699	0,32228
27,27038	0,33204
27,31699	0,32228
27,27038	0,33204
27,31699	0,32716
27,27038	0,33204
27,31699	0,33204
27,27038	0,33204
27,31699	0,33204
27,27038	0,33204
27,31699	0,33204
27,31699	0,33204
27,31699	0,33204
27,31699	0,33692
27,31699	0,33692
27,27038	0,34181
27,31699	0,34181
27,31699	0,33692
27,31699	0,34181
27,27038	0,34181
27,31699	0,34181
27,27038	0,34181
27,31699	0,35157
27,31699	0,34669
27,31699	0,35157
27,31699	0,34669
27,31699	0,35157
27,31699	0,35157
27,31699	0,35157
27,31699	0,35157
27,31699	0,35157
27,31699	0,35157
27,31699	0,35157
27,31699	0,35157
27,31699	0,35646
27,27038	0,35646
27,31699	0,35646
27,27038	0,35646
27,31699	0,36134
27,27038	0,36134
27,31699	0,36134
27,27038	0,37111
27,31699	0,36134
27,31699	0,37111
27,31699	0,36622
27,27038	0,37111
27,31699	0,36622
27,27038	0,37111
27,31699	0,37111
27,31699	0,37111
27,31699	0,37111
27,31699	0,37599
27,31699	0,37599
27,27038	0,37599
27,31699	0,38087
27,31699	0,37599
27,31699	0,38087
27,27038	0,38087
27,31699	0,38087
27,27038	0,38087
27,31699	0,38575
27,31699	0,39064
27,31699	0,38575
27,27038	0,39064
27,31699	0,38575
27,31699	0,39064
27,31699	0,39064
27,31699	0,39064
27,31699	0,39064
27,31699	0,39064
27,31699	0,39064
27,27038	0,39552
27,31699	0,39552
27,27038	0,39552
27,31699	0,39552
27,27038	0,39552
27,31699	0,40040
27,27038	0,40040
27,31699	0,40040
27,27038	0,41017
27,31699	0,40529
27,27038	0,41017
27,31699	0,40529
27,31699	0,41017
27,31699	0,41017
27,31699	0,41017
27,31699	0,41017
27,27038	0,41505
27,31699	0,41017
27,31699	0,41505
27,31699	0,41017
27,31699	0,41505
27,31699	0,41505
27,31699	0,41993
27,31699	0,41993
27,27038	0,41993
27,31699	0,41993
27,31699	0,41993
27,31699	0,42970
27,31699	0,42482
27,31699	0,42970
27,31699	0,42970
27,31699	0,42970
27,31699	0,42970
27,31699	0,42970
27,31699	0,42970
27,31699	0,42970
27,27038	0,43458
27,31699	0,43458
27,27038	0,43458
27,31699	0,43458
27,27038	0,43458
27,31699	0,43947
27,31699	0,44923
27,31699	0,43947
27,31699	0,44923
27,31699	0,43947
27,31699	0,44923
27,31699	0,44435
27,31699	0,44923
27,31699	0,44435
27,31699	0,44923
27,31699	0,44435
27,31699	0,44923
27,41032	0,44923
27,31699	0,44923
27,36364	0,45412
27,31699	0,45412
27,31699	0,45900
27,31699	0,45412
27,31699	0,45900
27,31699	0,45900
27,41032	0,45900
27,31699	0,45900
27,41032	0,46876
27,31699	0,46876
27,31699	0,46876
27,31699	0,46876
27,41032	0,46876
27,31699	0,46876
27,41032	0,46876
27,27038	0,46876
27,31699	0,46876
27,31699	0,47365
27,31699	0,47365
27,31699	0,47365
27,31699	0,47853
27,31699	0,47853
27,31699	0,47853
27,31699	0,47853
27,31699	0,47853
27,31699	0,48830
27,31699	0,47853
27,31699	0,48830
27,31699	0,48341
27,31699	0,48830
27,31699	0,48830
27,31699	0,48830
27,31699	0,48830
27,31699	0,49318
27,41032	0,48830
27,31699	0,49318
27,31699	0,49318
27,31699	0,49318
27,31699	0,49806
27,31699	0,49806
27,41032	0,50783
27,31699	0,49806
27,31699	0,50783
27,31699	0,50295
27,41032	0,50783
27,31699	0,50295
27,31699	0,50783
27,31699	0,50783
27,41032	0,50783
27,31699	0,50783
27,41032	0,50783
27,27038	0,51271
27,41032	0,51271
27,31699	0,51759
27,41032	0,51759
27,31699	0,51759
27,41032	0,51759
27,31699	0,52736
27,41032	0,51759
27,31699	0,52736
27,41032	0,52248
27,31699	0,52736
27,31699	0,52248
27,31699	0,52736
27,31699	0,52248
27,31699	0,53224
27,41032	0,52736
27,31699	0,53224
27,31699	0,53224
27,31699	0,53224
27,31699	0,53713
27,31699	0,53713
27,41032	0,53713
27,31699	0,53713
27,41032	0,53713
27,31699	0,53713
27,41032	0,54201
27,31699	0,54689
27,41032	0,54689
27,27038	0,54689
27,41032	0,54689
27,31699	0,54689
27,41032	0,54689
27,31699	0,54689
27,41032	0,54689
27,31699	0,55177
27,31699	0,54689
27,31699	0,55177
27,31699	0,55666
27,36364	0,55666
27,41032	0,55177
27,31699	0,56642
27,41032	0,55666
27,31699	0,56642
27,41032	0,55666
27,31699	0,56642
27,41032	0,55666
27,31699	0,56642
27,41032	0,56154
27,31699	0,56642
27,41032	0,56642
27,31699	0,56642
27,31699	0,57131
27,31699	0,57131
27,45703	0,57131
27,31699	0,57131
27,45703	0,57131
27,31699	0,57131
27,41032	0,57131
27,31699	0,57619
27,41032	0,57619
27,31699	0,58107
27,41032	0,58596
27,31699	0,58107
27,41032	0,58596
27,31699	0,58596
27,41032	0,58596
27,31699	0,58596
27,45703	0,58596
27,31699	0,58596
27,41032	0,58596
27,36364	0,59084
27,45703	0,58596
27,36364	0,59084
27,41032	0,59084
27,31699	0,59084
27,41032	0,59572
27,36364	0,59572
27,45703	0,59572
27,36364	0,59572
27,31699	0,59572
27,36364	0,60060
27,41032	0,59572
27,31699	0,60549
27,45703	0,60060
27,31699	0,60549
27,41032	0,60060
27,41032	0,60549
27,41032	0,60549
27,36364	0,60549
27,41032	0,60549
27,36364	0,61037
27,41032	0,61037
27,31699	0,61525
27,41032	0,61037
27,31699	0,62502
27,41032	0,61525
27,31699	0,62502
27,45703	0,62502
27,31699	0,62502
27,41032	0,62502
27,36364	0,62502
27,45703	0,62502
27,36364	0,62502
27,41032	0,62502
27,41032	0,62502
27,45703	0,62502
27,36364	0,62990
27,45703	0,62502
27,31699	0,62990
27,45703	0,62502
27,31699	0,62990
27,41032	0,62990
27,31699	0,64455
27,45703	0,62990
27,36364	0,64455
27,45703	0,63478
27,31699	0,64455
27,45703	0,63478
27,41032	0,64455
27,41032	0,63967
27,36364	0,64455
27,45703	0,63967
27,36364	0,64455
27,41032	0,64455
27,36364	0,64455
27,41032	0,64943
27,36364	0,64943
27,50376	0,64943
27,36364	0,64943
27,45703	0,64943
27,36364	0,64943
27,50376	0,65432
27,31699	0,65432
27,45703	0,66408
27,41032	0,65432
27,50376	0,66408
27,41032	0,65920
27,50376	0,66408
27,41032	0,66408
27,45703	0,66408
27,41032	0,66408
27,45703	0,66408
27,45703	0,66897
27,50376	0,66408
27,41032	0,66897
27,45703	0,66897
27,41032	0,66897
27,50376	0,67385
27,45703	0,66897
27,45703	0,67385
27,41032	0,67385
27,45703	0,67385
27,41032	0,68361
27,50376	0,67385
27,36364	0,68361
27,50376	0,67873
27,36364	0,68361
27,45703	0,67873
27,36364	0,68361
27,50376	0,68361
27,45703	0,68850
27,50376	0,68361
27,31699	0,68850
27,50376	0,68850
27,45703	0,68850
27,45703	0,69338
27,41032	0,69338
27,50376	0,69338
27,36364	0,69338
27,50376	0,69826
27,36364	0,70315
27,50376	0,70315
27,41032	0,70315
27,50376	0,70315
27,41032	0,70315
27,50376	0,70315
27,36364	0,70315
27,50376	0,70803
27,36364	0,70803
27,50376	0,70803
27,41032	0,70803
27,50376	0,71291
27,41032	0,71291
27,50376	0,71291
27,45703	0,71291
27,45703	0,71291
27,45703	0,72268
27,50376	0,71291
27,41032	0,72268
27,50376	0,71780
27,36364	0,72268
27,50376	0,72268
27,45703	0,72268
27,45703	0,72268
27,45703	0,72756
27,50376	0,72756
27,45703	0,72756
27,50376	0,72756
27,41032	0,73244
27,50376	0,74221
27,45703	0,73244
27,50376	0,74221
27,45703	0,73733
27,50376	0,74221
27,41032	0,74221
27,50376	0,74221
27,36364	0,74221
27,50376	0,74221
27,41032	0,74221
27,50376	0,74709
27,45703	0,74221
27,50376	0,74709
27,45703	0,74709
27,50376	0,74709
27,45703	0,74709
27,50376	0,75198
27,45703	0,76174
27,50376	0,75198
27,45703	0,76174
27,50376	0,75686
27,45703	0,76174
27,50376	0,76174
27,45703	0,76174
27,50376	0,76174
27,45703	0,76174
27,50376	0,76662
27,45703	0,76662
27,50376	0,76662
27,45703	0,77151
27,50376	0,77151
27,45703	0,77151
27,50376	0,77151
27,45703	0,77151
27,50376	0,77151
27,45703	0,78127
27,50376	0,78127
27,45703	0,77639
27,50376	0,78127
27,45703	0,78127
27,55053	0,78127
27,45703	0,78127
27,55053	0,78616
27,45703	0,78616
27,55053	0,78616
27,45703	0,78616
27,50376	0,78616
27,45703	0,78616
27,50376	0,79104
27,45703	0,80081
27,59733	0,79592
27,45703	0,80081
27,50376	0,79592
27,45703	0,80081
27,50376	0,79592
27,45703	0,80081
27,50376	0,80081
27,45703	0,80569
27,55053	0,80569
27,45703	0,80569
27,50376	0,80569
27,45703	0,80569
27,50376	0,81057
27,45703	0,81057
27,55053	0,81057
27,45703	0,81057
27,55053	0,82034
27,45703	0,81545
27,55053	0,82034
27,45703	0,81545
27,50376	0,82034
27,45703	0,82034
27,50376	0,82034
27,50376	0,82034
27,59733	0,82522
27,45703	0,82522
27,50376	0,82522
27,45703	0,83010
27,50376	0,83010
27,45703	0,83010
27,59733	0,83010
27,45703	0,83987
27,59733	0,83499
27,50376	0,83987
27,50376	0,83499
27,45703	0,83987
27,50376	0,83499
27,45703	0,83987
27,50376	0,83987
27,50376	0,84475
27,50376	0,83987
27,50376	0,84475
27,59733	0,84475
27,45703	0,84475
27,59733	0,84964
27,45703	0,84964
27,59733	0,84964
27,50376	0,84964
27,59733	0,85452
27,50376	0,85940
27,55053	0,85452
27,55053	0,85940
27,59733	0,85940
27,50376	0,85940
27,59733	0,85940
27,50376	0,85940
27,59733	0,85940
27,50376	0,86428
27,59733	0,86428
27,50376	0,86428
27,59733	0,86917
27,50376	0,86917
27,55053	0,86917
27,50376	0,86917
27,59733	0,86917
27,50376	0,87405
27,59733	0,87405
27,50376	0,87893
27,59733	0,87405
27,45703	0,87893
27,59733	0,87893
27,50376	0,87893
27,59733	0,87893
27,50376	0,87893
27,59733	0,87893
27,55053	0,88382
27,59733	0,88382
27,50376	0,88382
27,59733	0,88382
27,50376	0,88870
27,59733	0,89846
27,50376	0,88870
27,59733	0,89846
27,55053	0,89846
27,59733	0,89846
27,50376	0,89846
27,59733	0,89846
27,50376	0,89846
27,59733	0,89846
27,55053	0,89846
27,59733	0,89846
27,50376	0,90335
27,59733	0,90335
27,55053	0,90335
27,59733	0,90823
27,55053	0,90823
27,59733	0,90823
27,55053	0,90823
27,64416	0,90823
27,50376	0,90823
27,59733	0,91311
27,55053	0,91800
27,59733	0,91311
27,55053	0,91800
27,59733	0,91311
27,55053	0,91800
27,59733	0,92288
27,55053	0,91800
27,64416	0,91800
27,55053	0,92288
27,64416	0,92288
27,55053	0,92288
27,64416	0,93753
27,55053	0,92288
27,64416	0,93753
27,55053	0,92288
27,64416	0,93753
27,50376	0,93265
27,59733	0,93753
27,50376	0,93753
27,64416	0,93753
27,55053	0,93753
27,64416	0,93753
27,55053	0,93753
27,64416	0,93753
27,59733	0,93753
27,64416	0,93753
27,55053	0,94241
27,64416	0,94241
27,55053	0,94241
27,59733	0,94241
27,55053	0,94241
27,64416	0,94241
27,55053	0,94729
27,59733	0,94729
27,55053	0,94729
27,64416	0,95218
27,55053	0,95706
27,64416	0,95218
27,59733	0,95706
27,59733	0,95706
27,55053	0,95706
27,59733	0,95706
27,55053	0,95706
27,64416	0,96194
27,55053	0,96194
27,64416	0,96194
27,59733	0,96194
27,64416	0,96194
27,59733	0,96683
27,64416	0,96683
27,59733	0,96683
27,64416	0,97659
27,59733	0,96683
27,69102	0,97659
27,59733	0,97659
27,69102	0,97659
27,59733	0,97171
27,64416	0,97659
27,64416	0,97659
27,69102	0,97659
27,64416	0,98148
27,69102	0,97659
27,59733	0,98148
27,64416	0,98148
27,59733	0,98148
27,64416	0,98636
27,59733	0,98148
27,69102	0,98636
27,55053	0,99612
27,69102	0,99124
27,59733	0,98636
27,69102	0,99124
27,55053	0,99612
27,69102	0,99124
27,55053	0,99612
27,69102	0,99612
27,59733	1,00101
27,69102	0,99612
27,59733	1,00101
27,69102	1,00101
27,59733	1,00101
27,69102	1,00101
27,64416	1,00589
27,69102	1,00589
27,64416	1,00589
27,69102	1,00589
27,64416	1,01566
27,69102	1,01077
27,55053	1,01566
27,69102	1,01566
27,64416	1,01566
27,69102	1,01566
27,64416	1,01566
27,69102	1,01566
27,64416	1,02054
27,69102	1,02054
27,64416	1,02054
27,69102	1,02054
27,64416	1,02054
27,69102	1,02542
27,64416	1,03519
27,64416	1,02542
27,64416	1,03519
27,69102	1,02542
27,64416	1,03519
27,69102	1,03030
27,64416	1,03519
27,69102	1,03519
27,64416	1,03519
27,69102	1,03519
27,64416	1,03519
27,69102	1,04007
27,64416	1,04007
27,69102	1,04495
27,64416	1,04495
27,69102	1,04007
27,64416	1,04495
27,69102	1,05472
27,64416	1,04984
27,69102	1,05472
27,64416	1,04984
27,69102	1,05472
27,64416	1,05472
27,69102	1,05472
27,64416	1,05472
27,69102	1,05472
27,64416	1,05960
27,69102	1,05960
27,64416	1,05960
27,69102	1,06449
27,64416	1,06449
27,69102	1,06449
27,64416	1,07425
27,69102	1,06937
27,64416	1,07425
27,69102	1,06937
27,64416	1,07425
27,69102	1,06937
27,64416	1,07425
27,69102	1,07425
27,69102	1,07913
27,69102	1,07913
27,64416	1,07913
27,69102	1,07913
27,64416	1,07913
27,69102	1,08402
27,69102	1,08402
27,69102	1,08402
27,64416	1,09378
27,69102	1,09378
27,69102	1,09378
27,69102	1,09378
27,69102	1,09378
27,69102	1,09378
27,69102	1,09378
27,69102	1,09378
27,64416	1,09867
27,69102	1,09378
27,64416	1,09867
27,69102	1,09378
27,69102	1,09867
27,69102	1,10355
27,69102	1,10355
27,69102	1,10843
27,69102	1,10355
27,69102	1,10355
27,69102	1,11332
27,69102	1,10843
27,64416	1,11332
27,69102	1,10843
27,64416	1,11332
27,69102	1,11332
27,69102	1,11820
27,69102	1,11332
27,69102	1,11820
27,69102	1,11820
27,69102	1,11820
27,78483	1,12308
27,69102	1,12308
27,78483	1,13285
27,69102	1,12796
27,69102	1,13285
27,69102	1,13285
27,69102	1,13285
27,69102	1,12796
27,78483	1,13285
27,69102	1,13285
27,78483	1,13285
27,69102	1,13773
27,78483	1,13285
27,69102	1,13285
27,69102	1,13773
27,69102	1,14261
27,78483	1,14261
27,69102	1,14261
27,78483	1,14261
27,69102	1,15238
27,78483	1,14750
27,69102	1,15238
27,78483	1,14750
27,64416	1,15238
27,78483	1,15238
27,69102	1,15238
27,78483	1,15238
27,69102	1,15726
27,78483	1,15238
27,69102	1,15726
27,78483	1,16214
27,69102	1,15726
27,78483	1,16214
27,69102	1,16214
27,78483	1,16214
27,69102	1,16214
27,78483	1,16214
27,69102	1,17191
27,83178	1,17191
27,69102	1,17191
27,83178	1,17191
27,73791	1,17679
27,83178	1,17191
27,69102	1,17191
27,78483	1,17191
27,78483	1,17679
27,78483	1,17679
27,69102	1,17679
27,83178	1,18168
27,73791	1,17679
27,83178	1,18168
27,69102	1,19144
27,87876	1,18168
27,69102	1,19144
27,78483	1,18656
27,73791	1,19144
27,78483	1,18656
27,69102	1,19144
27,83178	1,19144
27,69102	1,19144
27,83178	1,19144
27,73791	1,19144
27,83178	1,19633
27,69102	1,19633
27,78483	1,20121
27,78483	1,19633
27,87876	1,20121
27,69102	1,20121
27,83178	1,21097
27,83178	1,20121
27,83178	1,21097
27,69102	1,20609
27,83178	1,21097
27,78483	1,21097
27,87876	1,21097
27,73791	1,21097
27,87876	1,21586
27,78483	1,21097
27,87876	1,21097
27,78483	1,21586
27,87876	1,22074
27,83178	1,22074
27,87876	1,21586
27,83178	1,22074
27,83178	1,22074
27,83178	1,23051
27,87876	1,22074
27,78483	1,23051
27,87876	1,22562
27,83178	1,23051
27,83178	1,22562
27,83178	1,23051
27,87876	1,23051
27,83178	1,23051
27,87876	1,23051
27,78483	1,23539
27,87876	1,23539
27,83178	1,23539
27,87876	1,23539
27,83178	1,25004
27,87876	1,24027
27,83178	1,25004
27,87876	1,25004
27,78483	1,25004
27,87876	1,25004
27,83178	1,25004
27,87876	1,25004
27,83178	1,25004
27,87876	1,25004
27,83178	1,25004
27,92577	1,25004
27,83178	1,25004
27,87876	1,25492
27,83178	1,25492
27,87876	1,25980
27,83178	1,25492
27,87876	1,25980
27,83178	1,25980
27,87876	1,25980
27,83178	1,26957
27,87876	1,26469
27,83178	1,26957
27,87876	1,26469
27,83178	1,26957
27,87876	1,26469
27,83178	1,26957
27,87876	1,26957
27,83178	1,27445
27,87876	1,26957
27,83178	1,27445
27,87876	1,27934
27,83178	1,27445
27,92577	1,28910
27,87876	1,27934
27,87876	1,28910
27,83178	1,28422
27,87876	1,27934
27,83178	1,28422
27,92577	1,28910
27,83178	1,28422
27,97282	1,28910
27,87876	1,28910
27,87876	1,28910
27,83178	1,28910
27,97282	1,28910
27,87876	1,29398
27,87876	1,29398
27,83178	1,29398
27,92577	1,29398
27,83178	1,30863
27,92577	1,29887
27,87876	1,30375
27,87876	1,29887
27,87876	1,30863
27,97282	1,30375
27,87876	1,30863
27,97282	1,30375
27,83178	1,30863
27,97282	1,30863
27,83178	1,31352
27,97282	1,30863
27,87876	1,31352
27,97282	1,31840
27,87876	1,31840
27,97282	1,31840
27,92577	1,31840
27,97282	1,31840
27,87876	1,32328
27,97282	1,32328
27,87876	1,32817
27,92577	1,32817
27,92577	1,32817
27,97282	1,32817
27,87876	1,32817
28,01989	1,32817
27,92577	1,32817
27,97282	1,32817
27,87876	1,33305
27,97282	1,33305
27,92577	1,33305
27,97282	1,33793
27,87876	1,34770
27,97282	1,33793
27,87876	1,34770
27,97282	1,33793
27,87876	1,34770
27,97282	1,34770
27,92577	1,34770
27,97282	1,34281
27,92577	1,34770
27,97282	1,34770
27,92577	1,34770
27,97282	1,35258
27,92577	1,35258
27,97282	1,35258
27,92577	1,35258
27,97282	1,35746
27,87876	1,35746
28,01989	1,36723
27,92577	1,35746
27,97282	1,36723
27,92577	1,36235
27,97282	1,36723
27,92577	1,36723
27,97282	1,36723
27,92577	1,36723
28,01989	1,36723
27,92577	1,36723
28,01989	1,37211
27,92577	1,37211
27,97282	1,37211
27,92577	1,38188
28,01989	1,37700
27,92577	1,38676
28,01989	1,37700
27,92577	1,38676
28,01989	1,38188
27,92577	1,38676
28,01989	1,38188
27,92577	1,38676
28,01989	1,39164
27,92577	1,38676
28,01989	1,38676
27,92577	1,39164
28,01989	1,39164
27,92577	1,39653
28,01989	1,39653
27,97282	1,39164
28,01989	1,39653
27,97282	1,40629
28,01989	1,40629
28,01989	1,40141
28,06700	1,40629
27,92577	1,40629
28,06700	1,40629
28,01989	1,40629
28,06700	1,40629
27,92577	1,40629
28,06700	1,41118
27,97282	1,41118
28,01989	1,41118
28,01989	1,41606
28,06700	1,41606
28,01989	1,41606
28,01989	1,41606
27,97282	1,42582
28,06700	1,42094
28,01989	1,42582
28,06700	1,42094
28,01989	1,42582
28,06700	1,42094
27,97282	1,42582
28,06700	1,42582
28,01989	1,42582
28,06700	1,43071
27,97282	1,43071
28,06700	1,43071
28,01989	1,43559
28,06700	1,43559
28,01989	1,43559
28,06700	1,44536
27,97282	1,44047
28,06700	1,44536
27,97282	1,44047
28,06700	1,44536
28,01989	1,44047
28,06700	1,44536
28,01989	1,44536
28,06700	1,44536
28,01989	1,44536
28,06700	1,45024
28,01989	1,45024
28,06700	1,45024
28,01989	1,45024
28,06700	1,45512
28,01989	1,45024
28,06700	1,45512
28,01989	1,46489
28,06700	1,45512
28,01989	1,46489
28,06700	1,46489
28,01989	1,46489
28,06700	1,46489
28,06700	1,46489
28,06700	1,46489
28,01989	1,46489
28,06700	1,46489
28,01989	1,46977
28,06700	1,46977
28,01989	1,47465
28,06700	1,47465
28,01989	1,48442
28,06700	1,47465
28,01989	1,48442
28,06700	1,47465
28,01989	1,48442
28,06700	1,48442
28,01989	1,48442
28,06700	1,48442
28,01989	1,48442
28,06700	1,48442
28,06700	1,48930
28,06700	1,48442
28,01989	1,48930
28,06700	1,48930
28,06700	1,48930
28,06700	1,48930
28,06700	1,49419
28,06700	1,49419
28,06700	1,50395
28,06700	1,49419
28,06700	1,50395
28,06700	1,49907
28,06700	1,50395
28,06700	1,50395
28,06700	1,50395
28,06700	1,50395
28,06700	1,50884
28,06700	1,50884
28,06700	1,50884
28,06700	1,50884
28,06700	1,51372
28,06700	1,51372
28,06700	1,51372
28,06700	1,52348
28,06700	1,51860
28,06700	1,52348
28,06700	1,51860
28,16131	1,52348
28,06700	1,52348
28,06700	1,52348
28,06700	1,52348
28,16131	1,52837
28,06700	1,52837
28,16131	1,52837
28,06700	1,52837
28,16131	1,53325
28,06700	1,52837
28,06700	1,53325
28,06700	1,54302
28,16131	1,53325
28,06700	1,54302
28,16131	1,53813
28,06700	1,54302
28,06700	1,53813
28,06700	1,54302
28,16131	1,54790
28,11414	1,54302
28,16131	1,54790
28,06700	1,54790
28,16131	1,54302
28,11414	1,54790
28,20851	1,56255
28,11414	1,54790
28,16131	1,56255
28,06700	1,55278
28,20851	1,56255
28,11414	1,56255
28,20851	1,56255
28,06700	1,56255
28,20851	1,56255
28,11414	1,56255
28,20851	1,56255
28,11414	1,56255
28,20851	1,56743
28,11414	1,56743
28,16131	1,56743
28,06700	1,56743
28,25575	1,56743
28,11414	1,56743
28,16131	1,57231
28,11414	1,58208
28,20851	1,57231
28,11414	1,57231
28,25575	1,57720
28,20851	1,58208
28,25575	1,57720
28,06700	1,58208
28,20851	1,58208
28,16131	1,58208
28,25575	1,58208
28,11414	1,58696
28,20851	1,58696
28,20851	1,59185
28,25575	1,59185
28,16131	1,59185
28,20851	1,59185
28,20851	1,59185
28,25575	1,60161
28,20851	1,59185
28,25575	1,60161
28,16131	1,60161
28,20851	1,60161
28,16131	1,60161
28,25575	1,60161
28,16131	1,60161
28,25575	1,60649
28,20851	1,60649
28,25575	1,60161
28,11414	1,60649
28,25575	1,61138
28,16131	1,61138
28,25575	1,61138
28,16131	1,62114
28,25575	1,61626
28,20851	1,62114
28,25575	1,61626
28,20851	1,62114
28,25575	1,61626
28,16131	1,62114
28,25575	1,62114
28,20851	1,62114
28,25575	1,62114
28,20851	1,62114
28,25575	1,62603
28,20851	1,62603
28,25575	1,62603
28,20851	1,62603
28,25575	1,63091
28,20851	1,63091
28,25575	1,63091
28,20851	1,63091
28,25575	1,63091
28,20851	1,64068
28,25575	1,63579
28,20851	1,64068
28,25575	1,64068
28,20851	1,64068
28,25575	1,64068
28,20851	1,64556
28,25575	1,64556
28,20851	1,64556
28,25575	1,65044
28,20851	1,64556
28,25575	1,65044
28,20851	1,65044
28,30301	1,65044
28,20851	1,66021
28,30301	1,65532
28,20851	1,66021
28,25575	1,65532
28,20851	1,66021
28,30301	1,66021
28,20851	1,66509
28,30301	1,66021
28,20851	1,66509
28,35031	1,66997
28,25575	1,66509
28,25575	1,66509
28,20851	1,66997
28,35031	1,67974
28,20851	1,67486
28,35031	1,67974
28,20851	1,67486
28,30301	1,67974
28,25575	1,67974
28,30301	1,67974
28,25575	1,67974
28,35031	1,67974
28,25575	1,68462
28,35031	1,68462
28,25575	1,68462
28,35031	1,68950
28,25575	1,68462
28,35031	1,68950
28,30301	1,68462
28,35031	1,68950
28,25575	1,69927
28,35031	1,69439
28,25575	1,69927
28,35031	1,69439
28,20851	1,69927
28,35031	1,69927
28,25575	1,69927
28,35031	1,69927
28,30301	1,70415
28,35031	1,70415
28,30301	1,70415
28,35031	1,70904
28,25575	1,70415
28,35031	1,70904
28,30301	1,71392
28,35031	1,71880
28,30301	1,71880
28,35031	1,71880
28,30301	1,71392
28,35031	1,71880
28,30301	1,71880
28,35031	1,71880
28,30301	1,72369
28,35031	1,72369
28,30301	1,72369
28,35031	1,72369
28,30301	1,72369
28,35031	1,72857
28,30301	1,72857
28,35031	1,72857
28,30301	1,73833
28,35031	1,72857
28,30301	1,73833
28,39765	1,73833
28,30301	1,73833
28,39765	1,73833
28,35031	1,73833
28,35031	1,73345
28,30301	1,74322
28,39765	1,73833
28,30301	1,74322
28,39765	1,74322
28,30301	1,74322
28,39765	1,74810
28,35031	1,74810
28,39765	1,75787
28,30301	1,74810
28,39765	1,75787
28,35031	1,75787
28,35031	1,75787
28,30301	1,75787
28,39765	1,75787
28,30301	1,75787
28,39765	1,75787
28,35031	1,76275
28,44501	1,76275
28,35031	1,76275
28,35031	1,76275
28,35031	1,76763
28,39765	1,76763
28,35031	1,77740
28,39765	1,76763
28,39765	1,76763
28,44501	1,76763
28,35031	1,77740
28,44501	1,77252
28,35031	1,77740
28,44501	1,77252
28,35031	1,77740
28,44501	1,77740
28,39765	1,77740
28,44501	1,77740
28,35031	1,78228
28,44501	1,78228
28,39765	1,78228
28,44501	1,78716
28,39765	1,78716
28,44501	1,78228
28,39765	1,79205
28,44501	1,79205
28,39765	1,79693
28,44501	1,79693
28,39765	1,79693
28,44501	1,79693
28,39765	1,79693
28,44501	1,79693
28,39765	1,79693
28,44501	1,80181
28,39765	1,80181
28,44501	1,80670
28,39765	1,80670
28,44501	1,80670
28,39765	1,80670
28,44501	1,80670
28,39765	1,81646
28,44501	1,81158
28,39765	1,81646
28,44501	1,81158
28,39765	1,81646
28,44501	1,81646
28,39765	1,81646
28,44501	1,81646
28,44501	1,82134
28,44501	1,81646
28,39765	1,82134
28,44501	1,82134
28,39765	1,82623
28,44501	1,83599
28,39765	1,82623
28,44501	1,83599
28,39765	1,83599
28,44501	1,83599
28,44501	1,83599
28,44501	1,83599
28,44501	1,83599
28,44501	1,83599
28,39765	1,83599
28,44501	1,83599
28,39765	1,84088
28,44501	1,84088
28,44501	1,84088
28,44501	1,84576
28,44501	1,84576
28,44501	1,84576
28,39765	1,85553
28,44501	1,85064
28,44501	1,85553
28,44501	1,85064
28,44501	1,85553
28,44501	1,85553
28,49241	1,85553
28,44501	1,85553
28,44501	1,85553
28,44501	1,85553
28,44501	1,86041
28,44501	1,86041
28,39765	1,87506
28,44501	1,87506
28,49241	1,87506
28,44501	1,86529
28,49241	1,87506
28,44501	1,87506
28,49241	1,87506
28,44501	1,87506
28,49241	1,87506
28,53984	1,87506
28,49241	1,87506
28,53984	1,87506
28,49241	1,87994
28,53984	1,87506
28,49241	1,87994
28,44501	1,88482
28,49241	1,88482
28,53984	1,88482
28,49241	1,89459
28,53984	1,88971
28,49241	1,89459
28,44501	1,88971
28,49241	1,89459
28,58730	1,89459
28,53984	1,89459
28,58730	1,89459
28,49241	1,89459
28,58730	1,89459
28,49241	1,89459
28,44501	1,89947
28,49241	1,89947
28,44501	1,90435
28,49241	1,90435
28,58730	1,91412
28,49241	1,90435
28,53984	1,91412
28,49241	1,91412
28,63480	1,91412
28,49241	1,91412
28,63480	1,91412
28,53984	1,91412
28,58730	1,91412
28,49241	1,91900
28,63480	1,91900
28,53984	1,91900
28,63480	1,91900
28,49241	1,91900
28,63480	1,92389
28,53984	1,92389
28,63480	1,92389
28,53984	1,92389
28,63480	1,92877
28,53984	1,93365
28,58730	1,92877
28,53984	1,93365
28,63480	1,93365
28,53984	1,93365
28,63480	1,93365
28,53984	1,93365
28,63480	1,93854
28,58730	1,93854
28,63480	1,94342
28,58730	1,93854
28,63480	1,93854
28,53984	1,94342
28,63480	1,94342
28,58730	1,95318
28,63480	1,95318
28,58730	1,95318
28,63480	1,95318
28,58730	1,95318
28,63480	1,95318
28,58730	1,95318
28,63480	1,95318
28,58730	1,95807
28,63480	1,95807
28,58730	1,95807
28,63480	1,96295
28,58730	1,96295
28,68233	1,96295
28,58730	1,97272
28,63480	1,96295
28,58730	1,97272
28,63480	1,97272
28,58730	1,97272
28,63480	1,97272
28,58730	1,97272
28,63480	1,97272
28,58730	1,97272
28,63480	1,97760
28,58730	1,97760
28,68233	1,97760
28,58730	1,98248
28,68233	1,99225
28,58730	1,98248
28,68233	1,98248
28,58730	1,98248
28,72989	1,99225
28,58730	1,99225
28,68233	1,99225
28,58730	1,98737
28,68233	1,99225
28,58730	1,99225
28,63480	1,99225
28,58730	1,99713
28,68233	1,99225
28,58730	1,99713
28,72989	2,00201
28,58730	2,00201
28,68233	2,00201
28,58730	2,01178
28,72989	2,00201
28,63480	2,01178
28,63480	2,00201
28,58730	2,01178
28,72989	2,01178
28,63480	2,01178
28,72989	2,01178
28,63480	2,01178
28,72989	2,01178
28,68233	2,01178
28,68233	2,01178
28,63480	2,01666
28,68233	2,02155
28,68233	2,02155
28,72989	2,02155
28,68233	2,02155
28,72989	2,03131
28,63480	2,03131
28,72989	2,03131
28,63480	2,03131
28,72989	2,03131
28,68233	2,03131
28,72989	2,03131
28,68233	2,03619
28,72989	2,03619
28,63480	2,03619
28,72989	2,04108
28,68233	2,04108
28,72989	2,04108
28,63480	2,04108
28,72989	2,04108
28,63480	2,05084
28,72989	2,04108
28,68233	2,05084
28,72989	2,04596
28,68233	2,05084
28,77748	2,05084
28,63480	2,05084
28,72989	2,05084
28,68233	2,05573
28,72989	2,05573
28,68233	2,05573
28,72989	2,05573
28,72989	2,06061
28,77748	2,07038
28,68233	2,06061
28,77748	2,07038
28,68233	2,07038
28,72989	2,07038
28,68233	2,06549
28,77748	2,07038
28,72989	2,07038
28,77748	2,07038
28,72989	2,07038
28,82511	2,07038
28,72989	2,07526
28,77748	2,08014
28,68233	2,07526
28,77748	2,08014
28,68233	2,08991
28,77748	2,08014
28,68233	2,08991
28,82511	2,08014
28,72989	2,08991
28,77748	2,08502
28,72989	2,08991
28,77748	2,08991
28,72989	2,08991
28,82511	2,08991
28,77748	2,09479
28,82511	2,09479
28,72989	2,09479
28,82511	2,09967
28,72989	2,09967
28,82511	2,09967
28,72989	2,10456
28,82511	2,09967
28,77748	2,10944
28,82511	2,10944
28,72989	2,10944
28,77748	2,10944
28,72989	2,10944
28,82511	2,10944
28,77748	2,11432
28,82511	2,10944
28,77748	2,11432
28,82511	2,11432
28,72989	2,11432
28,82511	2,11921
28,77748	2,11921
28,82511	2,11921
28,72989	2,12409
28,82511	2,12409
28,77748	2,12897
28,82511	2,12409
28,77748	2,12897
28,82511	2,12897
28,77748	2,12897
28,82511	2,12897
28,77748	2,13385
28,82511	2,13385
28,77748	2,13385
28,82511	2,13385
28,77748	2,13385
28,82511	2,13874
28,77748	2,13874
28,82511	2,14850
28,77748	2,14362
28,82511	2,14850
28,77748	2,14362
28,82511	2,14850
28,82511	2,14850
28,82511	2,14850
28,82511	2,14850
28,82511	2,14850
28,82511	2,15339
28,82511	2,15827
28,77748	2,15339
28,82511	2,15827
28,77748	2,15827
28,82511	2,15827
28,82511	2,15827
28,82511	2,15827
28,82511	2,16803
28,82511	2,15827
28,82511	2,16803
28,82511	2,16315
28,77748	2,16803
28,82511	2,16803
28,82511	2,16803
28,82511	2,16803
28,77748	2,17292
28,82511	2,17292
28,77748	2,17292
28,82511	2,18757
28,77748	2,17780
28,82511	2,18757
28,82511	2,18757
28,82511	2,18757
28,82511	2,18757
28,82511	2,18757
28,82511	2,18757
28,82511	2,18757
28,82511	2,18757
28,82511	2,18757
28,82511	2,18757
28,82511	2,18757
28,82511	2,19245
28,92048	2,18757
28,82511	2,19245
28,92048	2,19733
28,87278	2,19733
28,92048	2,19733
28,82511	2,20710
28,92048	2,20222
28,82511	2,20710
28,96821	2,20222
28,87278	2,20710
28,92048	2,20710
28,82511	2,20710
28,92048	2,20710
28,87278	2,21198
28,92048	2,21198
28,82511	2,21198
28,92048	2,21198
28,87278	2,21198
28,92048	2,21686
28,87278	2,21686
28,92048	2,22663
28,87278	2,21686
28,92048	2,21686
28,92048	2,22663
28,96821	2,22663
28,92048	2,22175
28,96821	2,22663
28,82511	2,22663
28,92048	2,22663
28,87278	2,23151
28,96821	2,23640
28,87278	2,23151
28,96821	2,23640
28,87278	2,23640
28,96821	2,23151
28,92048	2,23640
28,96821	2,24128
28,87278	2,24616
28,96821	2,24128
28,92048	2,24616
29,01597	2,24128
28,92048	2,24616
29,01597	2,24128
28,96821	2,25105
28,96821	2,24616
28,87278	2,25105
29,01597	2,25105
28,92048	2,25593
29,01597	2,25593
28,92048	2,25593
28,96821	2,25593
28,96821	2,26569
29,01597	2,26081
28,96821	2,26569
29,01597	2,26569
28,92048	2,26569
29,01597	2,26569
28,92048	2,26569
29,01597	2,26569
28,92048	2,27058
29,01597	2,27058
28,92048	2,27058
29,01597	2,27546
28,96821	2,27546
29,01597	2,27546
28,96821	2,28523
29,01597	2,27546
28,96821	2,28523
29,01597	2,28523
28,96821	2,28523
29,01597	2,28523
28,96821	2,29011
29,01597	2,28523
28,96821	2,29011
29,01597	2,29011
28,96821	2,29011
29,01597	2,29011
28,96821	2,29499
29,01597	2,30476
28,96821	2,29499
29,01597	2,30476
28,96821	2,29987
29,01597	2,30476
28,96821	2,29987
29,01597	2,30476
28,96821	2,30476
29,01597	2,30476
28,96821	2,30476
29,11161	2,30964
28,96821	2,30964
29,01597	2,30964
28,96821	2,31452
29,11161	2,31452
28,96821	2,31452
29,11161	2,31452
29,01597	2,32429
29,06377	2,31941
29,01597	2,32429
29,11161	2,31941
29,01597	2,32429
29,11161	2,32429
29,06377	2,32429
29,11161	2,32429
29,01597	2,32917
29,11161	2,32917
29,01597	2,32917
29,06377	2,32917
29,01597	2,33406
29,11161	2,32917
29,01597	2,33406
29,06377	2,33406
29,01597	2,34382
29,11161	2,34382
29,06377	2,34382
29,06377	2,34382
29,01597	2,34382
29,06377	2,34382
28,96821	2,34382
29,11161	2,34382
29,01597	2,34870
29,11161	2,34870
29,01597	2,34870
29,15948	2,35359
29,06377	2,35359
29,11161	2,35847
29,06377	2,36335
29,11161	2,35847
29,06377	2,36335
29,11161	2,36335
29,06377	2,36335
29,15948	2,36335
29,01597	2,36824
29,11161	2,36335
29,06377	2,36824
29,11161	2,37312
29,06377	2,36824
29,11161	2,38289
29,06377	2,37312
29,11161	2,38289
29,06377	2,37800
29,11161	2,38289
29,06377	2,37800
29,11161	2,38289
29,06377	2,38289
29,11161	2,38289
29,06377	2,38289
29,15948	2,38289
29,06377	2,38777
29,11161	2,38777
29,06377	2,38777
29,11161	2,38777
29,06377	2,39265
29,15948	2,39265
29,11161	2,39265
29,15948	2,39265
29,11161	2,40242
29,15948	2,39753
29,11161	2,40242
29,15948	2,40242
29,06377	2,40242
29,15948	2,40242
29,11161	2,40242
29,20738	2,40242
29,11161	2,40242
29,15948	2,41218
29,11161	2,40730
29,20738	2,41218
29,11161	2,41218
29,20738	2,41218
29,11161	2,42195
29,20738	2,41707
29,15948	2,42195
29,20738	2,42195
29,11161	2,42195
29,20738	2,42195
29,15948	2,42195
29,20738	2,42195
29,15948	2,42195
29,20738	2,42683
29,11161	2,42683
29,20738	2,42683
29,15948	2,43171
29,20738	2,43171
29,15948	2,44148
29,20738	2,43171
29,15948	2,44148
29,20738	2,43660
29,15948	2,44148
29,20738	2,43660
29,15948	2,44148
29,20738	2,44148
29,15948	2,44636
29,20738	2,44148
29,15948	2,44636
29,20738	2,44148
29,15948	2,44636
29,20738	2,45125
29,15948	2,45125
29,20738	2,45125
29,15948	2,45613
29,20738	2,46101
29,15948	2,45613
29,20738	2,46101
29,15948	2,46101
29,20738	2,46101
29,15948	2,46101
29,20738	2,46101
29,15948	2,46590
29,20738	2,46590
29,20738	2,46590
29,20738	2,46590
29,15948	2,46590
29,20738	2,47078
29,15948	2,48054
29,20738	2,47078
29,20738	2,48054
29,20738	2,47566
29,20738	2,48054
29,20738	2,47566
29,20738	2,48054
29,20738	2,48054
29,20738	2,48543
29,20738	2,48543
29,20738	2,48543
29,20738	2,48543
29,20738	2,50008
29,20738	2,49031
29,20738	2,50008
29,20738	2,50008
29,20738	2,50008
29,20738	2,50008
29,20738	2,50008
29,20738	2,50008
29,20738	2,50008
29,20738	2,50008
29,25532	2,50008
29,20738	2,50008
29,25532	2,50008
29,20738	2,50496
29,25532	2,50496
29,20738	2,50496
29,25532	2,50496
29,20738	2,50984
29,20738	2,50984
29,20738	2,50984
29,25532	2,51961
29,30329	2,51473
29,25532	2,51961
29,30329	2,51473
29,25532	2,51961
29,20738	2,51961
29,25532	2,52449
29,20738	2,52937
29,25532	2,52449
29,30329	2,52449
29,25532	2,52449
29,30329	2,52937
29,30329	2,52937
29,20738	2,53914
29,25532	2,53426
29,35130	2,53914
29,25532	2,53914
29,30329	2,53914
29,30329	2,53426
29,35130	2,53914
29,30329	2,54402
29,35130	2,53914
29,25532	2,54402
29,35130	2,53914
29,25532	2,54402
29,39935	2,54402
29,25532	2,54891
29,35130	2,54891
29,25532	2,55867
29,35130	2,54891
29,30329	2,55867
29,20738	2,55379
29,30329	2,55867
29,35130	2,55867
29,30329	2,55867
29,35130	2,55867
29,35130	2,55867
29,35130	2,55867
29,25532	2,56355
29,39935	2,56355
29,30329	2,56844
29,39935	2,56844
29,30329	2,56844
29,39935	2,56844
29,30329	2,57820
29,39935	2,57820
29,30329	2,57820
29,39935	2,57820
29,35130	2,57820
29,39935	2,57820
29,35130	2,57820
29,39935	2,57820
29,35130	2,58309
29,39935	2,58309
29,35130	2,58309
29,39935	2,58797
29,35130	2,58309
29,39935	2,58797
29,35130	2,59774
29,39935	2,58797
29,35130	2,59774
29,39935	2,59285
29,35130	2,59774
29,44743	2,59774
29,35130	2,59774
29,39935	2,59774
29,35130	2,60262
29,39935	2,60262
29,35130	2,60750
29,39935	2,60750
29,35130	2,60262
29,44743	2,61727
29,35130	2,61727
29,39935	2,61727
29,39935	2,61238
29,39935	2,61727
29,39935	2,61727
29,49554	2,61727
29,35130	2,61727
29,39935	2,61727
29,35130	2,61727
29,39935	2,62215
29,35130	2,62215
29,49554	2,62215
29,39935	2,62215
29,39935	2,62215
29,35130	2,63680
29,49554	2,62703
29,39935	2,63680
29,44743	2,63192
29,35130	2,63680
29,49554	2,63192
29,39935	2,63680
29,49554	2,63680
29,39935	2,64168
29,49554	2,63680
29,44743	2,64168
29,49554	2,64168
29,44743	2,64168
29,49554	2,64168
29,39935	2,64657
29,49554	2,64657
29,35130	2,64657
29,49554	2,65633
29,39935	2,65633
29,49554	2,65633
29,44743	2,65633
29,49554	2,65633
29,39935	2,65633
29,49554	2,65633
29,39935	2,66121
29,49554	2,66121
29,44743	2,66121
29,54369	2,66610
29,39935	2,66610
29,49554	2,66610
29,44743	2,66610
29,49554	2,66610
29,39935	2,67586
29,49554	2,67098
29,44743	2,67586
29,54369	2,67586
29,44743	2,67586
29,54369	2,67586
29,44743	2,67586
29,54369	2,68075
29,49554	2,68563
29,49554	2,68563
29,44743	2,68563
29,59188	2,68563
29,44743	2,68075
29,54369	2,69539
29,44743	2,68563
29,54369	2,69539
29,44743	2,69539
29,54369	2,69539
29,44743	2,69539
29,49554	2,69539
29,44743	2,69539
29,49554	2,70028
29,44743	2,70028
29,54369	2,70028
29,44743	2,70028
29,59188	2,70028
29,44743	2,70516
29,59188	2,70516
29,49554	2,71493
29,59188	2,71004
29,49554	2,71493
29,54369	2,71004
29,54369	2,71493
29,54369	2,71493
29,44743	2,71493
29,59188	2,71493
29,49554	2,71493
29,59188	2,71981
29,44743	2,71981
29,59188	2,72469
29,54369	2,72469
29,59188	2,72469
29,49554	2,72469
29,59188	2,72469
29,54369	2,73446
29,59188	2,72958
29,54369	2,73446
29,59188	2,72958
29,54369	2,73446
29,59188	2,73446
29,54369	2,73446
29,59188	2,73934
29,49554	2,73934
29,59188	2,74422
29,54369	2,73934
29,59188	2,74422
29,54369	2,74422
29,59188	2,74422
29,54369	2,75399
29,59188	2,74911
29,54369	2,75399
29,59188	2,74911
29,54369	2,75399
29,59188	2,75399
29,54369	2,75399
29,59188	2,75399
29,54369	2,75887
29,59188	2,75887
29,54369	2,75887
29,59188	2,75887
29,59188	2,76376
29,59188	2,76376
29,54369	2,76376
29,59188	2,77352
29,59188	2,76376
29,59188	2,77352
29,59188	2,77352
29,59188	2,77352
29,59188	2,77841
29,59188	2,77352
29,59188	2,77352
29,59188	2,77352
29,54369	2,77352
29,59188	2,77841
29,59188	2,77841
29,68836	2,78329
29,54369	2,77841
29,59188	2,78329
29,59188	2,79305
29,59188	2,78817
29,59188	2,79305
29,68836	2,78817
29,59188	2,79305
29,59188	2,78817
29,59188	2,79794
29,68836	2,79794
29,54369	2,79305
29,59188	2,79794
29,59188	2,79794
29,68836	2,81259
29,59188	2,80282
29,59188	2,81259
29,59188	2,81259
29,59188	2,81259
29,59188	2,81259
29,68836	2,81259
29,59188	2,81259
29,68836	2,81259
29,59188	2,81259
29,59188	2,81259
29,59188	2,81747
29,68836	2,81747
29,59188	2,81747
29,68836	2,81747
29,59188	2,81747
29,73666	2,82235
29,59188	2,82235
29,73666	2,82235
29,64011	2,83212
29,73666	2,82235
29,59188	2,83212
29,68836	2,82723
29,64011	2,83212
29,73666	2,83212
29,68836	2,83212
29,73666	2,83212
29,59188	2,83212
29,68836	2,84188
29,64011	2,84188
29,78499	2,84188
29,68836	2,84188
29,73666	2,85165
29,73666	2,84677
29,73666	2,85165
29,68836	2,84677
29,78499	2,85165
29,64011	2,85165
29,78499	2,85165
29,68836	2,85165
29,73666	2,85165
29,64011	2,85653
29,73666	2,85653
29,68836	2,86142
29,78499	2,86142
29,68836	2,86142
29,78499	2,86630
29,73666	2,87118
29,73666	2,86142
29,68836	2,87118
29,78499	2,86630
29,73666	2,87118
29,78499	2,87118
29,73666	2,87118
29,78499	2,87118
29,68836	2,87606
29,78499	2,87606
29,73666	2,87606
29,78499	2,88095
29,73666	2,88095
29,78499	2,88095
29,73666	2,88095
29,78499	2,89071
29,73666	2,88583
29,78499	2,88583
29,73666	2,89071
29,78499	2,89071
29,73666	2,89071
29,78499	2,89071
29,73666	2,89560
29,78499	2,89560
29,73666	2,89560
29,78499	2,90048
29,78499	2,90048
29,83336	2,90048
29,73666	2,91025
29,78499	2,90048
29,73666	2,91025
29,83336	2,91025
29,78499	2,91025
29,83336	2,91025
29,73666	2,91025
29,78499	2,91025
29,73666	2,91025
29,78499	2,92001
29,78499	2,92001
29,83336	2,92001
29,78499	2,92001
29,78499	2,92978
29,73666	2,92001
29,83336	2,92978
29,78499	2,92489
29,78499	2,92978
29,78499	2,92978
29,88177	2,92978
29,73666	2,92978
29,88177	2,92978
29,78499	2,93466
29,88177	2,93466
29,78499	2,93466
29,88177	2,93466
29,83336	2,93466
29,88177	2,93954
29,78499	2,94931
29,88177	2,94443
29,78499	2,94931
29,88177	2,94443
29,83336	2,94931
29,88177	2,94443
29,78499	2,94931
29,88177	2,94931
29,83336	2,95419
29,88177	2,95419
29,83336	2,95419
29,88177	2,95419
29,83336	2,95907
29,88177	2,96884
29,78499	2,96396
29,93021	2,95907
29,83336	2,96396
29,88177	2,96884
29,78499	2,96884
29,88177	2,96884
29,83336	2,96884
29,93021	2,96884
29,83336	2,96884
29,93021	2,96884
29,83336	2,97372
29,88177	2,96884
29,83336	2,97372
29,88177	2,97861
29,83336	2,97861
29,97869	2,97861
29,83336	2,97861
29,93021	2,98349
29,83336	2,98837
29,93021	2,98837
29,83336	2,98837
29,88177	2,98837
29,83336	2,98837
29,93021	2,98837
29,83336	2,99326
29,93021	2,99326
29,83336	2,99326
29,97869	2,99814
29,83336	2,99814
29,97869	2,99814
29,83336	2,99814
29,93021	3,00790
29,88177	3,00302
29,93021	3,00790
29,88177	3,00302
29,97869	3,00790
29,88177	3,00790
29,93021	3,00790
29,93021	3,01279
29,97869	3,00790
29,88177	3,01279
29,97869	3,01279
29,93021	3,01279
29,97869	3,01767
29,93021	3,01767
29,97869	3,01767
29,93021	3,02744
29,97869	3,02255
29,93021	3,02744
29,97869	3,02744
29,88177	3,02744
29,97869	3,02744
29,93021	3,02744
29,97869	3,03232
29,93021	3,03232
29,97869	3,03232
29,93021	3,03232
29,97869	3,03232
29,93021	3,04697
29,97869	3,03720
29,93021	3,04209
29,97869	3,03720
29,93021	3,04697
29,97869	3,04697
29,93021	3,04697
29,97869	3,04697
29,97869	3,04697
29,97869	3,05185
29,93021	3,04697
29,97869	3,05185
29,93021	3,05185
29,97869	3,05673
29,93021	3,05185
29,97869	3,05673
29,93021	3,05185
29,97869	3,05673
29,93021	3,06650
29,97869	3,06162
29,93021	3,06650
29,97869	3,06162
29,97869	3,06650
29,97869	3,06650
29,97869	3,07138
29,97869	3,07138
29,97869	3,07138
29,97869	3,07627
29,97869	3,07627
29,97869	3,08603
30,02720	3,07627
29,97869	3,08603
29,97869	3,08115
29,97869	3,08603
30,02720	3,08115
29,97869	3,08603
29,97869	3,08603
29,97869	3,08603
30,02720	3,08603
30,07576	3,09091
30,02720	3,09091
29,97869	3,09091
29,97869	3,09580
29,97869	3,09580
29,93021	3,10556
29,97869	3,09580
30,02720	3,10556
29,97869	3,10068
30,02720	3,10556
30,07576	3,10068
30,02720	3,10556
29,97869	3,10556
30,02720	3,10556
29,97869	3,10556
30,02720	3,11045
30,07576	3,11533
30,02720	3,11045
30,07576	3,11533
30,02720	3,12510
30,12435	3,12510
30,02720	3,12510
29,97869	3,12510
30,07576	3,12510
30,12435	3,12510
30,02720	3,12510
30,07576	3,12510
30,02720	3,12510
30,07576	3,12510
30,02720	3,12998
30,12435	3,12998
30,02720	3,12998
29,97869	3,13486
30,07576	3,14463
30,12435	3,13486
30,07576	3,13486
30,12435	3,13974
30,02720	3,14463
30,12435	3,13974
30,07576	3,14463
30,12435	3,13974
30,07576	3,14463
30,17298	3,14463
30,12435	3,14951
30,17298	3,14951
30,07576	3,14951
30,12435	3,15439
30,02720	3,15439
30,17298	3,15439
30,12435	3,15439
30,17298	3,15439
30,07576	3,15928
30,17298	3,16416
30,12435	3,16416
30,17298	3,16416
30,12435	3,16416
30,17298	3,16416
30,12435	3,16904
30,17298	3,16416
30,12435	3,16904
30,17298	3,16904
30,12435	3,16904
30,17298	3,17392
30,07576	3,17392
30,17298	3,17392
30,12435	3,18369
30,17298	3,17881
30,12435	3,18369
30,17298	3,18369
30,12435	3,18369
30,17298	3,18369
30,12435	3,18369
30,17298	3,18369
30,12435	3,18369
30,17298	3,18369
30,12435	3,18857
30,22164	3,18857
30,12435	3,19346
30,22164	3,19346
30,17298	3,19346
30,17298	3,19834
30,12435	3,19834
30,22164	3,20322
30,12435	3,20322
30,22164	3,20322
30,12435	3,20322
30,22164	3,20322
30,17298	3,20322
30,27035	3,21299
30,12435	3,20811
30,22164	3,20811
30,12435	3,22275
30,27035	3,21299
30,17298	3,21299
30,17298	3,21787
30,12435	3,22275
30,27035	3,21787
30,17298	3,22275
30,17298	3,22275
30,17298	3,22275
30,27035	3,22275
30,22164	3,22275
30,27035	3,22764
30,17298	3,22764
30,27035	3,22764
30,17298	3,23252
30,27035	3,23252
30,22164	3,23252
30,27035	3,24229
30,17298	3,23740
30,31909	3,24229
30,17298	3,24229
30,27035	3,24229
30,22164	3,24229
30,27035	3,24229
30,17298	3,24717
30,27035	3,24717
30,17298	3,24717
30,27035	3,25205
30,22164	3,25205
30,31909	3,25205
30,22164	3,26182
30,27035	3,25205
30,22164	3,26182
30,27035	3,25694
30,22164	3,26182
30,27035	3,26182
30,22164	3,26182
30,27035	3,26182
30,22164	3,26182
30,31909	3,26670
30,22164	3,26670
30,31909	3,27158
30,22164	3,27158
30,31909	3,27158
30,22164	3,27158
30,31909	3,28135
30,22164	3,27647
30,31909	3,28135
30,27035	3,28135
30,36787	3,28135
30,27035	3,28135
30,36787	3,28135
30,27035	3,28623
30,36787	3,28135
30,27035	3,28623
30,31909	3,28623
30,31909	3,29112
30,36787	3,29112
30,22164	3,30088
30,36787	3,29112
30,31909	3,30088
30,36787	3,29112
30,27035	3,30088
30,36787	3,29600
30,31909	3,30088
30,36787	3,30088
30,27035	3,30576
30,36787	3,30088
30,27035	3,30576
30,36787	3,30576
30,31909	3,31065
30,31909	3,31065
30,31909	3,31065
30,36787	3,31065
30,31909	3,31553
30,36787	3,32041
30,31909	3,32041
30,36787	3,32041
30,31909	3,32041
30,36787	3,32041
30,31909	3,32530
30,36787	3,32041
30,31909	3,32530
30,36787	3,32530
30,27035	3,33995
30,36787	3,33018
30,31909	3,32530
30,36787	3,33506
30,31909	3,33995
30,36787	3,33506
30,31909	3,33995
30,36787	3,33506
30,31909	3,33995
30,36787	3,33995
30,31909	3,33995
30,36787	3,34483
30,31909	3,34483
30,36787	3,34483
30,36787	3,34483
30,36787	3,34483
30,36787	3,34971
30,46555	3,34971
30,36787	3,34971
30,36787	3,34971
30,36787	3,35948
30,36787	3,35948
30,36787	3,35948
30,36787	3,35948
30,36787	3,35948
30,46555	3,35948
30,31909	3,36436
30,36787	3,36436
30,36787	3,36436
30,36787	3,36924
30,36787	3,36924
30,36787	3,36924
30,36787	3,37901
30,36787	3,37413
30,36787	3,37901
30,41669	3,36924
30,36787	3,37901
30,46555	3,37901
30,36787	3,38389
30,46555	3,38389
30,36787	3,38389
30,46555	3,38389
30,36787	3,38389
30,46555	3,38878
30,36787	3,38389
30,51445	3,39854
30,36787	3,38878
30,46555	3,39854
30,41669	3,39366
30,51445	3,39854
30,36787	3,39366
30,46555	3,39854
30,41669	3,39854
30,46555	3,39854
30,41669	3,39854
30,51445	3,39854
30,41669	3,40342
30,51445	3,40342
30,36787	3,40342
30,56338	3,40831
30,41669	3,40831
30,51445	3,40831
30,41669	3,41807
30,51445	3,41319
30,46555	3,41807
30,51445	3,41807
30,46555	3,41807
30,51445	3,41807
30,46555	3,42296
30,46555	3,42296
30,46555	3,42296
30,56338	3,42784
30,51445	3,42296
30,51445	3,43760
30,51445	3,42784
30,56338	3,43760
30,51445	3,43760
30,51445	3,43760
30,46555	3,43760
30,56338	3,43760
30,46555	3,43760
30,56338	3,43760
30,51445	3,44249
30,56338	3,43760
30,51445	3,44249
30,56338	3,44737
30,51445	3,44249
30,56338	3,44249
30,51445	3,45714
30,56338	3,44737
30,51445	3,45714
30,56338	3,45225
30,51445	3,45714
30,56338	3,45714
30,51445	3,45714
30,56338	3,45225
30,51445	3,45714
30,56338	3,45714
30,51445	3,46690
30,61236	3,46202
30,51445	3,46690
30,56338	3,46690
30,56338	3,46690
30,56338	3,47667
30,51445	3,47179
30,61236	3,47667
30,51445	3,47667
30,56338	3,47667
30,51445	3,47667
30,56338	3,47667
30,51445	3,48155
30,61236	3,48155
30,51445	3,48155
30,61236	3,48155
30,56338	3,48155
30,66137	3,48643
30,51445	3,48155
30,61236	3,48643
30,56338	3,49620
30,66137	3,49132
30,51445	3,49620
30,61236	3,49132
30,51445	3,49620
30,66137	3,49620
30,56338	3,49620
30,66137	3,50597
30,56338	3,50108
30,61236	3,50597
30,56338	3,50597
30,66137	3,50597
30,56338	3,50597
30,66137	3,50597
30,56338	3,51573
30,66137	3,51085
30,61236	3,51573
30,66137	3,51573
30,61236	3,51573
30,66137	3,51573
30,61236	3,51573
30,66137	3,51573
30,61236	3,52062
30,71042	3,52062
30,56338	3,52062
30,66137	3,52062
30,56338	3,52550
30,66137	3,52550
30,61236	3,53526
30,71042	3,52550
30,61236	3,53526
30,71042	3,53526
30,61236	3,53526
30,66137	3,53526
30,61236	3,54015
30,71042	3,53526
30,56338	3,53526
30,66137	3,54015
30,61236	3,54015
30,71042	3,54015
30,61236	3,54015
30,71042	3,54503
30,61236	3,54991
30,66137	3,55480
30,66137	3,54991
30,66137	3,55480
30,61236	3,55480
30,75951	3,55480
30,61236	3,55480
30,71042	3,55480
30,66137	3,55968
30,71042	3,55968
30,61236	3,55968
30,75951	3,55968
30,61236	3,57433
30,75951	3,56456
30,61236	3,57433
30,75951	3,56944
30,66137	3,57433
30,71042	3,56944
30,71042	3,57433
30,71042	3,56944
30,71042	3,57433
30,75951	3,57433
30,71042	3,57921
30,75951	3,57921
30,71042	3,57921
30,71042	3,58409
30,71042	3,57921
30,75951	3,58409
30,71042	3,58409
30,75951	3,59386
30,71042	3,58898
30,75951	3,59386
30,71042	3,59386
30,75951	3,59386
30,71042	3,59386
30,75951	3,59386
30,71042	3,59386
30,75951	3,59874
30,71042	3,59874
30,75951	3,59874
30,71042	3,59874
30,75951	3,59874
30,71042	3,60363
30,75951	3,60363
30,71042	3,61339
30,75951	3,60851
30,75951	3,61339
30,75951	3,61339
30,71042	3,61339
30,75951	3,61339
30,71042	3,61827
30,75951	3,61339
30,75951	3,61827
30,75951	3,61827
30,75951	3,61827
30,75951	3,63292
30,71042	3,62316
30,75951	3,63292
30,75951	3,63292
30,75951	3,63292
30,75951	3,63292
30,75951	3,63292
30,71042	3,63292
30,75951	3,63292
30,75951	3,63292
30,75951	3,63292
30,75951	3,63292
30,75951	3,63781
30,75951	3,63781
30,75951	3,63781
30,75951	3,64269
30,75951	3,64269
30,71042	3,65246
30,75951	3,64269
30,75951	3,65246
30,85782	3,64757
30,75951	3,65246
30,75951	3,64757
30,75951	3,65246
30,75951	3,65246
30,75951	3,65246
30,75951	3,65734
30,75951	3,65734
30,85782	3,65734
30,75951	3,66222
30,75951	3,66222
30,75951	3,67199
30,75951	3,66222
30,75951	3,67199
30,90703	3,66710
30,75951	3,67199
30,85782	3,67199
30,75951	3,67199
30,75951	3,67199
30,75951	3,67199
30,90703	3,67199
30,80864	3,67687
30,85782	3,67687
30,75951	3,68175
30,75951	3,68175
30,80864	3,68175
30,90703	3,68664
30,75951	3,69152
30,85782	3,68664
30,75951	3,69152
30,95628	3,68664
30,80864	3,69152
30,95628	3,69152
30,80864	3,69640
30,95628	3,69152
30,85782	3,69640
30,90703	3,70128
30,80864	3,69640
30,95628	3,70128
30,85782	3,70128
30,95628	3,71105
30,85782	3,70617
30,95628	3,71105
30,85782	3,71105
30,95628	3,71105
30,75951	3,71105
30,95628	3,71105
30,90703	3,71593
30,95628	3,71593
30,85782	3,71593
30,95628	3,71593
30,90703	3,72082
30,95628	3,72082
30,90703	3,72082
30,95628	3,72082
30,75951	3,73058
30,95628	3,72570
30,90703	3,73058
30,95628	3,73058
30,90703	3,73547
31,05490	3,73058
30,90703	3,73547
30,95628	3,73058
30,90703	3,73547
30,95628	3,73547
30,90703	3,75011
30,95628	3,74035
30,90703	3,75011
31,00557	3,75011
30,90703	3,75011
30,95628	3,75011
30,90703	3,75011
30,95628	3,75011
30,90703	3,75011
31,00557	3,75011
30,95628	3,75500
31,00557	3,75011
30,95628	3,75500
31,05490	3,75500
30,90703	3,75500
31,00557	3,75988
30,95628	3,75988
31,00557	3,75988
30,95628	3,76476
31,05490	3,76476
30,95628	3,76965
31,00557	3,76476
30,90703	3,76965
31,05490	3,76965
30,95628	3,77453
31,05490	3,76965
30,95628	3,77453
31,05490	3,77941
30,95628	3,77453
31,05490	3,77941
31,00557	3,77941
30,95628	3,77941
30,95628	3,78430
31,05490	3,78918
30,95628	3,78430
31,05490	3,78918
31,00557	3,78918
31,05490	3,78918
31,00557	3,79406
31,05490	3,78918
30,95628	3,79406
31,05490	3,79406
31,00557	3,79406
31,05490	3,79894
30,95628	3,79894
31,05490	3,79894
31,00557	3,80871
31,05490	3,80383
30,95628	3,80871
31,05490	3,80383
31,00557	3,80871
31,05490	3,80871
31,00557	3,80871
31,10427	3,80871
31,00557	3,81359
31,10427	3,81359
31,00557	3,81848
31,10427	3,81359
31,05490	3,81848
31,05490	3,81848
31,05490	3,82824
31,10427	3,82336
31,05490	3,82824
31,10427	3,82824
31,00557	3,82824
31,15369	3,82824
31,00557	3,82824
31,15369	3,83312
31,00557	3,83312
31,15369	3,83801
31,10427	3,83312
31,15369	3,83312
31,05490	3,83801
31,15369	3,84289
31,00557	3,84777
31,15369	3,83801
31,05490	3,84777
31,15369	3,84777
31,05490	3,84777
31,10427	3,84777
31,10427	3,84777
31,15369	3,85266
31,05490	3,85266
31,15369	3,85754
31,10427	3,85266
31,15369	3,85754
31,10427	3,85754
31,15369	3,86731
31,10427	3,85754
31,15369	3,86731
31,10427	3,86731
31,15369	3,86731
31,10427	3,86731
31,15369	3,86731
31,10427	3,86731
31,15369	3,86731
31,10427	3,87219
31,15369	3,87707
31,10427	3,87219
31,15369	3,87707
31,10427	3,88684
31,15369	3,87707
31,10427	3,88684
31,15369	3,88195
31,10427	3,88684
31,15369	3,88684
31,10427	3,88684
31,15369	3,88684
31,15369	3,88684
31,15369	3,89172
31,10427	3,89172
31,15369	3,89172
31,10427	3,89660
31,15369	3,89660
31,10427	3,89660
31,15369	3,89660
31,10427	3,90637
31,15369	3,90637
31,15369	3,90637
31,15369	3,90637
31,15369	3,90637
31,15369	3,90637
31,15369	3,91125
31,15369	3,90637
31,15369	3,91125
31,15369	3,91125
31,15369	3,91614
31,25264	3,91614
31,15369	3,92590
31,15369	3,91614
31,20314	3,92590
31,15369	3,92102
31,15369	3,92590
31,15369	3,92590
31,15369	3,92590
31,25264	3,92590
31,15369	3,93078
31,25264	3,93078
31,15369	3,93078
31,25264	3,93078
31,15369	3,93567
31,25264	3,93567
31,15369	3,93567
31,25264	3,94543
31,20314	3,94055
31,30217	3,94543
31,15369	3,94055
31,25264	3,94543
31,15369	3,94543
31,25264	3,94543
31,15369	3,94543
31,30217	3,95032
31,15369	3,95032
31,30217	3,95520
31,20314	3,95032
31,30217	3,95520
31,25264	3,95520
31,25264	3,95520
31,20314	3,96496
31,30217	3,96008
31,20314	3,96496
31,35175	3,96008
31,20314	3,96496
31,35175	3,96008
31,30217	3,96496
31,30217	3,96496
31,25264	3,96985
31,25264	3,96985
31,25264	3,96985
31,35175	3,97473
31,25264	3,97473
31,35175	3,97961
31,25264	3,98450
31,35175	3,97473
31,25264	3,98450
31,35175	3,98450
31,20314	3,98450
31,35175	3,98450
31,30217	3,98450
31,35175	3,98450
31,30217	3,98938
31,30217	3,98938
31,30217	3,98938
31,35175	3,98938
31,30217	3,99426
31,35175	3,99426
31,30217	4,00403
31,35175	3,99915
31,30217	4,00403
31,35175	3,99915
31,30217	4,00403
31,35175	4,00403
31,30217	4,00403
31,40137	4,00403
31,30217	4,00891
31,35175	4,00891
31,30217	4,00891
31,35175	4,01379
31,30217	4,00891
31,35175	4,02356
31,30217	4,01379
31,40137	4,02356
31,30217	4,01379
31,40137	4,02356
31,30217	4,02356
31,45103	4,02356
31,30217	4,02844
31,40137	4,02356
31,30217	4,02844
31,40137	4,02844
31,30217	4,02844
31,35175	4,03333
31,35175	4,03333
31,40137	4,03333
31,35175	4,04309
31,40137	4,03821
31,35175	4,04309
31,45103	4,03821
31,35175	4,04309
31,45103	4,03821
31,40137	4,04309
31,40137	4,04309
31,35175	4,04798
31,40137	4,06262
31,35175	4,04798
31,45103	4,06262
31,30217	4,05286
31,45103	4,06262
31,40137	4,06262
31,45103	4,06262
31,40137	4,06262
31,45103	4,06262
31,40137	4,06262
31,45103	4,06262
31,35175	4,06262
31,45103	4,06262
31,35175	4,06262
31,45103	4,07239
31,40137	4,06751
31,45103	4,07239
31,40137	4,08216
31,45103	4,07239
31,40137	4,08216
31,50073	4,07239
31,40137	4,08216
31,45103	4,08216
31,40137	4,08216
31,45103	4,08216
31,40137	4,08216
31,50073	4,08704
31,40137	4,08704
31,50073	4,09192
31,40137	4,09192
31,50073	4,08704
31,40137	4,09680
31,50073	4,10169
31,40137	4,09680
31,50073	4,10169
31,40137	4,09680
31,50073	4,10169
31,40137	4,10169
31,50073	4,10169
31,40137	4,10169
31,50073	4,10169
31,50073	4,10657
31,55048	4,11145
31,45103	4,11145
31,50073	4,11145
31,45103	4,12122
31,55048	4,11634
31,50073	4,12122
31,55048	4,11634
31,45103	4,12122
31,50073	4,12122
31,50073	4,12122
31,55048	4,12610
31,50073	4,12610
31,50073	4,12610
31,50073	4,13099
31,55048	4,12610
31,50073	4,13099
31,55048	4,13099
31,50073	4,13587
31,55048	4,13587
31,50073	4,14075
31,55048	4,14075
31,50073	4,14075
31,55048	4,14075
31,50073	4,14075
31,55048	4,14563
31,50073	4,14563
31,55048	4,14563
31,50073	4,14563
31,55048	4,15052
31,50073	4,16028
31,55048	4,15052
31,55048	4,16028
31,55048	4,15540
31,50073	4,16028
31,55048	4,15540
31,50073	4,16028
31,55048	4,16028
31,50073	4,16028
31,55048	4,16517
31,50073	4,16517
31,55048	4,17005
31,50073	4,17005
31,55048	4,17005
31,50073	4,17005
31,55048	4,17982
31,55048	4,17493
31,55048	4,17982
31,55048	4,17982
31,55048	4,17982
31,50073	4,17982
31,55048	4,17982
31,60026	4,18470
31,55048	4,18470
31,55048	4,18470
31,55048	4,18958
31,55048	4,18958
31,55048	4,19446
31,60026	4,19935
31,55048	4,19446
31,60026	4,19935
31,55048	4,19935
31,60026	4,19935
31,55048	4,20423
31,60026	4,19935
31,55048	4,20423
31,60026	4,20423
31,65009	4,20423
31,60026	4,20423
31,65009	4,21888
31,60026	4,20911
31,65009	4,21888
31,60026	4,21888
31,65009	4,21888
31,60026	4,21888
31,65009	4,21888
31,60026	4,21888
31,55048	4,21888
31,60026	4,22376
31,69996	4,22376
31,60026	4,22376
31,65009	4,22376
31,60026	4,22864
31,69996	4,22864
31,60026	4,23841
31,55048	4,23353
31,65009	4,23841
31,65009	4,23353
31,60026	4,23841
31,69996	4,23841
31,65009	4,24329
31,65009	4,24329
31,65009	4,24329
31,74988	4,24329
31,65009	4,24818
31,74988	4,24818
31,69996	4,24818
31,69996	4,25794
31,65009	4,25306
31,74988	4,25794
31,69996	4,25306
31,74988	4,25794
31,65009	4,25794
31,74988	4,25794
31,65009	4,25794
31,74988	4,26283
31,65009	4,26283
31,74988	4,26771
31,69996	4,26771
31,74988	4,26283
31,69996	4,27747
31,74988	4,26771
31,69996	4,27747
31,74988	4,27259
31,69996	4,27747
31,74988	4,27259
31,69996	4,27747
31,74988	4,27747
31,69996	4,28236
31,74988	4,27747
31,69996	4,28236
31,74988	4,28236
31,69996	4,28724
31,74988	4,28724
31,69996	4,28724
31,74988	4,28724
31,74988	4,29212
31,74988	4,29212
31,69996	4,29701
31,74988	4,29701
31,69996	4,29701
31,84983	4,29701
31,69996	4,29701
31,79983	4,29701
31,69996	4,30189
31,79983	4,30189
31,69996	4,30189
31,74988	4,30677
31,74988	4,30677
31,84983	4,30677
31,69996	4,31654
31,84983	4,31166
31,69996	4,31654
31,84983	4,31166
31,74988	4,31654
31,84983	4,31654
31,74988	4,31654
31,84983	4,32142
31,79983	4,32142
31,79983	4,32142
31,74988	4,32630
31,84983	4,32630
31,74988	4,32630
31,84983	4,33607
31,74988	4,33119
31,84983	4,33607
31,74988	4,33119
31,84983	4,33607
31,74988	4,33607
31,84983	4,33607
31,74988	4,33607
31,84983	4,33607
31,74988	4,34095
31,84983	4,34095
31,74988	4,34095
31,84983	4,34584
31,79983	4,34584
31,84983	4,34584
31,79983	4,35560
31,84983	4,35072
31,79983	4,35560
31,84983	4,35072
31,79983	4,35560
31,84983	4,35560
31,84983	4,35560
31,89987	4,35560
31,79983	4,36048
31,84983	4,36048
31,79983	4,37513
31,89987	4,36048
31,79983	4,37513
31,89987	4,36537
31,84983	4,37513
31,89987	4,37513
31,84983	4,37513
31,89987	4,37513
31,84983	4,37513
31,94996	4,37513
31,89987	4,37513
31,94996	4,38002
31,84983	4,38002
31,94996	4,38490
31,89987	4,38002
31,94996	4,38490
31,84983	4,38490
31,94996	4,38490
31,79983	4,39467
31,94996	4,38978
31,89987	4,39467
31,89987	4,39467
31,84983	4,39467
31,94996	4,39467
31,89987	4,39467
31,94996	4,39467
31,89987	4,39955
31,94996	4,40443
31,89987	4,39955
31,94996	4,40443
31,89987	4,40443
31,94996	4,41420
31,84983	4,40931
31,94996	4,41420
31,89987	4,41420
31,94996	4,41420
31,89987	4,41420
31,94996	4,41420
31,89987	4,41908
31,94996	4,41908
31,89987	4,41908
31,94996	4,42396
31,89987	4,41908
31,94996	4,41908
31,89987	4,43373
31,94996	4,42885
31,89987	4,43373
31,94996	4,42885
31,89987	4,43373
31,94996	4,43373
31,89987	4,43373
31,94996	4,43373
31,89987	4,43861
31,94996	4,44349
31,89987	4,43861
31,94996	4,43861
31,94996	4,44349
31,94996	4,44349
31,89987	4,44349
31,94996	4,44349
31,89987	4,45326
31,94996	4,44838
31,94996	4,45326
31,94996	4,45326
31,94996	4,45326
31,94996	4,45326
31,94996	4,45814
31,94996	4,45326
31,89987	4,45814
31,94996	4,45814
31,94996	4,46303
31,94996	4,46303
31,94996	4,47279
31,94996	4,46303
31,94996	4,47279
32,05026	4,46791
31,94996	4,47279
32,05026	4,46791
31,94996	4,47279
31,94996	4,47279
31,94996	4,47768
32,05026	4,47768
32,00009	4,48256
31,94996	4,47768
31,94996	4,48256
32,10048	4,48256
31,94996	4,48744
32,05026	4,49232
31,94996	4,48744
32,05026	4,49232
31,94996	4,49232
32,05026	4,49232
31,94996	4,49232
32,05026	4,49232
32,00009	4,49232
32,10048	4,49721
31,94996	4,49721
32,10048	4,49721
32,00009	4,49721
32,10048	4,50697
32,00009	4,51186
32,15074	4,50697
32,00009	4,51186
32,15074	4,50697
31,94996	4,51186
32,15074	4,51186
32,10048	4,51186
32,15074	4,51674
32,10048	4,51186
32,15074	4,51674
32,00009	4,51674
32,15074	4,52162
32,10048	4,52162
32,15074	4,53139
32,10048	4,52162
32,10048	4,53139
32,10048	4,53139
32,15074	4,53139
32,10048	4,53139
32,15074	4,53139
32,10048	4,53139
32,15074	4,53627
32,10048	4,53627
32,15074	4,53627
32,10048	4,53627
32,15074	4,54115
32,10048	4,54115
32,15074	4,54115
32,10048	4,54115
32,15074	4,54115
32,10048	4,55092
32,15074	4,54604
32,10048	4,55092
32,15074	4,55092
32,10048	4,55092
32,15074	4,55580
32,10048	4,55580
32,15074	4,56069
32,10048	4,55580
32,20104	4,57045
32,10048	4,55580
32,20104	4,57045
32,10048	4,56069
32,15074	4,57045
32,10048	4,57045
32,20104	4,57045
32,10048	4,57045
32,20104	4,57045
32,15074	4,57045
32,20104	4,57045
32,10048	4,57533
32,20104	4,57533
32,10048	4,58022
32,25139	4,58022
32,10048	4,58998
32,25139	4,58022
32,15074	4,58998
32,15074	4,58510
32,20104	4,58998
32,20104	4,58510
32,15074	4,58998
32,20104	4,58998
32,15074	4,58998
32,25139	4,59487
32,15074	4,59487
32,25139	4,59487
32,15074	4,59975
32,25139	4,59975
32,20104	4,59487
32,25139	4,59975
32,20104	4,60463
32,25139	4,60463
32,20104	4,60952
32,25139	4,60952
32,20104	4,60952
32,25139	4,60952
32,20104	4,60952
32,25139	4,61440
32,15074	4,61928
32,25139	4,61440
32,20104	4,61928
32,30179	4,61928
32,20104	4,62905
32,25139	4,61928
32,20104	4,62905
32,25139	4,61928
32,20104	4,62905
32,30179	4,62905
32,20104	4,62905
32,30179	4,62905
32,20104	4,63393
32,30179	4,63393
32,20104	4,63393
32,30179	4,63881
32,20104	4,63881
32,35223	4,63881
32,20104	4,64370
32,30179	4,64858
32,25139	4,64858
32,30179	4,64858
32,25139	4,64858
32,30179	4,64858
32,30179	4,64858
32,35223	4,64858
32,30179	4,65346
32,35223	4,65346
32,20104	4,65346
32,35223	4,65346
32,25139	4,65835
32,30179	4,65835
32,30179	4,66811
32,35223	4,66323
32,30179	4,66811
32,35223	4,66811
32,30179	4,66811
32,35223	4,66811
32,30179	4,66811
32,35223	4,66811
32,30179	4,66811
32,35223	4,67299
32,30179	4,67299
32,35223	4,68764
32,30179	4,67299
32,35223	4,68764
32,30179	4,67788
32,35223	4,68764
32,30179	4,68764
32,35223	4,68764
32,30179	4,68764
32,35223	4,68764
32,30179	4,68764
32,35223	4,69253
32,30179	4,68764
32,35223	4,69253
32,30179	4,69253
32,35223	4,69741
32,30179	4,69741
32,35223	4,69253
32,30179	4,70717
32,35223	4,69741
32,35223	4,70717
32,35223	4,70229
32,35223	4,70717
32,35223	4,70717
32,35223	4,70717
32,35223	4,71206
32,30179	4,71206
32,35223	4,71206
32,30179	4,71206
32,35223	4,71694
32,35223	4,71206
32,35223	4,72671
32,35223	4,72182
32,35223	4,72671
32,35223	4,72182
32,35223	4,72671
32,35223	4,72671
32,35223	4,72671
32,35223	4,72671
32,35223	4,72671
32,40271	4,72671
32,35223	4,73159
32,35223	4,73159
32,35223	4,73647
32,40271	4,73159
32,35223	4,73647
32,35223	4,73647
32,35223	4,73647
32,40271	4,74624
32,35223	4,74136
32,40271	4,74624
32,35223	4,74624
32,40271	4,74624
32,35223	4,74624
32,40271	4,75112
32,45324	4,75112
32,40271	4,75112
32,35223	4,75600
32,35223	4,75600
32,50381	4,75600
32,40271	4,75600
32,45324	4,75600
32,40271	4,76577
32,50381	4,76577
32,40271	4,76577
32,50381	4,76577
32,40271	4,76577
32,35223	4,76577
32,45324	4,77065
32,35223	4,76577
32,45324	4,77554
32,50381	4,77554
32,45324	4,77065
32,55443	4,77554
32,40271	4,78530
32,55443	4,77554
32,40271	4,78530
32,50381	4,78042
32,45324	4,78530
32,50381	4,78530
32,45324	4,79019
32,55443	4,78530
32,50381	4,79019
32,55443	4,79019
32,45324	4,79507
32,55443	4,79019
32,50381	4,79507
32,55443	4,79019
32,45324	4,79995
32,55443	4,80483
32,45324	4,80483
32,55443	4,80483
32,45324	4,80483
32,55443	4,80483
32,50381	4,80483
32,55443	4,80483
32,50381	4,80972
32,55443	4,80972
32,50381	4,80972
32,55443	4,81460
32,50381	4,80972
32,55443	4,81460
32,50381	4,82437
32,55443	4,81460
32,50381	4,82437
32,55443	4,82437
32,50381	4,82925
32,55443	4,82437
32,50381	4,82925
32,55443	4,83413
32,50381	4,82925
32,60509	4,83413
32,50381	4,82925
32,65580	4,83413
32,50381	4,84390
32,60509	4,84390
32,55443	4,84390
32,60509	4,84390
32,55443	4,84390
32,65580	4,84390
32,50381	4,84390
32,65580	4,84878
32,50381	4,84390
32,65580	4,85366
32,55443	4,84878
32,65580	4,85366
32,55443	4,85366
32,65580	4,85366
32,55443	4,86343
32,65580	4,85366
32,55443	4,86343
32,65580	4,85855
32,55443	4,86343
32,65580	4,86343
32,55443	4,86343
32,65580	4,86831
32,60509	4,86831
32,65580	4,86831
32,55443	4,87320
32,65580	4,87320
32,60509	4,87320
32,65580	4,88296
32,55443	4,87320
32,65580	4,88296
32,55443	4,88296
32,65580	4,88296
32,60509	4,88296
32,70656	4,88296
32,60509	4,88784
32,65580	4,88784
32,60509	4,88784
32,65580	4,89273
32,60509	4,89273
32,65580	4,89273
32,60509	4,90249
32,70656	4,90249
32,60509	4,90249
32,70656	4,89761
32,60509	4,90249
32,70656	4,89761
32,65580	4,90249
32,70656	4,90249
32,60509	4,90249
32,70656	4,90249
32,65580	4,90738
32,70656	4,91226
32,60509	4,90738
32,75736	4,91226
32,65580	4,92203
32,75736	4,92203
32,65580	4,92203
32,70656	4,92203
32,60509	4,92203
32,70656	4,92203
32,70656	4,92691
32,75736	4,92691
32,65580	4,92691
32,75736	4,93179
32,65580	4,92691
32,75736	4,93179
32,70656	4,93179
32,75736	4,93667
32,65580	4,94156
32,75736	4,93667
32,65580	4,94156
32,75736	4,94156
32,65580	4,94156
32,75736	4,94156
32,70656	4,94156
32,75736	4,94156
32,70656	4,94644
32,75736	4,95132
32,70656	4,95132
32,75736	4,95132
32,70656	4,95621
32,75736	4,96109
32,70656	4,95621
32,75736	4,96109
32,70656	4,96109
32,75736	4,96109
32,70656	4,96109
32,75736	4,96109
32,75736	4,96597
32,75736	4,97085
32,75736	4,96597
32,75736	4,97085
32,75736	4,97085
32,75736	4,97085
32,70656	4,98062
32,75736	4,97574
32,70656	4,98062
32,75736	4,97574
32,75736	4,98062
32,75736	4,98062
32,75736	4,98062
32,75736	4,98062
32,70656	4,98550
32,75736	4,99039
32,70656	5,00015
32,85910	5,00015
32,75736	5,00015
32,75736	5,00015
32,75736	5,00015
32,85910	5,00015
32,75736	5,00015
32,75736	5,00015
32,75736	5,00015
32,75736	5,00015
32,75736	5,00504
32,75736	5,00015
32,75736	5,00504
32,85910	5,00504
32,75736	5,00504
32,85910	5,00992
32,75736	5,01968
32,85910	5,00992
32,75736	5,01968
32,85910	5,01480
32,75736	5,01968
32,85910	5,01968
32,75736	5,01968
32,85910	5,01968
32,75736	5,02457
32,85910	5,02457
32,75736	5,02457
32,85910	5,02945
32,75736	5,02945
32,91005	5,02945
32,75736	5,02945
32,91005	5,03922
32,75736	5,03922
32,91005	5,03922
32,75736	5,03922
32,91005	5,03922
32,80821	5,04410
32,91005	5,03922
32,85910	5,04410
32,91005	5,04410
32,85910	5,04410
32,91005	5,04898
32,85910	5,05875
32,96103	5,05387
32,80821	5,05875
32,96103	5,05387
32,75736	5,05875
32,96103	5,05875
32,91005	5,05875
32,96103	5,05875
32,85910	5,06363
32,96103	5,06363
32,91005	5,06363
32,96103	5,06851
32,91005	5,07828
32,96103	5,06851
32,75736	5,07340
33,01207	5,06851
32,85910	5,07828
33,01207	5,07828
32,91005	5,07828
32,96103	5,07828
32,85910	5,07828
32,96103	5,08316
32,91005	5,08316
32,96103	5,08316
32,91005	5,08805
32,96103	5,08805
32,91005	5,09781
32,96103	5,08805
32,91005	5,09781
32,96103	5,09781
32,91005	5,09781
32,96103	5,09781
32,91005	5,09781
33,01207	5,09781
32,91005	5,10269
32,96103	5,10758
32,91005	5,10269
32,96103	5,10758
32,91005	5,11246
32,96103	5,11734
32,91005	5,11246
32,96103	5,11734
32,91005	5,11246
32,96103	5,11734
32,96103	5,11734
33,06315	5,11734
32,91005	5,12223
33,06315	5,11734
32,96103	5,12223
33,06315	5,12223
32,91005	5,12223
33,01207	5,12711
33,01207	5,12223
33,06315	5,12711
32,96103	5,13688
33,06315	5,13199
32,96103	5,13688
33,06315	5,13199
32,96103	5,13688
33,06315	5,13688
33,01207	5,14176
33,06315	5,13688
32,96103	5,14664
33,06315	5,14664
33,01207	5,14664
33,06315	5,15641
33,01207	5,15152
33,06315	5,15641
32,96103	5,15641
33,06315	5,15641
32,96103	5,15641
33,06315	5,15641
33,01207	5,15641
33,06315	5,16129
33,01207	5,16129
33,06315	5,16617
33,01207	5,16617
33,11428	5,16617
33,01207	5,16617
33,11428	5,16617
33,01207	5,17594
33,11428	5,17106
33,06315	5,17594
33,11428	5,17106
33,01207	5,17594
33,11428	5,17594
33,01207	5,17594
33,16546	5,17594
33,01207	5,18082
33,11428	5,18571
33,11428	5,18571
33,16546	5,18082
33,06315	5,19059
33,11428	5,19547
33,06315	5,19059
33,11428	5,19547
33,06315	5,19547
33,11428	5,19547
33,06315	5,19547
33,11428	5,19547
33,06315	5,20035
33,16546	5,19547
33,06315	5,20524
33,11428	5,20524
33,11428	5,21500
33,16546	5,20524
33,11428	5,21500
33,16546	5,20524
33,01207	5,21500
33,16546	5,21012
33,06315	5,21500
33,16546	5,21500
33,11428	5,21500
33,16546	5,22477
33,11428	5,21989
33,16546	5,21989
33,11428	5,21989
33,16546	5,22477
33,11428	5,22477
33,16546	5,22965
33,11428	5,23453
33,16546	5,23453
33,11428	5,23453
33,16546	5,23453
33,11428	5,23453
33,16546	5,23453
33,11428	5,23942
33,16546	5,23453
33,11428	5,23942
33,16546	5,24430
33,11428	5,25407
33,16546	5,23942
33,11428	5,24430
33,16546	5,24430
33,11428	5,25407
33,16546	5,24918
33,11428	5,25407
33,16546	5,25407
33,11428	5,25407
33,16546	5,25407
33,16546	5,25895
33,16546	5,25895
33,11428	5,26383
33,16546	5,26383
33,21668	5,25895
33,16546	5,27360
33,16546	5,26872
33,16546	5,27360
33,21668	5,27360
33,16546	5,27360
33,21668	5,27360
33,16546	5,27360
33,16546	5,27848
33,16546	5,27848
33,21668	5,27848
33,16546	5,28336
33,16546	5,27848
33,26795	5,28336
33,21668	5,29313
33,26795	5,28336
33,21668	5,29313
33,26795	5,28825
33,16546	5,29313
33,26795	5,29313
33,21668	5,29313
33,16546	5,29801
33,21668	5,29801
33,16546	5,29313
33,21668	5,29801
33,16546	5,31266
33,21668	5,30290
33,26795	5,31266
33,21668	5,31266
33,26795	5,31266
33,21668	5,31266
33,31927	5,31266
33,21668	5,31266
33,31927	5,31266
33,21668	5,31266
33,31927	5,31266
33,26795	5,32243
33,31927	5,31755
33,21668	5,32243
33,26795	5,32243
33,21668	5,33219
33,31927	5,32731
33,21668	5,33219
33,31927	5,32731
33,21668	5,33219
33,37064	5,33219
33,21668	5,33219
33,37064	5,33708
33,26795	5,33219
33,31927	5,33219
33,26795	5,33708
33,37064	5,34196
33,26795	5,34196
33,37064	5,34196
33,31927	5,34684
33,37064	5,35173
33,26795	5,34684
33,37064	5,35173
33,31927	5,35173
33,37064	5,35173
33,26795	5,35173
33,37064	5,35661
33,31927	5,35661
33,37064	5,35661
33,31927	5,36149
33,37064	5,36149
33,31927	5,37126
33,37064	5,36149
33,31927	5,37126
33,37064	5,36149
33,31927	5,37126
33,37064	5,37126
33,31927	5,37126
33,37064	5,37126
33,31927	5,38102
33,37064	5,37614
33,31927	5,37614
33,37064	5,38102
33,31927	5,38102
33,42206	5,39079
33,37064	5,39079
33,42206	5,39079
33,31927	5,39079
33,37064	5,38591
33,31927	5,39079
33,42206	5,39079
33,31927	5,39079
33,47353	5,39079
33,31927	5,39567
33,37064	5,39567
33,31927	5,40056
33,42206	5,40056
33,37064	5,41032
33,47353	5,40056
33,37064	5,41032
33,42206	5,40544
33,42206	5,41032
33,47353	5,40544
33,31927	5,41032
33,47353	5,41032
33,42206	5,41520
33,47353	5,41520
33,37064	5,42009
33,47353	5,42985
33,37064	5,42497
33,47353	5,42985
33,42206	5,42497
33,47353	5,42985
33,42206	5,42985
33,47353	5,42985
33,42206	5,42985
33,47353	5,42985
33,42206	5,43474
33,52504	5,43474
33,42206	5,43474
33,47353	5,43962
33,42206	5,44939
33,47353	5,43962
33,42206	5,44939
33,52504	5,44450
33,42206	5,44939
33,47353	5,44450
33,42206	5,44939
33,47353	5,44939
33,42206	5,45427
33,47353	5,45427
33,42206	5,45427
33,57661	5,45427
33,42206	5,45915
33,52504	5,45915
33,42206	5,46403
33,52504	5,46892
33,47353	5,46403
33,57661	5,46892
33,42206	5,46892
33,52504	5,46892
33,47353	5,46892
33,52504	5,46892
33,52504	5,47380
33,57661	5,47380
33,47353	5,47380
33,57661	5,47868
33,47353	5,48845
33,57661	5,47868
33,52504	5,48845
33,57661	5,47868
33,47353	5,48845
33,57661	5,48357
33,52504	5,48845
33,57661	5,48845
33,47353	5,48845
33,57661	5,48845
33,52504	5,49333
33,57661	5,49821
33,52504	5,49333
33,57661	5,49821
33,52504	5,49821
33,57661	5,50798
33,52504	5,50798
33,57661	5,50798
33,52504	5,50310
33,57661	5,50798
33,52504	5,50798
33,57661	5,50798
33,52504	5,51286
33,57661	5,51286
33,52504	5,51286
33,57661	5,51775
33,52504	5,51775
33,57661	5,52263
33,52504	5,52751
33,57661	5,52263
33,47353	5,52751
33,57661	5,52263
33,52504	5,52751
33,57661	5,52751
33,52504	5,53240
33,57661	5,52751
33,57661	5,53240
33,57661	5,53240
33,57661	5,53240
33,57661	5,53728
33,57661	5,54704
33,67988	5,54216
33,57661	5,54704
33,57661	5,54216
33,57661	5,54704
33,67988	5,54704
33,57661	5,54704
33,57661	5,54704
33,57661	5,54704
33,57661	5,55193
33,57661	5,55193
33,67988	5,55681
33,57661	5,55193
33,67988	5,55681
33,57661	5,56658
33,67988	5,56169
33,57661	5,56658
33,57661	5,56169
33,57661	5,56658
33,67988	5,56658
33,57661	5,56658
33,67988	5,56658
33,57661	5,57146
33,57661	5,57634
33,57661	5,57146
33,73159	5,58611
33,62822	5,57634
33,67988	5,58611
33,57661	5,58123
33,67988	5,58611
33,57661	5,58611
33,73159	5,58611
33,62822	5,58611
33,73159	5,58611
33,57661	5,58611
33,73159	5,59099
33,62822	5,59099
33,73159	5,59587
33,62822	5,59587
33,73159	5,59587
33,57661	5,60564
33,73159	5,60564
33,62822	5,60564
33,73159	5,60076
33,67988	5,60564
33,73159	5,60564
33,67988	5,60564
33,73159	5,61052
33,62822	5,61052
33,73159	5,61541
33,67988	5,61052
33,78335	5,61541
33,73159	5,62517
33,78335	5,62517
33,73159	5,62517
33,78335	5,62517
33,67988	5,62517
33,78335	5,62517
33,73159	5,62517
33,78335	5,62517
33,73159	5,63005
33,78335	5,63005
33,67988	5,63494
33,78335	5,63494
33,73159	5,64470
33,78335	5,63494
33,73159	5,64470
33,78335	5,63494
33,73159	5,64470
33,78335	5,64470
33,73159	5,64470
33,83517	5,64470
33,73159	5,64470
33,78335	5,64470
33,73159	5,64959
33,78335	5,64959
33,78335	5,65447
33,78335	5,65447
33,73159	5,65447
33,78335	5,66424
33,78335	5,65935
33,88703	5,66424
33,78335	5,66424
33,83517	5,66424
33,73159	5,66424
33,83517	5,66424
33,73159	5,66912
33,78335	5,66912
33,73159	5,67400
33,83517	5,66912
33,73159	5,67400
33,88703	5,67400
33,83517	5,68377
33,88703	5,67888
33,78335	5,68377
33,83517	5,67888
33,73159	5,68377
33,88703	5,68865
33,83517	5,68377
33,88703	5,68865
33,78335	5,68865
33,88703	5,69353
33,78335	5,69353
33,88703	5,69842
33,83517	5,70330
33,88703	5,69842
33,78335	5,70330
33,88703	5,70330
33,83517	5,70330
33,88703	5,70330
33,83517	5,70818
33,88703	5,70330
33,83517	5,70818
33,88703	5,70818
33,83517	5,70818
33,88703	5,71306
33,83517	5,71306
33,88703	5,71795
33,83517	5,72283
33,88703	5,71795
33,83517	5,72283
33,88703	5,71795
33,83517	5,72283
33,93894	5,72283
33,83517	5,72771
33,88703	5,72771
33,83517	5,72771
33,93894	5,72771
33,83517	5,73260
33,93894	5,74236
33,88703	5,73748
33,93894	5,74236
33,88703	5,73748
33,93894	5,74236
33,88703	5,74236
33,99090	5,74236
33,88703	5,74236
33,93894	5,74236
33,83517	5,74236
33,93894	5,75213
33,88703	5,74725
33,99090	5,75213
33,88703	5,76189
33,93894	5,76189
33,83517	5,76189
33,99090	5,75701
33,88703	5,76189
33,93894	5,75701
33,88703	5,76678
33,99090	5,76189
33,88703	5,76678
33,99090	5,77166
33,88703	5,76678
33,99090	5,77166
33,93894	5,77166
33,99090	5,77166
33,93894	5,77654
33,99090	5,78143
33,93894	5,78143
33,99090	5,78143
33,93894	5,78143
33,99090	5,78143
33,93894	5,78631
33,99090	5,78631
33,93894	5,79119
33,99090	5,79119
33,93894	5,80096
33,99090	5,78631
33,93894	5,79608
33,99090	5,79608
33,93894	5,80096
33,99090	5,79608
33,93894	5,80096
33,99090	5,80096
33,93894	5,80584
33,99090	5,80096
33,93894	5,80584
33,99090	5,80584
33,93894	5,81072
33,99090	5,82049
33,99090	5,81072
33,99090	5,82049
33,99090	5,81561
33,99090	5,82049
33,99090	5,82049
33,99090	5,82049
33,99090	5,82049
33,99090	5,82049
33,93894	5,82049
33,99090	5,82537
33,99090	5,82537
33,99090	5,83026
33,99090	5,82537
33,99090	5,83026
33,99090	5,84002
33,99090	5,83514
33,99090	5,84002
34,09498	5,84002
33,93894	5,84002
33,99090	5,84002
33,99090	5,84490
34,09498	5,84490
33,99090	5,84490
34,09498	5,84979
33,99090	5,84490
34,09498	5,84979
33,99090	5,84979
34,09498	5,84979
33,99090	5,85955
34,09498	5,85467
33,99090	5,85955
34,09498	5,85955
33,99090	5,86444
34,09498	5,85955
33,99090	5,86444
34,14709	5,86444
33,99090	5,86932
34,14709	5,86932
34,04291	5,87909
34,09498	5,86932
33,99090	5,87909
34,14709	5,87420
34,09498	5,87909
34,14709	5,87420
34,09498	5,87909
34,14709	5,87909
33,99090	5,88397
34,14709	5,87909
34,04291	5,88397
34,19926	5,89862
34,09498	5,88885
34,19926	5,89862
33,99090	5,89373
34,14709	5,89862
34,04291	5,89862
34,19926	5,89862
34,14709	5,89862
34,19926	5,89862
34,14709	5,90350
34,19926	5,90350
34,14709	5,90838
34,19926	5,90838
34,14709	5,90838
34,19926	5,90838
34,09498	5,91327
34,19926	5,90838
34,14709	5,91815
34,19926	5,91815
34,14709	5,91815
34,19926	5,91815
34,14709	5,91815
34,19926	5,91815
34,14709	5,92303
34,19926	5,93768
34,14709	5,92792
34,19926	5,93768
34,14709	5,93768
34,19926	5,93768
34,14709	5,93768
34,19926	5,93768
34,14709	5,93768
34,25148	5,93768
34,14709	5,93768
34,25148	5,94256
34,19926	5,94256
34,19926	5,94256
34,19926	5,94745
34,30375	5,94745
34,19926	5,94745
34,19926	5,94745
34,19926	5,95721
34,19926	5,95233
34,14709	5,95721
34,25148	5,95721
34,19926	5,95721
34,19926	5,96210
34,14709	5,95721
34,25148	5,95721
34,14709	5,96210
34,25148	5,96698
34,14709	5,96698
34,30375	5,97674
34,25148	5,97186
34,30375	5,97674
34,19926	5,97674
34,30375	5,97674
34,19926	5,97674
34,30375	5,97674
34,19926	5,98163
34,30375	5,98163
34,25148	5,98651
34,30375	5,98651
34,19926	5,98651
34,30375	5,98651
34,19926	5,99628
34,30375	5,99139
34,19926	5,99628
34,30375	5,99139
34,25148	5,99628
34,35607	5,99628
34,25148	6,00116
34,30375	6,00116
34,25148	6,00604
34,35607	6,00604
34,25148	6,00116
34,30375	6,00604
34,25148	6,01581
34,30375	6,01093
34,25148	6,01581
34,35607	6,01581
34,25148	6,01581
34,35607	6,01581
34,25148	6,02069
34,30375	6,01581
34,25148	6,02069
34,30375	6,02069
34,25148	6,02557
34,35607	6,02557
34,25148	6,03534
34,35607	6,02557
34,25148	6,03534
34,40844	6,03534
34,25148	6,03534
34,35607	6,03534
34,25148	6,03534
34,35607	6,03534
34,25148	6,04022
34,35607	6,04022
34,30375	6,04022
34,40844	6,04511
34,35607	6,04511
34,40844	6,05487
34,35607	6,04999
34,40844	6,05487
34,30375	6,04999
34,40844	6,05487
34,30375	6,05487
34,40844	6,05487
34,35607	6,05487
34,40844	6,05976
34,35607	6,05976
34,40844	6,06464
34,35607	6,05976
34,40844	6,06464
34,35607	6,07440
34,40844	6,06952
34,35607	6,06952
34,40844	6,06952
34,35607	6,07440
34,40844	6,07440
34,35607	6,07440
34,40844	6,07929
34,35607	6,08417
34,40844	6,08417
34,35607	6,08417
34,40844	6,09394
34,35607	6,08417
34,40844	6,09394
34,35607	6,08905
34,40844	6,09394
34,40844	6,09394
34,40844	6,09394
34,40844	6,09394
34,40844	6,09882
34,35607	6,09882
34,40844	6,09882
34,35607	6,10370
34,40844	6,10370
34,40844	6,10370
34,40844	6,10858
34,40844	6,11347
34,51335	6,10858
34,40844	6,11347
34,51335	6,11347
34,35607	6,11347
34,40844	6,11347
34,40844	6,11835
34,40844	6,12323
34,40844	6,11835
34,40844	6,12323
34,40844	6,12323
34,40844	6,13300
34,40844	6,12323
34,40844	6,13300
34,40844	6,12812
34,51335	6,13300
34,40844	6,13300
34,51335	6,13300
34,40844	6,13300
34,56588	6,13300
34,40844	6,13788
34,51335	6,13788
34,40844	6,13788
34,51335	6,14277
34,46087	6,13788
34,51335	6,14277
34,46087	6,15253
34,51335	6,15253
34,56588	6,15253
34,56588	6,15253
34,46087	6,15741
34,56588	6,15741
34,46087	6,15741
34,56588	6,15741
34,46087	6,16230
34,56588	6,16230
34,46087	6,17206
34,51335	6,16230
34,46087	6,17206
34,56588	6,16718
34,40844	6,17206
34,56588	6,17206
34,40844	6,17695
34,56588	6,17695
34,51335	6,17695
34,61847	6,18183
34,51335	6,18183
34,61847	6,18183
34,51335	6,18183
34,61847	6,18183
34,51335	6,19160
34,56588	6,18183
34,56588	6,19160
34,61847	6,18671
34,56588	6,19160
34,56588	6,19160
34,56588	6,19160
34,61847	6,19648
34,56588	6,20136
34,61847	6,20136
34,56588	6,20136
34,61847	6,21113
34,56588	6,20624
34,61847	6,21113
34,56588	6,20624
34,61847	6,21113
34,56588	6,21113
34,61847	6,21113
34,56588	6,21113
34,61847	6,21601
34,61847	6,22089
34,61847	6,22089
34,56588	6,21601
34,61847	6,22089
34,56588	6,23066
34,67110	6,22578
34,61847	6,23066
34,61847	6,22578
34,56588	6,23066
34,67110	6,23066
34,56588	6,23066
34,61847	6,23066
34,61847	6,23066
34,67110	6,23554
34,61847	6,24042
34,72380	6,25019
34,61847	6,25019
34,67110	6,25019
34,61847	6,25019
34,61847	6,25019
34,56588	6,25019
34,72380	6,25019
34,61847	6,25507
34,72380	6,25019
34,61847	6,25507
34,67110	6,25507
34,61847	6,25507
34,67110	6,25507
34,61847	6,25996
34,67110	6,25996
34,67110	6,26972
34,72380	6,26484
34,67110	6,26972
34,72380	6,26972
34,67110	6,26972
34,72380	6,27461
34,67110	6,27461
34,77654	6,26972
34,67110	6,27461
34,72380	6,27461
34,67110	6,27949
34,77654	6,28925
34,67110	6,28437
34,77654	6,28925
34,67110	6,28925
34,77654	6,28925
34,67110	6,28925
34,77654	6,28925
34,67110	6,29414
34,77654	6,29414
34,67110	6,29414
34,77654	6,29902
34,72380	6,30879
34,77654	6,29902
34,67110	6,30879
34,77654	6,30390
34,67110	6,30879
34,77654	6,30879
34,67110	6,30879
34,82934	6,30390
34,67110	6,31367
34,82934	6,31367
34,72380	6,31367
34,82934	6,31855
34,67110	6,31367
34,77654	6,31855
34,67110	6,31855
34,77654	6,31855
34,72380	6,32832
34,82934	6,32832
34,77654	6,32832
34,82934	6,32832
34,77654	6,32832
34,82934	6,33320
34,77654	6,33320
34,82934	6,33808
34,77654	6,33808
34,82934	6,33808
34,77654	6,33808
34,82934	6,33808
34,77654	6,34785
34,82934	6,34297
34,77654	6,34785
34,82934	6,34785
34,77654	6,34785
34,82934	6,35273
34,77654	6,35273
34,82934	6,35762
34,77654	6,35762
34,82934	6,35762
34,77654	6,35762
34,82934	6,36738
34,82934	6,36250
34,82934	6,36738
34,77654	6,36738
34,82934	6,36738
34,82934	6,36738
34,82934	6,36738
34,77654	6,37226
34,82934	6,37226
34,77654	6,37715
34,82934	6,37715
34,77654	6,37226
34,82934	6,37715
34,77654	6,38691
34,82934	6,38203
34,77654	6,38691
34,82934	6,38691
34,77654	6,38691
34,82934	6,38691
34,82934	6,39180
34,82934	6,39180
34,82934	6,39180
34,82934	6,39668
34,88219	6,39668
34,82934	6,39180
34,88219	6,40156
34,82934	6,40156
34,88219	6,40645
34,93510	6,40645
34,88219	6,40645
34,82934	6,40645
34,88219	6,40645
34,93510	6,41133
34,88219	6,41133
34,93510	6,41621
34,88219	6,41133
34,93510	6,41621
34,88219	6,42598
34,98806	6,41621
34,88219	6,42598
34,82934	6,42598
34,88219	6,42598
34,93510	6,42109
34,88219	6,43086
34,93510	6,42598
34,88219	6,43086
34,98806	6,43086
34,88219	6,43086
34,93510	6,43574
34,88219	6,43574
34,93510	6,44551
34,88219	6,44063
35,04107	6,44551
34,93510	6,44551
34,98806	6,44551
34,93510	6,45039
34,98806	6,44551
34,93510	6,45039
35,04107	6,45039
34,88219	6,45528
35,04107	6,45528
34,93510	6,45528
35,04107	6,45528
34,98806	6,46504
35,04107	6,46016
34,93510	6,46504
35,04107	6,46504
34,98806	6,46992
35,04107	6,46992
34,93510	6,46992
35,04107	6,47481
34,98806	6,46992
35,04107	6,47481
34,93510	6,47481
35,04107	6,47481
34,98806	6,48457
35,04107	6,48457
34,98806	6,48457
35,04107	6,48457
34,93510	6,48457
35,04107	6,48457
34,98806	6,48946
35,04107	6,48946
34,98806	6,49434
35,04107	6,49434
34,98806	6,49434
35,04107	6,49922
34,98806	6,50410
35,04107	6,49922
34,98806	6,50410
35,04107	6,50410
34,98806	6,50899
35,04107	6,50410
34,98806	6,50899
35,04107	6,50899
34,98806	6,50899
35,04107	6,52364
34,98806	6,51387
35,09414	6,52364
35,04107	6,51875
35,09414	6,52364
34,98806	6,52364
35,09414	6,52364
34,98806	6,52364
35,04107	6,52364
34,98806	6,52364
35,09414	6,53340
35,04107	6,53340
35,04107	6,53340
35,04107	6,52852
35,14727	6,53340
34,98806	6,54317
35,09414	6,53829
35,04107	6,54317
35,14727	6,54317
35,04107	6,54317
35,14727	6,54317
35,04107	6,54317
35,14727	6,54805
35,04107	6,54805
35,14727	6,56270
35,09414	6,55293
35,14727	6,56270
35,09414	6,56270
35,14727	6,56270
35,09414	6,56270
35,14727	6,56270
35,09414	6,56270
35,20045	6,56758
35,09414	6,56758
35,20045	6,56758
35,09414	6,56758
35,20045	6,57247
35,09414	6,57247
35,14727	6,57247
35,09414	6,58223
35,20045	6,57735
35,09414	6,58223
35,25369	6,57735
35,09414	6,58223
35,25369	6,58223
35,09414	6,58223
35,20045	6,58712
35,14727	6,58712
35,20045	6,60176
35,09414	6,58712
35,25369	6,60176
35,14727	6,59200
35,20045	6,60176
35,09414	6,59688
35,20045	6,60176
35,09414	6,60176
35,20045	6,60176
35,09414	6,60176
35,25369	6,60176
35,14727	6,60665
35,20045	6,60665
35,14727	6,60665
35,20045	6,61153
35,20045	6,62130
35,25369	6,61153
35,20045	6,62130
35,25369	6,61641
35,20045	6,62130
35,25369	6,62130
35,20045	6,62130
35,25369	6,62130
35,20045	6,62618
35,25369	6,62130
35,14727	6,62618
35,25369	6,63106
35,20045	6,63106
35,25369	6,63106
35,20045	6,64083
35,25369	6,63594
35,20045	6,64083
35,25369	6,64083
35,20045	6,64083
35,25369	6,64083
35,20045	6,64571
35,25369	6,65059
35,20045	6,65059
35,25369	6,65059
35,25369	6,66036
35,25369	6,65059
35,20045	6,66036
35,25369	6,66036
35,20045	6,66036
35,25369	6,66036
35,25369	6,66524
35,25369	6,66036
35,20045	6,66524
35,25369	6,67013
35,20045	6,67013
35,25369	6,67989
35,25369	6,67013
35,25369	6,67989
35,20045	6,67501
35,36033	6,67989
35,25369	6,67989
35,36033	6,67989
35,25369	6,67989
35,25369	6,67989
35,25369	6,67989
35,25369	6,68477
35,25369	6,68477
35,25369	6,68966
35,20045	6,69942
35,25369	6,68966
35,25369	6,69942
35,25369	6,69454
35,25369	6,69942
35,36033	6,69454
35,30698	6,69942
35,36033	6,69942
35,25369	6,69942
35,25369	6,70431
35,25369	6,70431
35,41373	6,69942
35,25369	6,70431
35,36033	6,70919
35,30698	6,71407
35,25369	6,70919
35,25369	6,71896
35,36033	6,71896
35,25369	6,71896
35,41373	6,71896
35,30698	6,72384
35,41373	6,71896
35,25369	6,72384
35,25369	6,72872
35,25369	6,72384
35,46719	6,72384
35,36033	6,73849
35,41373	6,73360
35,36033	6,73849
35,41373	6,73849
35,25369	6,73849
35,41373	6,73849
35,36033	6,73849
35,46719	6,73849
35,36033	6,74337
35,46719	6,74825
35,41373	6,74825
35,46719	6,75802
35,36033	6,75314
35,46719	6,75802
35,41373	6,75802
35,46719	6,75802
35,41373	6,75802
35,46719	6,75802
35,36033	6,75802
35,46719	6,75802
35,41373	6,76290
35,46719	6,76290
35,41373	6,77755
35,46719	6,76778
35,41373	6,76778
35,46719	6,77267
35,41373	6,77755
35,46719	6,77267
35,41373	6,77755
35,46719	6,77267
35,41373	6,78243
35,46719	6,78243
35,41373	6,78243
35,46719	6,78243
35,41373	6,78243
35,46719	6,78732
35,41373	6,78243
35,52071	6,78732
35,41373	6,79708
35,46719	6,79220
35,41373	6,79708
35,46719	6,79708
35,41373	6,79708
35,52071	6,80197
35,41373	6,80685
35,46719	6,80197
35,41373	6,80685
35,52071	6,80685
35,41373	6,80197
35,57428	6,80685
35,46719	6,81661
35,57428	6,81173
35,46719	6,81661
35,57428	6,81661
35,46719	6,81661
35,52071	6,81661
35,46719	6,81661
35,57428	6,81661
35,46719	6,82150
35,52071	6,83615
35,46719	6,82638
35,57428	6,82638
35,52071	6,82638
35,57428	6,83615
35,46719	6,83615
35,57428	6,83615
35,52071	6,83615
35,62791	6,83615
35,52071	6,84103
35,57428	6,83615
35,52071	6,84591
35,57428	6,84103
35,46719	6,84591
35,57428	6,84591
35,46719	6,85568
35,57428	6,85080
35,52071	6,85568
35,57428	6,85080
35,52071	6,85568
35,62791	6,85568
35,52071	6,86056
35,62791	6,85568
35,52071	6,86056
35,62791	6,86056
35,52071	6,87521
35,57428	6,86544
35,52071	6,87521
35,62791	6,87521
35,52071	6,87521
35,62791	6,87521
35,57428	6,87521
35,68160	6,87521
35,52071	6,87521
35,68160	6,87521
35,57428	6,88009
35,68160	6,88009
35,57428	6,88498
35,62791	6,88498
35,57428	6,89474
35,68160	6,88986
35,62791	6,89474
35,68160	6,88986
35,57428	6,89474
35,68160	6,89474
35,62791	6,89474
35,68160	6,89474
35,62791	6,89962
35,68160	6,90451
35,62791	6,89962
35,68160	6,90451
35,62791	6,90939
35,68160	6,91427
35,62791	6,91427
35,68160	6,91427
35,62791	6,91427
35,68160	6,91427
35,62791	6,91427
35,68160	6,91916
35,62791	6,91916
35,68160	6,91916
35,62791	6,91916
35,68160	6,92404
35,62791	6,91916
35,68160	6,92892
35,62791	6,93381
35,68160	6,92892
35,62791	6,93381
35,68160	6,93381
35,62791	6,93869
35,68160	6,93381
35,68160	6,93869
35,68160	6,94357
35,68160	6,93869
35,68160	6,94845
35,62791	6,95334
35,68160	6,94845
35,62791	6,95334
35,68160	6,94845
35,68160	6,95334
35,68160	6,95334
35,62791	6,95334
35,68160	6,95822
35,68160	6,95822
35,68160	6,95822
35,68160	6,95822
35,68160	6,96310
35,68160	6,97287
35,68160	6,96799
35,73535	6,97287
35,68160	6,96799
35,68160	6,97287
35,68160	6,96799
35,68160	6,97775
35,68160	6,97775
35,73535	6,98263
35,68160	6,97775
35,73535	6,98263
35,68160	6,99240
35,73535	6,98752
35,68160	6,99240
35,73535	6,99240
35,78915	6,99240
35,73535	6,99240
35,68160	6,99240
35,68160	6,99728
35,78915	6,99728
35,73535	6,99728
35,68160	7,00217
35,73535	7,01193
35,78915	7,00217
35,73535	7,01193
35,78915	7,01193
35,73535	7,01193
35,68160	7,00705
35,73535	7,01193
35,84301	7,01193
35,68160	7,01682
35,84301	7,01682
35,78915	7,01193
35,84301	7,02170
35,73535	7,01682
35,84301	7,03146
35,78915	7,02658
35,84301	7,03146
35,78915	7,03146
35,84301	7,03146
35,73535	7,03146
35,89693	7,03146
35,78915	7,03146
35,89693	7,03635
35,78915	7,03635
35,89693	7,03635
35,78915	7,05100
35,89693	7,04123
35,84301	7,04611
35,89693	7,04611
35,84301	7,05100
35,89693	7,04611
35,84301	7,05100
35,89693	7,05588
35,78915	7,05588
35,89693	7,05588
35,84301	7,05588
35,89693	7,07053
35,84301	7,06076
35,89693	7,07053
35,84301	7,07053
35,89693	7,07053
35,84301	7,06565
35,95091	7,07053
35,84301	7,07053
35,89693	7,07053
35,84301	7,07053
35,89693	7,07541
35,84301	7,07541
35,89693	7,08029
35,84301	7,08518
35,95091	7,08518
35,84301	7,09006
35,89693	7,08518
35,84301	7,09006
35,95091	7,09006
35,84301	7,09006
35,95091	7,09006
35,84301	7,09494
36,00494	7,09494
35,89693	7,09983
36,00494	7,09983
35,89693	7,09494
36,00494	7,10471
35,89693	7,10959
36,00494	7,10471
35,95091	7,11447
35,95091	7,10959
35,89693	7,10959
36,00494	7,10959
35,89693	7,10959
35,95091	7,11447
35,95091	7,11936
36,00494	7,11936
35,89693	7,11936
36,00494	7,12424
35,95091	7,12912
36,00494	7,12424
35,95091	7,12912
36,00494	7,12912
35,89693	7,13401
36,00494	7,12912
35,95091	7,13401
36,00494	7,13401
35,95091	7,13401
36,00494	7,14866
35,95091	7,13889
36,05904	7,13889
35,95091	7,14866
36,00494	7,14866
35,95091	7,14866
36,00494	7,14866
35,95091	7,14866
36,05904	7,14866
35,95091	7,15354
36,05904	7,15354
35,95091	7,15354
36,05904	7,15354
35,89693	7,15842
36,00494	7,15842
35,95091	7,16819
36,05904	7,16819
36,00494	7,16819
36,05904	7,16819
36,00494	7,16819
36,05904	7,16819
36,00494	7,17307
36,11319	7,17307
36,05904	7,17795
36,05904	7,18772
36,00494	7,17795
36,11319	7,18772
36,05904	7,18284
36,11319	7,18772
36,00494	7,18772
36,11319	7,18772
36,05904	7,18772
36,11319	7,18772
36,05904	7,18772
36,11319	7,19749
36,05904	7,19260
36,11319	7,19749
36,05904	7,19749
36,11319	7,19749
36,05904	7,20237
36,11319	7,20237
36,05904	7,20725
36,11319	7,20725
36,05904	7,20725
36,11319	7,20725
36,05904	7,20725
36,11319	7,21213
36,05904	7,21213
36,11319	7,21702
36,05904	7,21702
36,11319	7,22678
36,05904	7,22190
36,11319	7,22678
36,05904	7,22678
36,11319	7,22678
36,05904	7,23167
36,11319	7,22678
36,05904	7,23167
36,11319	7,23167
36,05904	7,23167
36,11319	7,22678
36,05904	7,24631
36,11319	7,23655
36,11319	7,24631
36,11319	7,24143
36,11319	7,24631
36,11319	7,24631
36,11319	7,25120
36,11319	7,24631
36,11319	7,25120
36,11319	7,24631
36,11319	7,25608
36,22168	7,25608
36,05904	7,25608
36,22168	7,25608
36,11319	7,26585
36,11319	7,26585
36,11319	7,26585
36,22168	7,26585
36,11319	7,26585
36,11319	7,27073
36,16740	7,27073
36,22168	7,27561
36,11319	7,27561
36,22168	7,27561
36,11319	7,27561
36,22168	7,27561
36,11319	7,28538
36,22168	7,27561
36,11319	7,28538
36,11319	7,28538
36,11319	7,28538
36,22168	7,29026
36,11319	7,29026
36,27601	7,29026
36,11319	7,29514
36,27601	7,29514
36,11319	7,29514
36,27601	7,30491
36,16740	7,30003
36,27601	7,30491
36,22168	7,30491
36,22168	7,30491
36,16740	7,30491
36,27601	7,30491
36,22168	7,30979
36,27601	7,30979
36,22168	7,30979
36,33040	7,31468
36,22168	7,31468
36,33040	7,31468
36,22168	7,32444
36,27601	7,31956
36,22168	7,32444
36,27601	7,32444
36,22168	7,32444
36,33040	7,32444
36,22168	7,33421
36,33040	7,32444
36,22168	7,33421
36,33040	7,33421
36,27601	7,34397
36,33040	7,34397
36,27601	7,34397
36,33040	7,34397
36,27601	7,34397
36,33040	7,34397
36,27601	7,34886
36,33040	7,34886
36,27601	7,34886
36,33040	7,34886
36,27601	7,34886
36,33040	7,35374
36,27601	7,36351
36,38485	7,35374
36,27601	7,36351
36,33040	7,35862
36,27601	7,36351
36,38485	7,36351
36,27601	7,36351
36,38485	7,36351
36,27601	7,36839
36,33040	7,36839
36,27601	7,36839
36,38485	7,37327
36,27601	7,37327
36,38485	7,38304
36,27601	7,37815
36,43937	7,38304
36,27601	7,38304
36,43937	7,38304
36,27601	7,38792
36,38485	7,38304
36,33040	7,38792
36,43937	7,38792
36,33040	7,40257
36,43937	7,39280
36,27601	7,40257
36,38485	7,39769
36,33040	7,40257
36,43937	7,40257
36,33040	7,40257
36,43937	7,40257
36,33040	7,40257
36,43937	7,40745
36,38485	7,41234
36,43937	7,41234
36,33040	7,41234
36,43937	7,41234
36,33040	7,41234
36,43937	7,42210
36,38485	7,42210
36,43937	7,42210
36,38485	7,42210
36,43937	7,42698
36,38485	7,42698
36,43937	7,42698
36,38485	7,43187
36,43937	7,43187
36,38485	7,43187
36,43937	7,43187
36,38485	7,44163
36,43937	7,43675
36,43937	7,44163
36,43937	7,44163
36,43937	7,44163
36,49394	7,44652
36,38485	7,44652
36,49394	7,44652
36,38485	7,45140
36,49394	7,45140
36,38485	7,45628
36,43937	7,45140
36,43937	7,45628
36,49394	7,46117
36,43937	7,46117
36,49394	7,46117
36,43937	7,46117
36,49394	7,46117
36,38485	7,46605
36,49394	7,47093
36,43937	7,47093
36,54857	7,47093
36,49394	7,47093
36,49394	7,47093
36,43937	7,48070
36,54857	7,47581
36,49394	7,48070
36,54857	7,47581
36,49394	7,48558
36,54857	7,48070
36,49394	7,50023
36,54857	7,49046
36,49394	7,50023
36,54857	7,50023
36,49394	7,50023
36,54857	7,50023
36,49394	7,50023
36,54857	7,50023
36,49394	7,50023
36,54857	7,50023
36,49394	7,50511
36,54857	7,50511
36,49394	7,50511
36,54857	7,50511
36,49394	7,50999
36,54857	7,50511
36,49394	7,51976
36,54857	7,51488
36,49394	7,51976
36,54857	7,51976
36,49394	7,51976
36,54857	7,52464
36,49394	7,52464
36,54857	7,51976
36,54857	7,52464
36,54857	7,52953
36,49394	7,52953
36,54857	7,52464
36,49394	7,53441
36,54857	7,53929
36,54857	7,53929
36,54857	7,53929
36,54857	7,54418
36,54857	7,53929
36,54857	7,53929
36,54857	7,54906
36,60327	7,54418
36,54857	7,54906
36,60327	7,54906
36,54857	7,55394
36,60327	7,55882
36,54857	7,54906
36,60327	7,55882
36,54857	7,55882
36,60327	7,55882
36,54857	7,55882
36,60327	7,56371
36,54857	7,56371
36,60327	7,56371
36,54857	7,56371
36,60327	7,56859
36,65803	7,56859
36,54857	7,57836
36,65803	7,57347
36,54857	7,57836
36,54857	7,57836
36,60327	7,57836
36,71285	7,57836
36,60327	7,58324
36,71285	7,58812
36,60327	7,58812
36,65803	7,58812
36,60327	7,59789
36,71285	7,58812
36,60327	7,59789
36,65803	7,59301
36,60327	7,59789
36,71285	7,59789
36,65803	7,60277
36,71285	7,59789
36,60327	7,60277
36,71285	7,60765
36,65803	7,60765
36,71285	7,60765
36,60327	7,60765
36,76773	7,61742
36,65803	7,61742
36,71285	7,61742
36,71285	7,61742
36,76773	7,61742
36,65803	7,62230
36,71285	7,61742
36,71285	7,61742
36,76773	7,62230
36,71285	7,63695
36,76773	7,62719
36,71285	7,62719
36,76773	7,62719
36,71285	7,63695
36,76773	7,63207
36,71285	7,63695
36,82267	7,63695
36,71285	7,64183
36,76773	7,64183
36,65803	7,64183
36,76773	7,64672
36,71285	7,64672
36,76773	7,65160
36,71285	7,65648
36,76773	7,65648
36,71285	7,65648
36,76773	7,65648
36,71285	7,65648
36,76773	7,65648
36,71285	7,66137
36,82267	7,66137
36,71285	7,66625
36,82267	7,66625
36,71285	7,67602
36,87768	7,66625
36,71285	7,67602
36,82267	7,67113
36,71285	7,67602
36,82267	7,67113
36,76773	7,68090
36,76773	7,67602
36,76773	7,68090
36,87768	7,68090
36,76773	7,68090
36,76773	7,68578
36,76773	7,68090
36,82267	7,69555
36,82267	7,68578
36,82267	7,69555
36,76773	7,69555
36,87768	7,69555
36,76773	7,69555
36,87768	7,69555
36,76773	7,70043
36,82267	7,70043
36,76773	7,70531
36,87768	7,70531
36,82267	7,71508
36,93274	7,71020
36,76773	7,71508
36,87768	7,71508
36,82267	7,71508
36,93274	7,71508
36,82267	7,71508
36,87768	7,71996
36,82267	7,71996
36,87768	7,72485
36,82267	7,72485
36,87768	7,72485
36,82267	7,73461
36,93274	7,73461
36,82267	7,73461
36,87768	7,73461
36,82267	7,73461
36,87768	7,73461
36,82267	7,73461
36,87768	7,74438
36,82267	7,73949
36,87768	7,74438
36,82267	7,75414
36,87768	7,74926
36,82267	7,75414
36,93274	7,74926
36,87768	7,75414
36,98787	7,74926
36,87768	7,75414
36,98787	7,75414
36,93274	7,75414
36,93274	7,75903
36,87768	7,76391
36,98787	7,76391
36,87768	7,76391
36,98787	7,77367
36,93274	7,76879
36,93274	7,77367
36,87768	7,77367
36,98787	7,77367
36,87768	7,77367
36,98787	7,77856
36,87768	7,79321
36,98787	7,77856
36,87768	7,79321
36,98787	7,77856
36,93274	7,79321
36,98787	7,78832
36,93274	7,79321
36,98787	7,79321
36,93274	7,79321
36,98787	7,79321
36,93274	7,79809
36,98787	7,79809
36,93274	7,80297
36,98787	7,79809
36,93274	7,80297
36,98787	7,81274
36,93274	7,80297
36,98787	7,81274
36,93274	7,81274
36,98787	7,81274
36,93274	7,81274
36,98787	7,81274
36,93274	7,81762
36,98787	7,82250
36,93274	7,81762
36,98787	7,82250
36,98787	7,83227
36,98787	7,82250
36,98787	7,83227
36,98787	7,82250
36,93274	7,83227
36,98787	7,83227
36,93274	7,83227
36,98787	7,83227
36,93274	7,83715
37,09833	7,84204
36,98787	7,84204
36,98787	7,84204
36,93274	7,84204
37,09833	7,85180
36,98787	7,85180
37,09833	7,85180
36,93274	7,85180
37,09833	7,85180
36,98787	7,85180
37,09833	7,85669
36,98787	7,85669
37,09833	7,85669
36,98787	7,86157
36,98787	7,86157
36,98787	7,85669
36,98787	7,86157
37,04307	7,87133
37,09833	7,87133
36,98787	7,87133
37,09833	7,87133
37,04307	7,87133
37,15365	7,87133
37,04307	7,87622
37,09833	7,88110
36,98787	7,88110
37,09833	7,88110
36,98787	7,89087
37,15365	7,89087
36,98787	7,89087
37,15365	7,89087
36,98787	7,89087
37,15365	7,89087
37,04307	7,89575
37,15365	7,90063
37,04307	7,89575
37,15365	7,89087
37,15365	7,91040
37,20903	7,90551
37,15365	7,91040
37,15365	7,90551
37,04307	7,91040
37,15365	7,90551
36,98787	7,91528
37,20903	7,91040
37,09833	7,91528
37,20903	7,91040
37,09833	7,92016
37,20903	7,92016
37,15365	7,92016
37,20903	7,92993
37,15365	7,92505
37,20903	7,92993
37,15365	7,92993
37,20903	7,92993
37,15365	7,92993
37,20903	7,92993
37,04307	7,93481
37,20903	7,93970
37,15365	7,93970
37,20903	7,93970
37,15365	7,94946
37,20903	7,93970
37,15365	7,94946
37,20903	7,94946
37,15365	7,94946
37,20903	7,94458
37,15365	7,95434
37,20903	7,95434
37,15365	7,95923
37,20903	7,95923
37,15365	7,95923
37,20903	7,95923
37,15365	7,96411
37,26448	7,96899
37,15365	7,96899
37,26448	7,96899
37,15365	7,96899
37,20903	7,96899
37,15365	7,97388
37,20903	7,97388
37,20903	7,97388
37,20903	7,97876
37,15365	7,97388
37,26448	7,97876
37,20903	7,98853
37,31999	7,97876
37,20903	7,98853
37,31999	7,98364
37,20903	7,99341
37,31999	7,98853
37,20903	7,99341
37,31999	7,98853
37,20903	7,99341
37,31999	7,99829
37,26448	7,99829
37,31999	8,00806
37,26448	7,99829
37,31999	8,00806
37,26448	8,00806
37,31999	8,00806
37,26448	8,00806
37,31999	8,00806
37,26448	8,01294
37,37557	8,01294
37,26448	8,01294
37,31999	8,01294
37,26448	8,02759
37,37557	8,02271
37,26448	8,02759
37,37557	8,02271
37,26448	8,02759
37,37557	8,02271
37,26448	8,03247
37,37557	8,02759
37,26448	8,03247
37,31999	8,03247
37,26448	8,03735
37,37557	8,03735
37,26448	8,04712
37,43122	8,04224
37,26448	8,04712
37,37557	8,04224
37,26448	8,04712
37,37557	8,04712
37,31999	8,05200
37,31999	8,05200
37,26448	8,05689
37,43122	8,05689
37,26448	8,06665
37,43122	8,05689
37,37557	8,06665
37,43122	8,05689
37,26448	8,06665
37,43122	8,06665
37,31999	8,06665
37,43122	8,06665
37,31999	8,06665
37,43122	8,06665
37,37557	8,07154
37,43122	8,07642
37,31999	8,07642
37,43122	8,08618
37,37557	8,08618
37,43122	8,08618
37,37557	8,08618
37,43122	8,08618
37,37557	8,08618
37,43122	8,08618
37,37557	8,09107
37,43122	8,09595
37,37557	8,09595
37,43122	8,09595
37,37557	8,10572
37,43122	8,10083
37,37557	8,10572
37,43122	8,10083
37,37557	8,10572
37,43122	8,10572
37,37557	8,11060
37,43122	8,11548
37,37557	8,11060
37,43122	8,11548
37,37557	8,12525
37,43122	8,12525
37,37557	8,12525
37,43122	8,12525
37,43122	8,12525
37,43122	8,12525
37,37557	8,12525
37,43122	8,12525
37,43122	8,13013
37,43122	8,13013
37,43122	8,13013
37,43122	8,13501
37,43122	8,13501
37,43122	8,13501
37,43122	8,14478
37,43122	8,13990
37,43122	8,14478
37,43122	8,14478
37,43122	8,14966
37,43122	8,14966
37,43122	8,14966
37,43122	8,15455
37,43122	8,15455
37,43122	8,15455
37,43122	8,15455
37,43122	8,16431
37,43122	8,15943
37,43122	8,16431
37,43122	8,16431
37,43122	8,16431
37,43122	8,16431
37,43122	8,16919
37,43122	8,17408
37,43122	8,17408
37,43122	8,16919
37,54270	8,17408
37,43122	8,18384
37,54270	8,17408
37,43122	8,18384
37,54270	8,18384
37,43122	8,18384
37,54270	8,18384
37,43122	8,18873
37,54270	8,18873
37,43122	8,18873
37,43122	8,19361
37,43122	8,19361
37,54270	8,19361
37,43122	8,20338
37,59854	8,20338
37,54270	8,20338
37,59854	8,20338
37,48692	8,20338
37,65444	8,20338
37,48692	8,20826
37,65444	8,20826
37,48692	8,20826
37,65444	8,20826
37,48692	8,22291
37,65444	8,21314
37,54270	8,22291
37,59854	8,21802
37,59854	8,22291
37,65444	8,22291
37,59854	8,22291
37,65444	8,22291
37,54270	8,22779
37,65444	8,22779
37,59854	8,23267
37,65444	8,22779
37,59854	8,23267
37,65444	8,24244
37,59854	8,23756
37,65444	8,24244
37,59854	8,23756
37,65444	8,24244
37,59854	8,24732
37,65444	8,24732
37,59854	8,24732
37,65444	8,25220
37,59854	8,25220
37,65444	8,25220
37,59854	8,25220
37,65444	8,25220
37,59854	8,26197
37,65444	8,25709
37,59854	8,26197
37,65444	8,26197
37,59854	8,26685
37,65444	8,26685
37,65444	8,26685
37,76645	8,27174
37,65444	8,26685
37,65444	8,28150
37,65444	8,27174
37,71041	8,28150
37,59854	8,28150
37,71041	8,28150
37,65444	8,28150
37,76645	8,28150
37,65444	8,29127
37,76645	8,28639
37,65444	8,28639
37,76645	8,28639
37,65444	8,30103
37,76645	8,29127
37,65444	8,29615
37,76645	8,29615
37,71041	8,30103
37,76645	8,30103
37,71041	8,30103
37,76645	8,30103
37,65444	8,30592
37,76645	8,31080
37,71041	8,31080
37,76645	8,31080
37,71041	8,30592
37,76645	8,32057
37,71041	8,32057
37,76645	8,32057
37,71041	8,32057
37,76645	8,32057
37,71041	8,32545
37,76645	8,32545
37,71041	8,32545
37,76645	8,33033
37,71041	8,33033
37,82256	8,33033
37,71041	8,34010
37,82256	8,33522
37,71041	8,34010
37,82256	8,34010
37,71041	8,34010
37,82256	8,34010
37,71041	8,34498
37,87873	8,34986
37,71041	8,34498
37,87873	8,34986
37,71041	8,34986
37,82256	8,34986
37,71041	8,35963
37,82256	8,35963
37,76645	8,35963
37,87873	8,35963
37,76645	8,35963
37,87873	8,36451
37,76645	8,36451
37,87873	8,36451
37,82256	8,37916
37,82256	8,36940
37,76645	8,37916
37,87873	8,37428
37,82256	8,37916
37,87873	8,37916
37,82256	8,37916
37,87873	8,37916
37,82256	8,38404
37,87873	8,38404
37,82256	8,38404
37,87873	8,38404
37,82256	8,38893
37,87873	8,39869
37,82256	8,39381
37,87873	8,39869
37,76645	8,39869
37,87873	8,39869
37,82256	8,39869
37,87873	8,40358
37,82256	8,40358
37,87873	8,40846
37,82256	8,40846
37,87873	8,40846
37,82256	8,40846
37,87873	8,40846
37,82256	8,41823
37,87873	8,41334
37,82256	8,41823
37,87873	8,41823
37,82256	8,42311
37,87873	8,42311
37,82256	8,42311
37,87873	8,42799
37,82256	8,42799
37,87873	8,43776
37,87873	8,43776
37,87873	8,43776
37,87873	8,43776
37,87873	8,43776
37,87873	8,43776
37,87873	8,43776
37,87873	8,44264
37,87873	8,44752
37,82256	8,44264
37,87873	8,44752
37,87873	8,45241
37,87873	8,44752
37,87873	8,45729
37,99127	8,45241
37,87873	8,45729
37,87873	8,45729
37,87873	8,45729
37,87873	8,45729
37,93497	8,46217
37,87873	8,46706
37,87873	8,46706
37,87873	8,47682
37,87873	8,46706
37,99127	8,47682
37,87873	8,47194
38,04765	8,47682
37,93497	8,47682
37,87873	8,47682
37,93497	8,48170
37,99127	8,48170
37,93497	8,48170
37,99127	8,48659
37,87873	8,49635
37,99127	8,48659
37,99127	8,49635
38,04765	8,49147
37,93497	8,49635
38,04765	8,49147
37,93497	8,49635
38,10409	8,49635
37,87873	8,50124
38,04765	8,50124
37,99127	8,50612
38,04765	8,50612
37,99127	8,50124
38,04765	8,50612
38,04765	8,51588
38,04765	8,51588
37,93497	8,51588
38,10409	8,51588
37,99127	8,52077
38,04765	8,52077
37,99127	8,52077
38,10409	8,52565
38,04765	8,52077
38,10409	8,52565
37,99127	8,53542
38,10409	8,52565
38,04765	8,53542
38,10409	8,53542
38,04765	8,54030
38,10409	8,53542
38,04765	8,53542
38,10409	8,54030
38,04765	8,54030
38,10409	8,54518
38,04765	8,54518
38,10409	8,55495
38,04765	8,55007
38,16060	8,55495
38,04765	8,55495
38,16060	8,55495
38,04765	8,55983
38,16060	8,55495
38,04765	8,55983
38,10409	8,56471
38,04765	8,56471
38,10409	8,56471
38,04765	8,57448
38,16060	8,56471
38,04765	8,57448
38,10409	8,56960
38,04765	8,57448
38,10409	8,57448
38,04765	8,57936
38,10409	8,57936
38,10409	8,57936
38,10409	8,57936
38,04765	8,57936
38,21718	8,58425
38,04765	8,58913
38,16060	8,59401
38,10409	8,59401
38,21718	8,59401
38,10409	8,59401
38,21718	8,59401
38,10409	8,59890
38,21718	8,60378
38,10409	8,59890
38,16060	8,60378
38,10409	8,61354
38,21718	8,60866
38,10409	8,61354
38,21718	8,61354
38,16060	8,61354
38,16060	8,61354
38,10409	8,61354
38,21718	8,61354
38,10409	8,61843
38,21718	8,62331
38,16060	8,62331
38,21718	8,63308
38,16060	8,62331
38,21718	8,63308
38,16060	8,62819
38,27383	8,63308
38,16060	8,63308
38,27383	8,63308
38,16060	8,63796
38,27383	8,63796
38,16060	8,64284
38,27383	8,64284
38,16060	8,65261
38,33054	8,64772
38,16060	8,65261
38,27383	8,64772
38,16060	8,65261
38,27383	8,65261
38,16060	8,65261
38,27383	8,65261
38,21718	8,65749
38,27383	8,66237
38,21718	8,66237
38,33054	8,66237
38,21718	8,66726
38,27383	8,66726
38,27383	8,67214
38,33054	8,67214
38,27383	8,67214
38,33054	8,67214
38,21718	8,67702
38,33054	8,68191
38,21718	8,67702
38,27383	8,68191
38,27383	8,68191
38,33054	8,68191
38,27383	8,69167
38,33054	8,68679
38,27383	8,69167
38,33054	8,68679
38,21718	8,69655
38,33054	8,69655
38,27383	8,69655
38,33054	8,70144
38,27383	8,70144
38,33054	8,71120
38,27383	8,71120
38,33054	8,71120
38,27383	8,70632
38,33054	8,71120
38,27383	8,71120
38,33054	8,71120
38,27383	8,71609
38,33054	8,72097
38,33054	8,71609
38,33054	8,72097
38,27383	8,73074
38,33054	8,72585
38,27383	8,73074
38,33054	8,72585
38,27383	8,73074
38,33054	8,73074
38,27383	8,73074
38,33054	8,73562
38,27383	8,73562
38,33054	8,74050
38,27383	8,74050
38,33054	8,74050
38,27383	8,75027
38,33054	8,75027
38,27383	8,75027
38,33054	8,75027
38,33054	8,75027
38,33054	8,75027
38,38733	8,75515
38,33054	8,75515
38,38733	8,75515
38,33054	8,76003
38,38733	8,76980
38,33054	8,76492
38,38733	8,76980
38,33054	8,76492
38,33054	8,76980
38,44419	8,76980
38,38733	8,76980
38,33054	8,77468
38,38733	8,77468
38,50111	8,77468
38,38733	8,77956
38,33054	8,77956
38,38733	8,78445
38,44419	8,78933
38,38733	8,78933
38,44419	8,78933
38,38733	8,78933
38,44419	8,78933
38,38733	8,78933
38,44419	8,79421
38,38733	8,79421
38,50111	8,79910
38,38733	8,79421
38,33054	8,79910
38,38733	8,80886
38,50111	8,79910
38,38733	8,80886
38,50111	8,80398
38,38733	8,80886
38,50111	8,80398
38,38733	8,80886
38,50111	8,80886
38,44419	8,81375
38,50111	8,81375
38,38733	8,81375
38,55811	8,81863
38,44419	8,81863
38,50111	8,82351
38,44419	8,82839
38,55811	8,82351
38,44419	8,82839
38,50111	8,82839
38,44419	8,82839
38,55811	8,83328
38,50111	8,83816
38,55811	8,83816
38,44419	8,84793
38,55811	8,84304
38,44419	8,83816
38,50111	8,84304
38,50111	8,84793
38,55811	8,84304
38,44419	8,84793
38,61518	8,85281
38,50111	8,85281
38,55811	8,85769
38,50111	8,85281
38,55811	8,85769
38,50111	8,85769
38,61518	8,86746
38,50111	8,85769
38,55811	8,86746
38,50111	8,86746
38,55811	8,86746
38,50111	8,86746
38,61518	8,87722
38,50111	8,87234
38,55811	8,87722
38,50111	8,87234
38,61518	8,87722
38,55811	8,88699
38,61518	8,87722
38,50111	8,88699
38,55811	8,88211
38,50111	8,88699
38,67232	8,88699
38,50111	8,89187
38,67232	8,89187
38,50111	8,89676
38,61518	8,89187
38,55811	8,90164
38,61518	8,89676
38,55811	8,90652
38,67232	8,90652
38,50111	8,90652
38,67232	8,90652
38,55811	8,91140
38,61518	8,90652
38,55811	8,91140
38,67232	8,91140
38,55811	8,92605
38,67232	8,91629
38,55811	8,92605
38,67232	8,91629
38,55811	8,92605
38,67232	8,92605
38,61518	8,92605
38,67232	8,92605
38,61518	8,93094
38,67232	8,93094
38,61518	8,93094
38,67232	8,93094
38,55811	8,93094
38,67232	8,94559
38,61518	8,93582
38,72953	8,94559
38,61518	8,94070
38,72953	8,94559
38,61518	8,94559
38,67232	8,94559
38,61518	8,94559
38,72953	8,95047
38,61518	8,95047
38,67232	8,95535
38,61518	8,95535
38,67232	8,96023
38,67232	8,95535
38,72953	8,96023
38,61518	8,96512
38,72953	8,96512
38,67232	8,97000
38,72953	8,96512
38,61518	8,97000
38,72953	8,97000
38,61518	8,97000
38,78681	8,97488
38,61518	8,97488
38,78681	8,97488
38,67232	8,98465
38,72953	8,98465
38,67232	8,98465
38,78681	8,98465
38,67232	8,98953
38,78681	8,98465
38,67232	8,98953
38,78681	8,99442
38,67232	8,99442
38,78681	8,99442
38,72953	8,99930
38,78681	8,99442
38,72953	9,00418
38,78681	8,99930
38,72953	9,00418
38,78681	9,00418
38,72953	9,00906
38,78681	9,00906
38,72953	9,00906
38,78681	9,01395
38,72953	9,01395
38,78681	9,02371
38,72953	9,01883
38,78681	9,02371
38,72953	9,02371
38,78681	9,02371
38,72953	9,02371
38,78681	9,02371
38,72953	9,02860
38,78681	9,03348
38,72953	9,03348
38,78681	9,03348
38,72953	9,04324
38,78681	9,03348
38,72953	9,04324
38,78681	9,03836
38,78681	9,04324
38,78681	9,03836
38,72953	9,04324
38,78681	9,04813
38,72953	9,04813
38,78681	9,05301
38,78681	9,05301
38,78681	9,06278
38,72953	9,05789
38,84416	9,06278
38,78681	9,06278
38,78681	9,06278
38,78681	9,06278
38,78681	9,06278
38,78681	9,06766
38,78681	9,06766
38,78681	9,06766
38,78681	9,07254
38,78681	9,08231
38,90158	9,07254
38,78681	9,08231
38,78681	9,08231
38,78681	9,08231
38,90158	9,08231
38,78681	9,08719
38,90158	9,08231
38,78681	9,08719
38,90158	9,10184
38,84416	9,09207
38,90158	9,09207
38,78681	9,09207
38,90158	9,10184
38,78681	9,10184
38,90158	9,10184
38,78681	9,10184
38,78681	9,10184
38,84416	9,11161
38,90158	9,10672
38,90158	9,10672
38,90158	9,11161
38,84416	9,11161
38,95908	9,11161
38,78681	9,12137
38,95908	9,11649
38,84416	9,12137
38,95908	9,12137
38,84416	9,12137
38,95908	9,12137
38,90158	9,13114
38,95908	9,12626
38,90158	9,12626
39,01665	9,13114
38,78681	9,13114
39,01665	9,14090
38,84416	9,14090
38,95908	9,14090
38,95908	9,14090
39,01665	9,14090
38,90158	9,14579
39,01665	9,14579
38,95908	9,14579
39,01665	9,15067
38,95908	9,15067
38,95908	9,15067
38,95908	9,16044
39,01665	9,15555
38,90158	9,16044
39,01665	9,16044
38,95908	9,16044
39,01665	9,16532
38,95908	9,16532
39,01665	9,16532
38,95908	9,16532
39,01665	9,17997
38,95908	9,17508
39,01665	9,17997
38,95908	9,17997
39,01665	9,17997
38,95908	9,17997
39,01665	9,17997
38,95908	9,18485
39,01665	9,18485
38,95908	9,18485
39,07429	9,18973
38,95908	9,19950
39,07429	9,19462
38,95908	9,19950
39,01665	9,18973
38,95908	9,19950
39,07429	9,19950
38,95908	9,19950
39,01665	9,19950
39,01665	9,20438
39,07429	9,20438
39,01665	9,20927
39,13201	9,20927
39,01665	9,21415
39,13201	9,21415
38,95908	9,21903
39,13201	9,21903
39,01665	9,21903
39,13201	9,21903
39,01665	9,22391
39,13201	9,22391
39,01665	9,22391
39,13201	9,22880
39,01665	9,22880
39,13201	9,22880
39,07429	9,23856
39,13201	9,22880
39,07429	9,23856
39,07429	9,23856
39,01665	9,23856
39,13201	9,24345
39,07429	9,24345
39,13201	9,24345
39,07429	9,24345
39,13201	9,24833
39,07429	9,24833
39,13201	9,25810
39,07429	9,25321
39,13201	9,25810
39,07429	9,25810
39,13201	9,25810
39,07429	9,26298
39,18980	9,26298
39,07429	9,26298
39,13201	9,26298
39,07429	9,26786
39,18980	9,27274
39,13201	9,26786
39,18980	9,27274
39,07429	9,27763
39,24766	9,27763
39,07429	9,27763
39,18980	9,28251
39,07429	9,28251
39,18980	9,28251
39,13201	9,28251
39,24766	9,28739
39,13201	9,28739
39,24766	9,29228
39,13201	9,29716
39,24766	9,29716
39,13201	9,29716
39,24766	9,29716
39,13201	9,29716
39,18980	9,30204
39,13201	9,30204
39,24766	9,30204
39,13201	9,30692
39,24766	9,30692
39,18980	9,31669
39,24766	9,30204
39,18980	9,31669
39,24766	9,31669
39,18980	9,31669
39,24766	9,31669
39,13201	9,32157
39,24766	9,31669
39,18980	9,32157
39,24766	9,33622
39,18980	9,32646
39,24766	9,32646
39,18980	9,33134
39,24766	9,33622
39,18980	9,32646
39,24766	9,33622
39,18980	9,33622
39,24766	9,33622
39,18980	9,33622
39,24766	9,34599
39,18980	9,35575
39,24766	9,34111
39,18980	9,34599
39,24766	9,34599
39,18980	9,35575
39,24766	9,34599
39,24766	9,35575
39,24766	9,35575
39,18980	9,35575
39,24766	9,36064
39,24766	9,36064
39,24766	9,36064
39,24766	9,37529
39,24766	9,36552
39,24766	9,37529
39,24766	9,37040
39,24766	9,37529
39,24766	9,37529
39,30560	9,37529
39,24766	9,37529
39,24766	9,37529
39,24766	9,37529
39,24766	9,38017
39,24766	9,38017
39,18980	9,38505
39,24766	9,38505
39,24766	9,39482
39,24766	9,38993
39,24766	9,39482
39,24766	9,39482
39,30560	9,39482
39,24766	9,38993
39,24766	9,39970
39,24766	9,39482
39,30560	9,39970
39,36361	9,41435
39,30560	9,40458
39,24766	9,40458
39,30560	9,40947
39,24766	9,41435
39,30560	9,40947
39,42170	9,41435
39,30560	9,41435
39,24766	9,41435
39,30560	9,41923
39,24766	9,41923
39,30560	9,42412
39,24766	9,42412
39,30560	9,41923
39,42170	9,42900
39,30560	9,43388
39,36361	9,42900
39,30560	9,43388
39,36361	9,43388
39,30560	9,43388
39,47986	9,43388
39,36361	9,43876
39,47986	9,43876
39,30560	9,44365
39,42170	9,44365
39,36361	9,45341
39,42170	9,44365
39,36361	9,45341
39,47986	9,44853
39,42170	9,45341
39,47986	9,45341
39,36361	9,45341
39,47986	9,45341
39,36361	9,45830
39,47986	9,45830
39,42170	9,45830
39,47986	9,46318
39,42170	9,46318
39,47986	9,46318
39,42170	9,47295
39,47986	9,46806
39,36361	9,47295
39,47986	9,47295
39,42170	9,47295
39,42170	9,47295
39,42170	9,47783
39,47986	9,47783
39,42170	9,48271
39,47986	9,48271
39,42170	9,48271
39,47986	9,48271
39,42170	9,48759
39,47986	9,49248
39,42170	9,49248
39,47986	9,49248
39,42170	9,49736
39,47986	9,50224
39,42170	9,50224
39,47986	9,49736
39,42170	9,50224
39,47986	9,50224
39,42170	9,51201
39,53809	9,50224
39,47986	9,51201
39,47986	9,50713
39,42170	9,51201
39,59641	9,51201
39,42170	9,51201
39,59641	9,51689
39,47986	9,51689
39,59641	9,51689
39,42170	9,52177
39,59641	9,52177
39,42170	9,53154
39,59641	9,53154
39,47986	9,53154
39,53809	9,53154
39,47986	9,53642
39,59641	9,53154
39,53809	9,53642
39,59641	9,53154
39,47986	9,53642
39,59641	9,54131
39,47986	9,54131
39,59641	9,54131
39,47986	9,54131
39,65479	9,54619
39,53809	9,55107
39,59641	9,54619
39,53809	9,55107
39,59641	9,55596
39,47986	9,55107
39,65479	9,55107
39,53809	9,55596
39,65479	9,56084
39,53809	9,56084
39,59641	9,57060
39,53809	9,56572
39,65479	9,57060
39,53809	9,56572
39,59641	9,57060
39,53809	9,57060
39,59641	9,57060
39,53809	9,57549
39,59641	9,57549
39,53809	9,59014
39,59641	9,57549
39,53809	9,59014
39,65479	9,58037
39,53809	9,58525
39,71326	9,58525
39,53809	9,59014
39,65479	9,59014
39,59641	9,59502
39,65479	9,59502
39,59641	9,59990
39,65479	9,59014
39,59641	9,59502
39,71326	9,59990
39,59641	9,60479
39,71326	9,59990
39,59641	9,60967
39,71326	9,60479
39,53809	9,60967
39,71326	9,60967
39,59641	9,61455
39,71326	9,61455
39,59641	9,61455
39,71326	9,61943
39,65479	9,61943
39,71326	9,61943
39,65479	9,62920
39,71326	9,62432
39,65479	9,62920
39,71326	9,62920
39,65479	9,62920
39,71326	9,62920
39,65479	9,63408
39,71326	9,62920
39,65479	9,63897
39,71326	9,63897
39,65479	9,63408
39,71326	9,64873
39,65479	9,63897
39,71326	9,64873
39,65479	9,64385
39,71326	9,64873
39,65479	9,65361
39,71326	9,65361
39,65479	9,65361
39,71326	9,64873
39,65479	9,65361
39,71326	9,65850
39,65479	9,66338
39,71326	9,65850
39,71326	9,65850
39,71326	9,66338
39,65479	9,66826
39,71326	9,66338
39,71326	9,66826
39,71326	9,66826
39,65479	9,67315
39,71326	9,68780
39,71326	9,67315
39,71326	9,68780
39,71326	9,67803
39,71326	9,68780
39,71326	9,68291
39,83042	9,68780
39,65479	9,68780
39,71326	9,69268
39,71326	9,68780
39,71326	9,69268
39,71326	9,69268
39,83042	9,69756
39,71326	9,69756
39,83042	9,69756
39,71326	9,70733
39,83042	9,70244
39,71326	9,70733
39,71326	9,70244
39,71326	9,70733
39,71326	9,70733
39,65479	9,70733
39,71326	9,70733
39,71326	9,71221
39,83042	9,71221
39,71326	9,72198
39,88911	9,71709
39,71326	9,71709
39,83042	9,72686
39,71326	9,72686
39,88911	9,72686
39,71326	9,73174
39,83042	9,72686
39,71326	9,73174
39,88911	9,73663
39,77180	9,73663
39,88911	9,73663
39,77180	9,73174
39,88911	9,74151
39,77180	9,74639
39,88911	9,73663
39,83042	9,74639
39,94788	9,74639
39,77180	9,75127
39,88911	9,75127
39,77180	9,75127
39,88911	9,75127
39,83042	9,75127
39,88911	9,75127
39,83042	9,76104
39,94788	9,76104
39,83042	9,76592
39,94788	9,76592
39,83042	9,76592
39,88911	9,76592
39,88911	9,77081
39,94788	9,76592
39,83042	9,77569
39,94788	9,77569
39,88911	9,78545
39,94788	9,77569
39,83042	9,78545
39,94788	9,77569
39,88911	9,78545
39,94788	9,78057
39,88911	9,78545
39,94788	9,78545
39,88911	9,78545
39,94788	9,79034
39,88911	9,79034
39,94788	9,79034
39,88911	9,79522
39,94788	9,80499
39,88911	9,79522
39,94788	9,80499
39,88911	9,80010
39,94788	9,80499
39,88911	9,80499
40,00673	9,80499
39,88911	9,80987
39,94788	9,81475
39,88911	9,81475
39,94788	9,81475
39,88911	9,82452
39,94788	9,81475
39,88911	9,82452
40,00673	9,81964
39,88911	9,82452
40,00673	9,82452
39,88911	9,82452
40,00673	9,82452
39,88911	9,82452
39,94788	9,83428
39,88911	9,82940
40,00673	9,83428
39,94788	9,83428
40,00673	9,83917
39,94788	9,83917
40,00673	9,84405
39,94788	9,84405
40,06566	9,84405
39,94788	9,84405
40,06566	9,84405
39,94788	9,84893
40,06566	9,84893
39,94788	9,84893
40,06566	9,84893
39,94788	9,84893
40,06566	9,85382
40,00673	9,85870
40,06566	9,86358
39,94788	9,86358
40,06566	9,86358
40,00673	9,86847
40,06566	9,86847
39,94788	9,86847
40,06566	9,87335
40,00673	9,86847
40,06566	9,88311
40,00673	9,87823
40,12467	9,88311
40,00673	9,87823
40,06566	9,88311
40,00673	9,88800
40,06566	9,88311
40,00673	9,88800
40,06566	9,88800
40,00673	9,89288
40,12467	9,89288
39,94788	9,89288
40,06566	9,89288
39,94788	9,90265
40,06566	9,89776
40,00673	9,90265
40,12467	9,89776
40,00673	9,90265
40,12467	9,90265
40,06566	9,90265
40,06566	9,90753
40,12467	9,91241
40,12467	9,91241
40,06566	9,91241
40,12467	9,91241
40,00673	9,92218
40,12467	9,91729
40,12467	9,92218
40,12467	9,92218
40,06566	9,92218
40,18375	9,92218
40,06566	9,92218
40,18375	9,92706
40,06566	9,93194
40,18375	9,92706
40,12467	9,92706
40,18375	9,93194
40,06566	9,94171
40,18375	9,93683
40,12467	9,94171
40,18375	9,94171
40,12467	9,94171
40,18375	9,94659
40,06566	9,94659
40,18375	9,95148
40,12467	9,95148
40,18375	9,95148
40,12467	9,95148
40,18375	9,96124
40,12467	9,95148
40,18375	9,96124
40,12467	9,96124
40,18375	9,96124
40,12467	9,96124
40,18375	9,96124
40,12467	9,96612
40,18375	9,97101
40,12467	9,97101
40,18375	9,97101
40,12467	9,98077
40,18375	9,97589
40,12467	9,98077
40,18375	9,98077
40,12467	9,98566
40,18375	9,98077
40,12467	9,98566
40,18375	9,98566
40,12467	9,98566
40,18375	9,99054
40,18375	9,99054
40,18375	9,99054
40,18375	9,99542
40,18375	9,99542
40,12467	9,99542
40,18375	9,99542
40,18375	9,99542
40,18375	9,99542
40,18375	9,99542
40,18375	9,99542
40,18375	9,99542
40,18375	9,99542
40,18375	9,99542
40,18375	9,99542
40,24292	9,99542
40,18375	9,99542
40,18375	9,99542
40,18375	9,99542
40,18375	9,99542
40,30216	9,99542
40,24292	9,99542
40,18375	9,99542
40,24292	9,99542
40,18375	9,99542
40,24292	9,99542
40,30216	9,99542
40,24292	9,99542
40,18375	9,99542
40,24292	9,99542
40,30216	9,99542
40,24292	9,99542
40,18375	9,99542
40,24292	9,99542
40,30216	9,99542
40,24292	9,99542
40,36149	9,99542
40,24292	9,99542
40,36149	9,99542
40,24292	9,99542
40,30216	9,99542
40,24292	9,99542
40,36149	9,99542
40,24292	9,99542
40,42089	9,99542
40,24292	9,99542
40,18375	9,99542
40,24292	9,99542
40,36149	9,99542
40,30216	9,99542
40,36149	9,99542
40,30216	9,99542
40,36149	9,99542
40,30216	9,99542
40,42089	9,99542
40,30216	9,99542
40,36149	9,99542
40,30216	9,99542
40,36149	9,99542
40,24292	9,99542
40,36149	9,99542
40,30216	9,99542
40,42089	9,99542
40,30216	9,99542
40,42089	9,99542
