Temperatura. Can B ( C )	Posizione. Can 1 e 2 ( m )
27.78483	0.00000
27.69102	0.00000
27.78483	0.00000
27.69102	0.00000
27.78483	0.00000
27.73791	0.00000
27.78483	0.00000
27.69102	0.00000
27.78483	0.00000
27.73791	0.00000
27.78483	0.00000
27.73791	0.00000
27.83178	0.00000
27.73791	0.00000
27.83178	0.00000
27.69102	0.00000
27.83178	0.00000
27.69102	0.00000
27.78483	0.00000
27.69102	0.00000
27.83178	0.00000
27.69102	0.00000
27.78483	0.00000
27.73791	0.00000
27.83178	0.00000
27.73791	0.00000
27.78483	0.00000
27.69102	0.00000
27.78483	0.00000
27.69102	0.00000
27.83178	0.00000
27.69102	0.00000
27.78483	0.00000
27.69102	0.00000
27.83178	0.00000
27.69102	0.00000
27.83178	0.00000
27.69102	0.00000
27.78483	0.00000
27.73791	0.00000
27.83178	0.00000
27.69102	0.00000
27.78483	0.00000
27.69102	0.00000
27.78483	0.00000
27.69102	0.00000
27.83178	0.00000
27.69102	0.00000
27.83178	0.00000
27.69102	0.00000
27.87876	0.00000
27.73791	0.00000
27.83178	0.00000
27.69102	0.00000
27.78483	0.00000
27.69102	0.00000
27.78483	0.00000
27.69102	0.00000
27.83178	0.00000
27.69102	0.00000
27.78483	0.00000
27.69102	0.00000
27.78483	0.00000
27.69102	0.00000
27.78483	0.00000
27.69102	0.00000
27.87876	0.00000
27.69102	0.00000
27.78483	0.00000
27.73791	0.00000
27.83178	0.00000
27.69102	0.00000
27.83178	0.00000
27.69102	0.00000
27.78483	0.00000
27.69102	0.00000
27.78483	0.00000
27.69102	0.00000
27.78483	0.00000
27.69102	0.00000
27.83178	0.00000
27.69102	0.00000
27.83178	0.00000
27.73791	0.00000
27.78483	0.00000
27.69102	0.00000
27.78483	0.00000
27.69102	0.00000
27.78483	0.00000
27.69102	0.00000
27.78483	0.00000
27.69102	0.00000
27.83178	0.00000
27.69102	0.00000
27.78483	0.00000
27.69102	0.00000
27.83178	0.00000
27.69102	0.00000
27.78483	0.00000
27.69102	0.00000
27.78483	0.00000
27.69102	0.00000
27.78483	0.00000
27.69102	0.00000
27.78483	0.00000
27.69102	0.00000
27.78483	0.00000
27.69102	0.00000
27.78483	0.00000
27.69102	0.00000
27.78483	0.00000
27.69102	0.00000
27.78483	0.00000
27.73791	0.00000
27.78483	0.00000
27.69102	0.00000
27.83178	0.00000
27.69102	0.00000
27.78483	0.00000
27.69102	0.00000
27.78483	0.00000
27.69102	0.00000
27.78483	0.00000
27.69102	0.00000
27.83178	0.00000
27.69102	0.00000
27.78483	0.00000
27.69102	0.00000
27.78483	0.00000
27.69102	0.00000
27.78483	0.00000
27.69102	0.00000
27.78483	0.00000
27.73791	0.00000
27.83178	0.00000
27.69102	0.00000
27.83178	0.00000
27.69102	0.00000
27.78483	0.00000
27.69102	0.00000
27.78483	0.00000
27.69102	0.00000
27.78483	0.00000
27.69102	0.00000
27.78483	0.00000
27.69102	0.00000
27.83178	0.00000
27.69102	0.00000
27.83178	0.00000
27.69102	0.00000
27.78483	0.00000
27.69102	0.00000
27.78483	0.00000
27.69102	0.00000
27.78483	0.00000
27.69102	0.00000
27.78483	0.00000
27.69102	0.00000
27.78483	0.00000
27.69102	0.00000
27.83178	0.00000
27.69102	0.00000
27.78483	0.00000
27.69102	0.00000
27.78483	0.00000
27.69102	0.00000
27.78483	0.00000
27.69102	0.00000
27.78483	0.00000
27.69102	0.00000
27.83178	0.00000
27.69102	0.00000
27.83178	0.00000
27.69102	0.00000
27.83178	0.00000
27.69102	0.00000
27.78483	0.00000
27.69102	0.00000
27.78483	0.00000
27.69102	0.00000
27.78483	0.00000
27.69102	0.00000
27.83178	0.00000
27.69102	0.00000
27.78483	0.00000
27.73791	0.00000
27.78483	0.00000
27.69102	0.00000
27.78483	0.00000
27.69102	0.00000
27.69102	0.00000
27.73791	0.00000
27.78483	0.00000
27.69102	0.00000
27.78483	0.00000
27.69102	0.00000
27.78483	0.00000
27.69102	0.00000
27.78483	0.00000
27.69102	0.00000
27.78483	0.00000
27.69102	0.00000
27.78483	0.00000
27.69102	0.00000
27.78483	0.00000
27.69102	0.00000
27.78483	0.00000
27.69102	0.00000
27.78483	0.00000
27.69102	0.00000
27.78483	0.00000
27.69102	0.00000
27.78483	0.00000
27.69102	0.00000
27.78483	0.00000
27.69102	0.00000
27.78483	0.00000
27.69102	0.00000
27.78483	0.00000
27.69102	0.00000
27.69102	0.00000
27.69102	0.00000
27.78483	0.00000
27.69102	0.00000
27.78483	0.00000
27.69102	0.00000
27.78483	0.00000
27.69102	0.00000
27.78483	0.00000
27.69102	0.00000
27.78483	0.00000
27.69102	0.00000
27.69102	0.00000
27.69102	0.00000
27.78483	0.00000
27.69102	0.00000
27.78483	0.00000
27.69102	0.00000
27.69102	0.00000
27.69102	0.00000
27.78483	0.00000
27.69102	0.00000
27.78483	0.00000
27.69102	0.00000
27.78483	0.00000
27.69102	0.00000
27.78483	0.00000
27.69102	0.00000
27.78483	0.00000
27.64416	0.00000
27.78483	0.00000
27.69102	0.00000
27.73791	0.00000
27.69102	0.00000
27.78483	0.00000
27.69102	0.00000
27.78483	0.00000
27.69102	0.00000
27.78483	0.00000
27.69102	0.00000
27.69102	0.00000
27.69102	0.00000
27.78483	0.00000
27.69102	0.00000
27.78483	0.00000
27.69102	0.00000
27.69102	0.00000
27.69102	0.00000
27.78483	0.00000
27.69102	0.00000
27.78483	0.00000
27.69102	0.00000
27.69102	0.00000
27.69102	0.00000
27.78483	0.00000
27.69102	0.00000
27.78483	0.00000
27.69102	0.00000
27.78483	0.00000
27.69102	0.00000
27.69102	0.00000
27.69102	0.00000
27.78483	0.00000
27.69102	0.00000
27.78483	0.00000
27.69102	0.00000
27.78483	0.00000
27.69102	0.00000
27.78483	0.00000
27.69102	0.00000
27.78483	0.00000
27.69102	0.00000
27.78483	0.00000
27.69102	0.00000
27.78483	0.00000
27.69102	0.00000
27.78483	0.00000
27.69102	0.00000
27.78483	0.00000
27.69102	0.00000
27.69102	0.00000
27.69102	0.00000
27.78483	0.00000
27.69102	0.00000
27.78483	0.00000
27.69102	0.00000
27.78483	0.00000
27.69102	0.00000
27.78483	0.00000
27.69102	0.00000
27.78483	0.00000
27.69102	0.00000
27.69102	0.00000
27.69102	0.00000
27.78483	0.00000
27.69102	0.00000
27.78483	0.00000
27.69102	0.00000
27.69102	0.00000
27.69102	0.00000
27.69102	0.00000
27.69102	0.00000
27.78483	0.00000
27.69102	0.00000
27.69102	0.00000
27.69102	0.00000
27.78483	0.00000
27.69102	0.00000
27.69102	0.00000
27.69102	0.00000
27.78483	0.00000
27.69102	0.00000
27.69102	0.00000
27.69102	0.00000
27.78483	0.00000
27.69102	0.00000
27.78483	0.00000
27.69102	0.00000
27.69102	0.00000
27.69102	0.00000
27.69102	0.00000
27.69102	0.00000
27.78483	0.00000
27.69102	0.00000
27.78483	0.00000
27.69102	0.00000
27.69102	0.00000
27.69102	0.00000
27.69102	0.00000
27.69102	0.00000
27.78483	0.00000
27.69102	0.00000
27.69102	0.00000
27.69102	0.00000
27.78483	0.00000
27.69102	0.00000
27.69102	0.00000
27.69102	0.00000
27.78483	0.00000
27.69102	0.00000
27.69102	0.00000
27.64416	0.00000
27.78483	0.00000
27.69102	0.00000
27.78483	0.00000
27.69102	0.00000
27.69102	0.00000
27.69102	0.00000
27.78483	0.00000
27.69102	0.00000
27.78483	0.00000
27.69102	0.00000
27.78483	0.00000
27.69102	0.00000
27.69102	0.00000
27.69102	0.00000
27.69102	0.00000
27.69102	0.00000
27.78483	0.00000
27.69102	0.00000
27.69102	0.00000
27.69102	0.00000
27.78483	0.00000
27.69102	0.00000
27.78483	0.00000
27.69102	0.00000
27.78483	0.00000
27.69102	0.00000
27.69102	0.00000
27.69102	0.00000
27.78483	0.00000
27.69102	0.00000
27.78483	0.00000
27.69102	0.00000
27.69102	0.00000
27.69102	0.00000
27.69102	0.00000
27.69102	0.00000
27.78483	0.00000
27.64416	0.00000
27.78483	0.00000
27.69102	0.00000
27.78483	0.00000
27.69102	0.00000
27.78483	0.00000
27.69102	0.00000
27.69102	0.00000
27.69102	0.00000
27.69102	0.00000
27.64416	0.00000
27.78483	0.00000
27.69102	0.00000
27.73791	0.00000
27.69102	0.00000
27.69102	0.00000
27.69102	0.00000
27.73791	0.00000
27.69102	0.00000
27.69102	0.00000
27.69102	0.00000
27.69102	0.00000
27.69102	0.00000
27.78483	0.00000
27.69102	0.00000
27.69102	0.00000
27.69102	0.00000
27.78483	0.00000
27.69102	0.00000
27.69102	0.00000
27.69102	0.00000
27.69102	0.00000
27.64416	0.00000
27.78483	0.00000
27.69102	0.00000
27.78483	0.00000
27.69102	0.00000
27.69102	0.00000
27.69102	0.00000
27.69102	0.00000
27.69102	0.00000
27.78483	0.00000
27.69102	0.00000
27.69102	0.00000
27.69102	0.00000
27.78483	0.00000
27.69102	0.00000
27.69102	0.00000
27.64416	0.00000
27.69102	0.00000
27.69102	0.00000
27.69102	0.00000
27.69102	0.00000
27.78483	0.00000
27.69102	0.00000
27.69102	0.00000
27.69102	0.00000
27.69102	0.00000
27.69102	0.00000
27.69102	0.00000
27.69102	0.00000
27.69102	0.00000
27.69102	0.00000
27.69102	0.00000
27.69102	0.00000
27.78483	0.00000
27.69102	0.00000
27.78483	0.00000
27.64416	0.00000
27.78483	0.00000
27.69102	0.00000
27.69102	0.00000
27.69102	0.00000
27.78483	0.00000
27.69102	0.00000
27.69102	0.00000
27.64416	0.00000
27.69102	0.00000
27.69102	0.00000
27.69102	0.00000
27.69102	0.00000
27.69102	0.00000
27.69102	0.00000
27.69102	0.00000
27.69102	0.00000
27.78483	0.00000
27.69102	0.00000
27.69102	0.00000
27.69102	0.00000
27.78483	0.00000
27.69102	0.00000
27.78483	0.00000
27.69102	6.25000E-5
27.69102	6.25000E-5
27.64416	6.25000E-5
27.78483	6.25000E-5
27.69102	6.25000E-5
27.69102	6.25000E-5
27.69102	6.25000E-5
27.69102	6.25000E-5
27.69102	6.25000E-5
27.69102	6.25000E-5
27.69102	6.25000E-5
27.78483	6.25000E-5
27.69102	6.25000E-5
27.69102	6.25000E-5
27.69102	6.25000E-5
27.69102	6.25000E-5
27.64416	6.25000E-5
27.69102	6.25000E-5
27.69102	6.25000E-5
27.69102	6.25000E-5
27.69102	6.25000E-5
27.69102	6.25000E-5
27.69102	6.25000E-5
27.69102	6.25000E-5
27.69102	6.25000E-5
27.78483	6.25000E-5
27.69102	6.25000E-5
27.69102	6.25000E-5
27.64416	6.25000E-5
27.69102	6.25000E-5
27.69102	6.25000E-5
27.69102	6.25000E-5
27.64416	6.25000E-5
27.78483	6.25000E-5
27.69102	6.25000E-5
27.69102	6.25000E-5
27.69102	6.25000E-5
27.69102	6.25000E-5
27.69102	6.25000E-5
27.69102	6.25000E-5
27.69102	6.25000E-5
27.69102	6.25000E-5
27.69102	6.25000E-5
27.78483	6.25000E-5
27.64416	6.25000E-5
27.78483	6.25000E-5
27.69102	6.25000E-5
27.69102	6.25000E-5
27.69102	6.25000E-5
27.69102	6.25000E-5
27.69102	6.25000E-5
27.69102	6.25000E-5
27.69102	6.25000E-5
27.69102	6.25000E-5
27.69102	6.25000E-5
27.69102	6.25000E-5
27.69102	6.25000E-5
27.69102	6.25000E-5
27.64416	6.25000E-5
27.69102	6.25000E-5
27.69102	6.25000E-5
27.69102	6.25000E-5
27.69102	6.25000E-5
27.69102	6.25000E-5
27.69102	6.25000E-5
27.69102	6.25000E-5
27.69102	6.25000E-5
27.69102	6.25000E-5
27.69102	6.25000E-5
27.69102	6.25000E-5
27.64416	6.25000E-5
27.69102	6.25000E-5
27.69102	6.25000E-5
27.69102	6.25000E-5
27.64416	6.25000E-5
27.69102	6.25000E-5
27.64416	6.25000E-5
27.73791	6.25000E-5
27.69102	6.25000E-5
27.69102	6.25000E-5
27.69102	6.25000E-5
27.69102	6.25000E-5
27.69102	6.25000E-5
27.69102	6.25000E-5
27.69102	6.25000E-5
27.69102	6.25000E-5
27.64416	6.25000E-5
27.69102	6.25000E-5
27.69102	6.25000E-5
27.69102	6.25000E-5
27.64416	6.25000E-5
27.69102	6.25000E-5
27.69102	6.25000E-5
27.69102	6.25000E-5
27.64416	6.25000E-5
27.69102	6.25000E-5
27.64416	6.25000E-5
27.69102	6.25000E-5
27.64416	6.25000E-5
27.69102	6.25000E-5
27.69102	6.25000E-5
27.69102	6.25000E-5
27.69102	6.25000E-5
27.69102	6.25000E-5
27.69102	6.25000E-5
27.69102	6.25000E-5
27.64416	6.25000E-5
27.69102	6.25000E-5
27.69102	6.25000E-5
27.69102	6.25000E-5
27.64416	6.25000E-5
27.69102	6.25000E-5
27.69102	6.25000E-5
27.69102	6.25000E-5
27.64416	6.25000E-5
27.69102	6.25000E-5
27.69102	6.25000E-5
27.69102	6.25000E-5
27.64416	6.25000E-5
27.78483	6.25000E-5
27.64416	6.25000E-5
27.69102	6.25000E-5
27.69102	6.25000E-5
27.69102	6.25000E-5
27.64416	6.25000E-5
27.69102	6.25000E-5
27.69102	6.25000E-5
27.69102	6.25000E-5
27.69102	6.25000E-5
27.69102	6.25000E-5
27.64416	6.25000E-5
27.69102	6.25000E-5
27.69102	6.25000E-5
27.69102	1.25000E-4
27.69102	1.25000E-4
27.78483	1.25000E-4
27.69102	1.25000E-4
27.69102	1.25000E-4
27.64416	1.25000E-4
27.69102	1.25000E-4
27.64416	1.25000E-4
27.69102	1.25000E-4
27.64416	1.25000E-4
27.69102	1.25000E-4
27.64416	1.25000E-4
27.69102	1.25000E-4
27.69102	1.25000E-4
27.69102	1.25000E-4
27.69102	1.25000E-4
27.69102	1.25000E-4
27.64416	1.25000E-4
27.69102	1.25000E-4
27.69102	1.25000E-4
27.69102	1.25000E-4
27.69102	1.25000E-4
27.69102	1.25000E-4
27.69102	1.25000E-4
27.69102	1.25000E-4
27.69102	1.25000E-4
27.69102	1.25000E-4
27.69102	1.25000E-4
27.69102	1.25000E-4
27.69102	1.25000E-4
27.69102	1.25000E-4
27.64416	1.25000E-4
27.69102	1.25000E-4
27.69102	1.25000E-4
27.69102	1.25000E-4
27.64416	1.25000E-4
27.69102	1.25000E-4
27.64416	1.25000E-4
27.69102	1.25000E-4
27.69102	1.25000E-4
27.69102	1.25000E-4
27.69102	1.25000E-4
27.69102	1.25000E-4
27.64416	1.25000E-4
27.69102	1.25000E-4
27.69102	1.25000E-4
27.69102	1.25000E-4
27.64416	1.25000E-4
27.69102	1.25000E-4
27.64416	1.25000E-4
27.69102	1.25000E-4
27.69102	1.25000E-4
27.78483	1.25000E-4
27.69102	1.25000E-4
27.69102	1.25000E-4
27.69102	1.25000E-4
27.69102	1.25000E-4
27.69102	1.25000E-4
27.78483	1.25000E-4
27.69102	1.25000E-4
27.69102	1.25000E-4
27.64416	1.25000E-4
27.78483	1.25000E-4
27.69102	1.25000E-4
27.69102	1.25000E-4
27.69102	1.25000E-4
27.69102	1.25000E-4
27.69102	1.25000E-4
27.69102	1.25000E-4
27.69102	1.25000E-4
27.69102	1.25000E-4
27.69102	1.25000E-4
27.69102	1.25000E-4
27.69102	1.25000E-4
27.69102	1.25000E-4
27.64416	1.25000E-4
27.69102	1.25000E-4
27.69102	1.25000E-4
27.69102	1.25000E-4
27.69102	1.25000E-4
27.69102	1.25000E-4
27.69102	1.25000E-4
27.69102	1.25000E-4
27.69102	1.25000E-4
27.69102	1.25000E-4
27.69102	1.25000E-4
27.69102	1.25000E-4
27.64416	1.25000E-4
27.69102	1.25000E-4
27.69102	1.25000E-4
27.69102	1.25000E-4
27.64416	1.25000E-4
27.73791	1.25000E-4
27.69102	1.25000E-4
27.69102	1.25000E-4
27.69102	1.25000E-4
27.69102	1.25000E-4
27.69102	1.25000E-4
27.69102	1.25000E-4
27.69102	1.25000E-4
27.69102	1.25000E-4
27.69102	1.25000E-4
27.69102	1.87500E-4
27.64416	1.87500E-4
27.69102	1.87500E-4
27.69102	1.87500E-4
27.69102	1.87500E-4
27.69102	1.87500E-4
27.69102	1.87500E-4
27.69102	1.87500E-4
27.78483	1.87500E-4
27.69102	1.87500E-4
27.69102	1.87500E-4
27.64416	1.87500E-4
27.73791	1.87500E-4
27.69102	1.87500E-4
27.69102	1.87500E-4
27.69102	1.87500E-4
27.69102	1.87500E-4
27.69102	1.87500E-4
27.78483	1.87500E-4
27.69102	1.87500E-4
27.69102	1.87500E-4
27.69102	1.87500E-4
27.69102	1.87500E-4
27.69102	1.87500E-4
27.78483	1.87500E-4
27.69102	1.87500E-4
27.69102	1.87500E-4
27.69102	1.87500E-4
27.73791	1.87500E-4
27.69102	1.87500E-4
27.78483	1.87500E-4
27.64416	1.87500E-4
27.69102	1.87500E-4
27.69102	1.87500E-4
27.69102	1.87500E-4
27.69102	1.87500E-4
27.69102	1.87500E-4
27.69102	1.87500E-4
27.69102	1.87500E-4
27.69102	1.87500E-4
27.69102	1.87500E-4
27.64416	1.87500E-4
27.78483	1.87500E-4
27.64416	1.87500E-4
27.69102	1.87500E-4
27.69102	1.87500E-4
27.69102	1.87500E-4
27.69102	1.87500E-4
27.69102	1.87500E-4
27.69102	1.87500E-4
27.69102	1.87500E-4
27.69102	1.87500E-4
27.78483	1.87500E-4
27.64416	2.50000E-4
27.69102	1.87500E-4
27.69102	1.87500E-4
27.69102	1.87500E-4
27.69102	1.87500E-4
27.69102	1.87500E-4
27.69102	1.87500E-4
27.69102	1.87500E-4
27.69102	1.87500E-4
27.78483	1.87500E-4
27.69102	1.87500E-4
27.69102	1.87500E-4
27.64416	1.87500E-4
27.78483	1.87500E-4
27.69102	1.87500E-4
27.69102	1.87500E-4
27.69102	1.87500E-4
27.69102	1.87500E-4
27.69102	1.87500E-4
27.69102	1.87500E-4
27.69102	1.87500E-4
27.69102	1.87500E-4
27.69102	1.87500E-4
27.69102	1.87500E-4
27.64416	1.87500E-4
27.69102	1.87500E-4
27.69102	1.87500E-4
27.69102	2.50000E-4
27.64416	2.50000E-4
27.69102	2.50000E-4
27.69102	2.50000E-4
27.69102	2.50000E-4
27.64416	2.50000E-4
27.69102	2.50000E-4
27.69102	2.50000E-4
27.69102	2.50000E-4
27.69102	2.50000E-4
27.78483	2.50000E-4
27.69102	2.50000E-4
27.69102	2.50000E-4
27.69102	2.50000E-4
27.69102	2.50000E-4
27.64416	2.50000E-4
27.78483	2.50000E-4
27.69102	2.50000E-4
27.69102	2.50000E-4
27.64416	2.50000E-4
27.69102	2.50000E-4
27.69102	2.50000E-4
27.69102	2.50000E-4
27.69102	2.50000E-4
27.69102	2.50000E-4
27.69102	2.50000E-4
27.78483	2.50000E-4
27.69102	2.50000E-4
27.69102	2.50000E-4
27.69102	2.50000E-4
27.69102	2.50000E-4
27.69102	2.50000E-4
27.78483	2.50000E-4
27.69102	2.50000E-4
27.69102	2.50000E-4
27.69102	2.50000E-4
27.78483	2.50000E-4
27.69102	2.50000E-4
27.78483	2.50000E-4
27.69102	2.50000E-4
27.78483	2.50000E-4
27.64416	2.50000E-4
27.69102	2.50000E-4
27.69102	2.50000E-4
27.78483	2.50000E-4
27.69102	2.50000E-4
27.69102	2.50000E-4
27.69102	2.50000E-4
27.78483	2.50000E-4
27.69102	2.50000E-4
27.69102	2.50000E-4
27.69102	2.50000E-4
27.69102	2.50000E-4
27.69102	2.50000E-4
27.78483	2.50000E-4
27.69102	2.50000E-4
27.69102	2.50000E-4
27.69102	2.50000E-4
27.69102	2.50000E-4
27.69102	2.50000E-4
27.78483	2.50000E-4
27.69102	2.50000E-4
27.69102	2.50000E-4
27.69102	2.50000E-4
27.69102	2.50000E-4
27.69102	2.50000E-4
27.69102	2.50000E-4
27.64416	2.50000E-4
27.69102	2.50000E-4
27.69102	2.50000E-4
27.78483	2.50000E-4
27.69102	2.50000E-4
27.69102	2.50000E-4
27.69102	2.50000E-4
27.78483	2.50000E-4
27.64416	2.50000E-4
27.73791	2.50000E-4
27.64416	2.50000E-4
27.78483	2.50000E-4
27.69102	2.50000E-4
27.73791	2.50000E-4
27.69102	2.50000E-4
27.78483	2.50000E-4
27.69102	2.50000E-4
27.69102	2.50000E-4
27.69102	2.50000E-4
27.69102	2.50000E-4
27.69102	2.50000E-4
27.69102	2.50000E-4
27.69102	2.50000E-4
27.69102	2.50000E-4
27.69102	2.50000E-4
27.78483	2.50000E-4
27.69102	2.50000E-4
27.69102	2.50000E-4
27.69102	2.50000E-4
27.69102	3.12500E-4
27.69102	3.12500E-4
27.69102	3.12500E-4
27.64416	3.12500E-4
27.78483	3.12500E-4
27.69102	3.12500E-4
27.69102	3.12500E-4
27.69102	3.12500E-4
27.78483	3.12500E-4
27.69102	3.12500E-4
27.69102	3.12500E-4
27.69102	3.12500E-4
27.69102	3.12500E-4
27.69102	3.12500E-4
27.78483	3.12500E-4
27.69102	3.12500E-4
27.78483	3.12500E-4
27.69102	3.12500E-4
27.69102	3.12500E-4
27.69102	3.12500E-4
27.78483	3.12500E-4
27.69102	3.12500E-4
27.78483	3.12500E-4
27.69102	3.12500E-4
27.69102	3.12500E-4
27.69102	3.12500E-4
27.69102	3.12500E-4
27.69102	3.12500E-4
27.78483	3.12500E-4
27.69102	3.12500E-4
27.78483	3.12500E-4
27.69102	3.12500E-4
27.78483	3.12500E-4
27.69102	3.12500E-4
27.78483	3.12500E-4
27.69102	3.12500E-4
27.78483	3.12500E-4
27.69102	3.12500E-4
27.69102	3.12500E-4
27.69102	3.12500E-4
27.78483	3.12500E-4
27.69102	3.12500E-4
27.78483	3.12500E-4
27.69102	3.12500E-4
27.78483	3.12500E-4
27.69102	3.12500E-4
27.78483	3.12500E-4
27.69102	3.12500E-4
27.78483	3.12500E-4
27.69102	3.12500E-4
27.78483	3.12500E-4
27.69102	3.12500E-4
27.69102	3.12500E-4
27.69102	3.12500E-4
27.69102	3.12500E-4
27.69102	3.12500E-4
27.69102	3.12500E-4
27.69102	3.12500E-4
27.78483	3.12500E-4
27.69102	3.12500E-4
27.69102	3.12500E-4
27.69102	3.12500E-4
27.69102	3.12500E-4
27.69102	3.12500E-4
27.78483	3.12500E-4
27.69102	3.12500E-4
27.78483	3.12500E-4
27.69102	3.12500E-4
27.69102	3.12500E-4
27.69102	3.12500E-4
27.78483	3.12500E-4
27.69102	3.12500E-4
27.78483	3.12500E-4
27.69102	3.12500E-4
27.78483	3.12500E-4
27.69102	3.12500E-4
27.78483	3.12500E-4
27.69102	3.12500E-4
27.69102	3.12500E-4
27.69102	3.12500E-4
27.78483	3.12500E-4
27.69102	3.12500E-4
27.78483	3.12500E-4
27.69102	3.12500E-4
27.83178	3.12500E-4
27.69102	3.12500E-4
27.78483	3.12500E-4
27.69102	3.12500E-4
27.78483	3.12500E-4
27.69102	3.12500E-4
27.83178	3.12500E-4
27.69102	3.12500E-4
27.83178	3.12500E-4
27.69102	3.75000E-4
27.78483	3.75000E-4
27.69102	3.75000E-4
27.78483	3.75000E-4
27.73791	3.75000E-4
27.78483	3.75000E-4
27.69102	3.75000E-4
27.69102	3.75000E-4
27.69102	3.75000E-4
27.69102	3.75000E-4
27.69102	3.75000E-4
27.78483	3.75000E-4
27.64416	3.75000E-4
27.78483	3.75000E-4
27.69102	3.75000E-4
27.83178	3.75000E-4
27.69102	3.75000E-4
27.83178	3.75000E-4
27.69102	3.75000E-4
27.83178	3.75000E-4
27.69102	3.75000E-4
27.69102	3.75000E-4
27.69102	3.75000E-4
27.83178	3.75000E-4
27.69102	3.75000E-4
27.69102	3.75000E-4
27.69102	3.75000E-4
27.78483	3.75000E-4
27.69102	3.75000E-4
27.78483	3.75000E-4
27.69102	3.75000E-4
27.78483	3.75000E-4
27.69102	3.75000E-4
27.78483	3.75000E-4
27.73791	3.75000E-4
27.78483	3.75000E-4
27.69102	3.75000E-4
27.83178	3.75000E-4
27.69102	3.75000E-4
27.78483	3.75000E-4
27.69102	3.75000E-4
27.83178	3.75000E-4
27.73791	3.75000E-4
27.78483	3.75000E-4
27.73791	3.75000E-4
27.83178	3.75000E-4
27.73791	3.75000E-4
27.83178	3.75000E-4
27.69102	3.75000E-4
27.78483	3.75000E-4
27.69102	3.75000E-4
27.78483	3.75000E-4
27.69102	3.75000E-4
27.78483	3.75000E-4
27.73791	3.75000E-4
27.78483	3.75000E-4
27.73791	3.75000E-4
27.83178	3.75000E-4
27.69102	3.75000E-4
27.83178	3.75000E-4
27.69102	3.75000E-4
27.78483	3.75000E-4
27.69102	3.75000E-4
27.78483	3.75000E-4
27.69102	3.75000E-4
27.78483	3.75000E-4
27.73791	3.75000E-4
27.83178	3.75000E-4
27.73791	3.75000E-4
27.78483	3.75000E-4
27.69102	3.75000E-4
27.78483	3.75000E-4
27.69102	3.75000E-4
27.83178	3.75000E-4
27.73791	3.75000E-4
27.83178	3.75000E-4
27.69102	3.75000E-4
27.83178	3.75000E-4
27.69102	3.75000E-4
27.83178	3.75000E-4
27.78483	3.75000E-4
27.83178	3.75000E-4
27.69102	4.37500E-4
27.78483	4.37500E-4
27.69102	4.37500E-4
27.83178	4.37500E-4
27.73791	4.37500E-4
27.83178	4.37500E-4
27.78483	4.37500E-4
27.78483	4.37500E-4
27.69102	4.37500E-4
27.78483	4.37500E-4
27.69102	4.37500E-4
27.83178	4.37500E-4
27.73791	4.37500E-4
27.83178	4.37500E-4
27.78483	4.37500E-4
27.87876	4.37500E-4
27.73791	4.37500E-4
27.83178	4.37500E-4
27.78483	4.37500E-4
27.83178	4.37500E-4
27.78483	4.37500E-4
27.78483	4.37500E-4
27.69102	4.37500E-4
27.83178	4.37500E-4
27.69102	4.37500E-4
27.83178	4.37500E-4
27.73791	4.37500E-4
27.83178	4.37500E-4
27.78483	4.37500E-4
27.87876	4.37500E-4
27.78483	4.37500E-4
27.87876	4.37500E-4
27.73791	4.37500E-4
27.87876	4.37500E-4
27.73791	4.37500E-4
27.87876	4.37500E-4
27.73791	4.37500E-4
27.87876	4.37500E-4
27.73791	4.37500E-4
27.87876	4.37500E-4
27.78483	4.37500E-4
27.87876	4.37500E-4
27.78483	4.37500E-4
27.83178	4.37500E-4
27.73791	4.37500E-4
27.87876	4.37500E-4
27.78483	4.37500E-4
27.87876	4.37500E-4
27.73791	4.37500E-4
27.87876	4.37500E-4
27.69102	4.37500E-4
27.83178	4.37500E-4
27.83178	4.37500E-4
27.87876	4.37500E-4
27.78483	4.37500E-4
27.87876	4.37500E-4
27.69102	4.37500E-4
27.87876	4.37500E-4
27.83178	4.37500E-4
27.83178	4.37500E-4
27.78483	4.37500E-4
27.87876	4.37500E-4
27.83178	4.37500E-4
27.87876	4.37500E-4
27.78483	4.37500E-4
27.83178	4.37500E-4
27.83178	4.37500E-4
27.87876	4.37500E-4
27.78483	4.37500E-4
27.83178	4.37500E-4
27.78483	4.37500E-4
27.87876	4.37500E-4
27.78483	4.37500E-4
27.87876	4.37500E-4
27.78483	4.37500E-4
27.87876	4.37500E-4
27.78483	5.00000E-4
27.87876	5.00000E-4
27.78483	5.00000E-4
27.87876	5.00000E-4
27.83178	5.00000E-4
27.87876	5.00000E-4
27.83178	5.00000E-4
27.87876	5.00000E-4
27.83178	5.00000E-4
27.87876	5.00000E-4
27.78483	5.00000E-4
27.87876	5.00000E-4
27.83178	5.00000E-4
27.87876	5.00000E-4
27.83178	5.00000E-4
27.87876	5.00000E-4
27.78483	5.00000E-4
27.87876	5.00000E-4
27.83178	5.00000E-4
27.87876	5.00000E-4
27.78483	5.00000E-4
27.87876	5.00000E-4
27.83178	5.00000E-4
27.87876	5.00000E-4
27.83178	5.00000E-4
27.87876	5.00000E-4
27.83178	5.00000E-4
27.87876	5.00000E-4
27.83178	5.00000E-4
27.87876	5.00000E-4
27.83178	5.00000E-4
27.87876	5.00000E-4
27.83178	5.00000E-4
27.87876	5.00000E-4
27.83178	5.00000E-4
27.87876	5.00000E-4
27.83178	5.00000E-4
27.87876	5.00000E-4
27.83178	5.00000E-4
27.87876	5.00000E-4
27.83178	5.00000E-4
27.87876	5.00000E-4
27.83178	5.00000E-4
27.87876	5.00000E-4
27.83178	5.00000E-4
27.87876	5.00000E-4
27.83178	5.00000E-4
27.87876	5.00000E-4
27.83178	5.00000E-4
27.87876	5.00000E-4
27.83178	5.00000E-4
27.87876	5.00000E-4
27.83178	5.00000E-4
27.87876	5.00000E-4
27.83178	5.00000E-4
27.87876	5.00000E-4
27.83178	5.00000E-4
27.87876	5.00000E-4
27.83178	5.00000E-4
27.87876	5.00000E-4
27.83178	5.00000E-4
27.87876	5.00000E-4
27.83178	5.00000E-4
27.87876	5.00000E-4
27.83178	5.00000E-4
27.87876	5.00000E-4
27.83178	5.00000E-4
27.87876	5.00000E-4
27.83178	5.00000E-4
27.87876	5.00000E-4
27.83178	5.00000E-4
27.87876	5.00000E-4
27.87876	5.00000E-4
27.92577	5.62500E-4
27.83178	5.62500E-4
27.87876	5.62500E-4
27.83178	5.62500E-4
27.87876	5.62500E-4
27.83178	5.62500E-4
27.87876	5.62500E-4
27.83178	5.62500E-4
27.87876	5.62500E-4
27.83178	5.62500E-4
27.87876	5.62500E-4
27.87876	5.62500E-4
27.87876	5.62500E-4
27.83178	5.62500E-4
27.87876	5.62500E-4
27.83178	5.62500E-4
27.87876	5.62500E-4
27.87876	5.62500E-4
27.92577	5.62500E-4
27.83178	5.62500E-4
27.97282	5.62500E-4
27.83178	5.62500E-4
27.87876	5.62500E-4
27.83178	5.62500E-4
27.87876	5.62500E-4
27.87876	5.62500E-4
27.92577	5.62500E-4
27.83178	5.62500E-4
27.92577	5.62500E-4
27.83178	5.62500E-4
27.92577	5.62500E-4
27.87876	5.62500E-4
27.87876	5.62500E-4
27.83178	5.62500E-4
27.92577	5.62500E-4
27.87876	5.62500E-4
27.92577	5.62500E-4
27.83178	5.62500E-4
27.97282	5.62500E-4
27.83178	5.62500E-4
27.87876	5.62500E-4
27.83178	5.62500E-4
27.92577	5.62500E-4
27.83178	5.62500E-4
27.87876	5.62500E-4
27.83178	5.62500E-4
27.92577	5.62500E-4
27.87876	5.62500E-4
27.92577	5.62500E-4
27.83178	5.62500E-4
27.92577	5.62500E-4
27.87876	5.62500E-4
27.87876	5.62500E-4
27.83178	5.62500E-4
27.92577	5.62500E-4
27.92577	5.62500E-4
27.97282	5.62500E-4
27.83178	5.62500E-4
27.92577	5.62500E-4
27.87876	5.62500E-4
27.97282	5.62500E-4
27.83178	5.62500E-4
27.92577	5.62500E-4
27.87876	5.62500E-4
27.97282	5.62500E-4
27.87876	5.62500E-4
27.97282	5.62500E-4
27.83178	5.62500E-4
27.92577	5.62500E-4
27.87876	5.62500E-4
27.92577	5.62500E-4
27.87876	5.62500E-4
27.97282	5.62500E-4
27.92577	5.62500E-4
27.97282	5.62500E-4
27.87876	5.62500E-4
27.97282	5.62500E-4
27.83178	5.62500E-4
27.97282	5.62500E-4
27.87876	5.62500E-4
27.92577	5.62500E-4
27.87876	5.62500E-4
27.97282	5.62500E-4
27.92577	5.62500E-4
27.97282	5.62500E-4
27.87876	5.62500E-4
27.97282	5.62500E-4
27.83178	5.62500E-4
27.97282	5.62500E-4
27.92577	5.62500E-4
27.97282	6.25000E-4
27.92577	6.25000E-4
27.97282	6.25000E-4
27.92577	6.25000E-4
27.97282	6.25000E-4
27.87876	6.25000E-4
27.97282	6.25000E-4
27.87876	6.25000E-4
27.97282	6.25000E-4
27.87876	6.25000E-4
27.97282	6.25000E-4
27.87876	6.25000E-4
27.97282	6.25000E-4
27.92577	6.25000E-4
27.97282	6.25000E-4
27.87876	6.25000E-4
27.97282	6.25000E-4
27.87876	6.25000E-4
27.97282	6.25000E-4
27.92577	6.25000E-4
27.97282	6.25000E-4
27.87876	6.25000E-4
28.01989	6.25000E-4
27.87876	6.25000E-4
27.97282	6.25000E-4
27.87876	6.25000E-4
27.97282	6.25000E-4
27.92577	6.25000E-4
27.97282	6.25000E-4
27.92577	6.25000E-4
27.97282	6.25000E-4
27.92577	6.25000E-4
28.01989	6.25000E-4
27.87876	6.25000E-4
28.01989	6.25000E-4
27.92577	6.25000E-4
28.01989	6.25000E-4
27.92577	6.25000E-4
27.97282	6.25000E-4
27.92577	6.25000E-4
28.01989	6.25000E-4
27.92577	6.25000E-4
27.97282	6.25000E-4
27.92577	6.25000E-4
27.97282	6.25000E-4
27.92577	6.25000E-4
27.97282	6.25000E-4
27.92577	6.25000E-4
27.97282	6.25000E-4
27.92577	6.25000E-4
27.97282	6.25000E-4
27.92577	6.25000E-4
27.97282	6.25000E-4
27.92577	6.25000E-4
27.97282	6.25000E-4
27.92577	6.25000E-4
28.01989	6.25000E-4
27.92577	6.25000E-4
27.97282	6.25000E-4
27.92577	6.25000E-4
27.97282	6.25000E-4
27.92577	6.25000E-4
27.97282	6.25000E-4
27.92577	6.25000E-4
28.01989	6.25000E-4
27.92577	6.25000E-4
27.97282	6.25000E-4
27.92577	6.25000E-4
27.97282	6.25000E-4
27.92577	6.25000E-4
28.01989	6.25000E-4
27.92577	6.25000E-4
27.97282	6.25000E-4
27.92577	6.25000E-4
28.01989	6.25000E-4
27.92577	6.25000E-4
28.01989	6.25000E-4
27.97282	6.25000E-4
28.01989	6.25000E-4
27.92577	6.25000E-4
28.06700	6.87500E-4
27.92577	6.87500E-4
28.06700	6.87500E-4
27.92577	6.87500E-4
28.01989	6.87500E-4
27.92577	6.87500E-4
28.06700	6.87500E-4
27.97282	6.87500E-4
28.01989	6.87500E-4
27.97282	6.87500E-4
28.06700	6.87500E-4
27.92577	6.87500E-4
28.01989	6.87500E-4
27.97282	6.87500E-4
28.01989	6.87500E-4
27.97282	6.87500E-4
28.01989	6.87500E-4
28.01989	6.87500E-4
28.06700	6.87500E-4
27.92577	6.87500E-4
28.06700	6.87500E-4
27.97282	6.87500E-4
28.01989	6.87500E-4
27.97282	6.87500E-4
28.06700	6.87500E-4
28.01989	6.87500E-4
28.06700	6.87500E-4
27.97282	6.87500E-4
28.01989	6.87500E-4
27.97282	6.87500E-4
28.06700	6.87500E-4
27.97282	6.87500E-4
28.06700	6.87500E-4
27.97282	6.87500E-4
28.06700	6.87500E-4
27.92577	6.87500E-4
28.01989	6.87500E-4
28.01989	6.87500E-4
28.06700	6.87500E-4
28.01989	6.87500E-4
28.06700	6.87500E-4
27.97282	6.87500E-4
28.06700	6.87500E-4
27.97282	6.87500E-4
28.06700	6.87500E-4
28.01989	6.87500E-4
28.06700	6.87500E-4
27.97282	6.87500E-4
28.06700	6.87500E-4
27.97282	6.87500E-4
28.06700	6.87500E-4
27.97282	6.87500E-4
28.06700	6.87500E-4
28.01989	6.87500E-4
28.06700	6.87500E-4
28.01989	6.87500E-4
28.06700	6.87500E-4
28.01989	6.87500E-4
28.06700	6.87500E-4
28.01989	6.87500E-4
28.06700	6.87500E-4
28.01989	6.87500E-4
28.06700	6.87500E-4
28.01989	6.87500E-4
28.06700	6.87500E-4
27.97282	6.87500E-4
28.06700	6.87500E-4
28.01989	6.87500E-4
28.06700	6.87500E-4
27.97282	6.87500E-4
28.06700	6.87500E-4
28.01989	6.87500E-4
28.06700	6.87500E-4
28.01989	6.87500E-4
28.06700	6.87500E-4
28.01989	6.87500E-4
28.06700	6.87500E-4
28.01989	6.87500E-4
28.06700	6.87500E-4
28.01989	6.87500E-4
28.06700	6.87500E-4
28.01989	6.87500E-4
28.06700	6.87500E-4
28.01989	7.50000E-4
28.06700	7.50000E-4
28.01989	7.50000E-4
28.06700	7.50000E-4
28.01989	7.50000E-4
28.06700	7.50000E-4
28.01989	7.50000E-4
28.06700	7.50000E-4
28.01989	7.50000E-4
28.06700	7.50000E-4
28.01989	7.50000E-4
28.06700	7.50000E-4
28.01989	7.50000E-4
28.06700	7.50000E-4
28.01989	7.50000E-4
28.06700	7.50000E-4
28.01989	7.50000E-4
28.06700	7.50000E-4
28.01989	7.50000E-4
28.06700	7.50000E-4
28.01989	7.50000E-4
28.06700	7.50000E-4
28.01989	7.50000E-4
28.06700	7.50000E-4
28.01989	7.50000E-4
28.06700	7.50000E-4
28.01989	7.50000E-4
28.06700	7.50000E-4
28.06700	7.50000E-4
28.06700	7.50000E-4
28.01989	7.50000E-4
28.06700	7.50000E-4
28.01989	7.50000E-4
28.06700	7.50000E-4
28.06700	7.50000E-4
28.06700	7.50000E-4
28.01989	7.50000E-4
28.06700	7.50000E-4
28.06700	7.50000E-4
28.06700	7.50000E-4
28.01989	7.50000E-4
28.06700	7.50000E-4
28.01989	7.50000E-4
28.06700	7.50000E-4
28.01989	7.50000E-4
28.06700	7.50000E-4
28.06700	7.50000E-4
28.16131	7.50000E-4
28.06700	7.50000E-4
28.06700	7.50000E-4
28.06700	7.50000E-4
28.06700	7.50000E-4
28.01989	7.50000E-4
28.06700	7.50000E-4
28.06700	7.50000E-4
28.06700	7.50000E-4
28.06700	7.50000E-4
28.06700	7.50000E-4
28.06700	7.50000E-4
28.06700	7.50000E-4
28.06700	7.50000E-4
28.16131	7.50000E-4
28.06700	7.50000E-4
28.06700	7.50000E-4
28.01989	7.50000E-4
28.16131	7.50000E-4
28.06700	7.50000E-4
28.16131	7.50000E-4
28.06700	7.50000E-4
28.06700	7.50000E-4
28.06700	7.50000E-4
28.06700	7.50000E-4
28.06700	7.50000E-4
28.16131	7.50000E-4
28.06700	8.12500E-4
28.16131	7.50000E-4
28.06700	8.12500E-4
28.06700	8.12500E-4
28.06700	8.12500E-4
28.16131	8.12500E-4
28.06700	8.12500E-4
28.16131	8.12500E-4
28.06700	8.12500E-4
28.06700	8.12500E-4
28.06700	8.12500E-4
28.06700	8.12500E-4
28.06700	8.12500E-4
28.16131	8.12500E-4
28.06700	8.12500E-4
28.16131	8.12500E-4
28.06700	8.12500E-4
28.16131	8.12500E-4
28.06700	8.12500E-4
28.16131	8.12500E-4
28.06700	8.12500E-4
28.16131	8.12500E-4
28.06700	8.12500E-4
28.16131	8.12500E-4
28.06700	8.12500E-4
28.16131	8.12500E-4
28.11414	8.12500E-4
28.16131	8.12500E-4
28.11414	8.12500E-4
28.16131	8.12500E-4
28.06700	8.12500E-4
28.06700	8.12500E-4
28.06700	8.12500E-4
28.16131	8.12500E-4
28.11414	8.12500E-4
28.20851	8.12500E-4
28.11414	8.12500E-4
28.20851	8.12500E-4
28.11414	8.12500E-4
28.20851	8.12500E-4
28.11414	8.12500E-4
28.20851	8.12500E-4
28.11414	8.12500E-4
28.16131	8.12500E-4
28.11414	8.12500E-4
28.16131	8.12500E-4
28.11414	8.12500E-4
28.20851	8.12500E-4
28.11414	8.12500E-4
28.20851	8.12500E-4
28.11414	8.12500E-4
28.20851	8.12500E-4
28.11414	8.12500E-4
28.20851	8.12500E-4
28.20851	8.12500E-4
28.20851	8.12500E-4
28.06700	8.12500E-4
28.25575	8.12500E-4
28.16131	8.12500E-4
28.20851	8.12500E-4
28.11414	8.12500E-4
28.20851	8.12500E-4
28.16131	8.12500E-4
28.20851	8.12500E-4
28.16131	8.12500E-4
28.16131	8.12500E-4
28.20851	8.12500E-4
28.25575	8.12500E-4
28.11414	8.12500E-4
28.20851	8.12500E-4
28.20851	8.12500E-4
28.20851	8.12500E-4
28.20851	8.12500E-4
28.16131	8.12500E-4
28.16131	8.12500E-4
28.25575	8.12500E-4
28.20851	8.12500E-4
28.25575	8.12500E-4
28.16131	8.12500E-4
28.25575	8.12500E-4
28.16131	8.12500E-4
28.25575	8.12500E-4
28.06700	8.12500E-4
28.25575	8.12500E-4
28.16131	8.12500E-4
28.25575	8.12500E-4
28.16131	8.12500E-4
28.25575	8.12500E-4
28.20851	8.12500E-4
28.25575	8.12500E-4
28.11414	8.75000E-4
28.25575	8.75000E-4
28.20851	8.75000E-4
28.25575	8.75000E-4
28.16131	8.75000E-4
28.25575	8.75000E-4
28.16131	8.75000E-4
28.25575	8.75000E-4
28.16131	8.75000E-4
28.25575	8.75000E-4
28.11414	8.75000E-4
28.25575	8.75000E-4
28.20851	8.75000E-4
28.25575	8.75000E-4
28.20851	8.75000E-4
28.25575	8.75000E-4
28.20851	8.75000E-4
28.25575	8.75000E-4
28.20851	8.75000E-4
28.25575	8.75000E-4
28.20851	8.75000E-4
28.25575	8.75000E-4
28.20851	8.75000E-4
28.25575	8.75000E-4
28.20851	8.75000E-4
28.25575	8.75000E-4
28.20851	8.75000E-4
28.25575	8.75000E-4
28.20851	8.75000E-4
28.25575	8.75000E-4
28.20851	8.75000E-4
28.25575	8.75000E-4
28.20851	8.75000E-4
28.25575	8.75000E-4
28.20851	8.75000E-4
28.25575	8.75000E-4
28.20851	8.75000E-4
28.30301	8.75000E-4
28.20851	8.75000E-4
28.25575	8.75000E-4
28.20851	8.75000E-4
28.25575	8.75000E-4
28.20851	8.75000E-4
28.25575	8.75000E-4
28.20851	8.75000E-4
28.25575	8.75000E-4
28.20851	8.75000E-4
28.25575	8.75000E-4
28.20851	8.75000E-4
28.30301	8.75000E-4
28.25575	8.75000E-4
28.25575	8.75000E-4
28.25575	8.75000E-4
28.25575	8.75000E-4
28.20851	8.75000E-4
28.30301	8.75000E-4
28.25575	8.75000E-4
28.30301	8.75000E-4
28.20851	8.75000E-4
28.30301	8.75000E-4
28.25575	8.75000E-4
28.30301	8.75000E-4
28.20851	8.75000E-4
28.25575	8.75000E-4
28.20851	8.75000E-4
28.25575	8.75000E-4
28.25575	8.75000E-4
28.30301	8.75000E-4
28.25575	8.75000E-4
28.30301	8.75000E-4
28.25575	8.75000E-4
28.30301	8.75000E-4
28.25575	8.75000E-4
28.35031	9.37500E-4
28.25575	9.37500E-4
28.30301	9.37500E-4
28.20851	9.37500E-4
28.35031	9.37500E-4
28.25575	9.37500E-4
28.25575	9.37500E-4
28.25575	9.37500E-4
28.35031	9.37500E-4
28.25575	9.37500E-4
28.30301	9.37500E-4
28.20851	9.37500E-4
28.35031	9.37500E-4
28.30301	9.37500E-4
28.35031	9.37500E-4
28.25575	9.37500E-4
28.35031	9.37500E-4
28.25575	9.37500E-4
28.35031	9.37500E-4
28.30301	9.37500E-4
28.35031	9.37500E-4
28.25575	9.37500E-4
28.35031	9.37500E-4
28.25575	9.37500E-4
28.35031	9.37500E-4
28.30301	9.37500E-4
28.30301	9.37500E-4
28.25575	9.37500E-4
28.35031	9.37500E-4
28.30301	9.37500E-4
28.35031	9.37500E-4
28.25575	9.37500E-4
28.35031	9.37500E-4
28.25575	9.37500E-4
28.35031	9.37500E-4
28.30301	9.37500E-4
28.35031	9.37500E-4
28.25575	9.37500E-4
28.30301	9.37500E-4
28.30301	9.37500E-4
28.35031	9.37500E-4
28.30301	9.37500E-4
28.35031	9.37500E-4
28.25575	9.37500E-4
28.35031	9.37500E-4
28.30301	9.37500E-4
28.35031	9.37500E-4
28.30301	9.37500E-4
28.35031	9.37500E-4
28.30301	9.37500E-4
28.35031	9.37500E-4
28.30301	9.37500E-4
28.39765	9.37500E-4
28.30301	9.37500E-4
28.35031	9.37500E-4
28.30301	9.37500E-4
28.39765	9.37500E-4
28.30301	9.37500E-4
28.35031	9.37500E-4
28.25575	9.37500E-4
28.39765	9.37500E-4
28.35031	9.37500E-4
28.39765	9.37500E-4
28.30301	9.37500E-4
28.39765	9.37500E-4
28.30301	9.37500E-4
28.39765	9.37500E-4
28.30301	9.37500E-4
28.39765	9.37500E-4
28.30301	9.37500E-4
28.35031	0.00100
28.30301	0.00100
28.39765	0.00100
28.30301	0.00100
28.44501	0.00100
28.30301	0.00100
28.39765	0.00100
28.30301	0.00100
28.39765	0.00100
28.30301	0.00100
28.44501	0.00100
28.35031	0.00100
28.39765	0.00100
28.30301	0.00100
28.39765	0.00100
28.30301	0.00100
28.44501	0.00100
28.35031	0.00100
28.44501	0.00100
28.35031	0.00100
28.44501	0.00100
28.30301	0.00100
28.44501	0.00100
28.35031	0.00100
28.44501	0.00100
28.35031	0.00100
28.44501	0.00100
28.35031	0.00100
28.44501	0.00100
28.39765	0.00100
28.44501	0.00100
28.39765	0.00100
28.44501	0.00100
28.35031	0.00100
28.44501	0.00100
28.35031	0.00100
28.44501	0.00100
28.39765	0.00100
28.44501	0.00100
28.39765	0.00100
28.44501	0.00100
28.35031	0.00100
28.44501	0.00100
28.39765	0.00100
28.44501	0.00100
28.39765	0.00100
28.44501	0.00100
28.39765	0.00100
28.44501	0.00100
28.39765	0.00100
28.44501	0.00100
28.39765	0.00100
28.44501	0.00100
28.39765	0.00100
28.44501	0.00100
28.39765	0.00100
28.44501	0.00100
28.39765	0.00100
28.44501	0.00100
28.39765	0.00100
28.44501	0.00100
28.39765	0.00100
28.44501	0.00100
28.39765	0.00100
28.44501	0.00100
28.39765	0.00100
28.44501	0.00100
28.39765	0.00100
28.44501	0.00100
28.39765	0.00100
28.44501	0.00100
28.39765	0.00100
28.44501	0.00100
28.39765	0.00100
28.44501	0.00100
28.39765	0.00100
28.44501	0.00100
28.39765	0.00100
28.44501	0.00100
28.44501	0.00106
28.44501	0.00106
28.44501	0.00106
28.44501	0.00106
28.39765	0.00106
28.44501	0.00106
28.39765	0.00106
28.44501	0.00106
28.39765	0.00106
28.44501	0.00106
28.39765	0.00106
28.44501	0.00106
28.44501	0.00106
28.44501	0.00106
28.44501	0.00106
28.44501	0.00106
28.44501	0.00106
28.44501	0.00106
28.39765	0.00106
28.44501	0.00106
28.44501	0.00106
28.44501	0.00106
28.44501	0.00106
28.44501	0.00106
28.49241	0.00106
28.44501	0.00106
28.44501	0.00106
28.44501	0.00106
28.49241	0.00106
28.44501	0.00106
28.39765	0.00106
28.44501	0.00106
28.44501	0.00106
28.44501	0.00106
28.49241	0.00106
28.44501	0.00106
28.49241	0.00106
28.44501	0.00106
28.44501	0.00106
28.44501	0.00106
28.49241	0.00106
28.53984	0.00106
28.49241	0.00106
28.44501	0.00106
28.49241	0.00106
28.44501	0.00106
28.49241	0.00106
28.58730	0.00106
28.44501	0.00106
28.44501	0.00106
28.49241	0.00106
28.53984	0.00106
28.49241	0.00106
28.44501	0.00106
28.49241	0.00106
28.53984	0.00106
28.49241	0.00106
28.58730	0.00106
28.49241	0.00106
28.53984	0.00106
28.44501	0.00106
28.44501	0.00106
28.49241	0.00106
28.53984	0.00106
28.49241	0.00106
28.58730	0.00106
28.49241	0.00106
28.58730	0.00106
28.49241	0.00106
28.53984	0.00106
28.49241	0.00106
28.44501	0.00106
28.53984	0.00106
28.53984	0.00106
28.49241	0.00106
28.58730	0.00106
28.53984	0.00106
28.53984	0.00112
28.49241	0.00112
28.58730	0.00112
28.49241	0.00112
28.58730	0.00112
28.49241	0.00112
28.53984	0.00112
28.49241	0.00112
28.53984	0.00112
28.49241	0.00112
28.58730	0.00112
28.49241	0.00112
28.58730	0.00112
28.49241	0.00112
28.58730	0.00112
28.53984	0.00112
28.58730	0.00112
28.53984	0.00112
28.58730	0.00112
28.49241	0.00112
28.53984	0.00112
28.49241	0.00112
28.58730	0.00112
28.53984	0.00112
28.58730	0.00112
28.58730	0.00112
28.63480	0.00112
28.58730	0.00112
28.58730	0.00112
28.58730	0.00112
28.63480	0.00112
28.58730	0.00112
28.63480	0.00112
28.53984	0.00112
28.58730	0.00112
28.58730	0.00112
28.58730	0.00112
28.53984	0.00112
28.63480	0.00112
28.53984	0.00112
28.63480	0.00112
28.53984	0.00112
28.63480	0.00112
28.58730	0.00112
28.63480	0.00112
28.58730	0.00112
28.63480	0.00112
28.53984	0.00112
28.63480	0.00112
28.58730	0.00112
28.63480	0.00112
28.53984	0.00112
28.63480	0.00112
28.58730	0.00112
28.63480	0.00112
28.58730	0.00112
28.63480	0.00112
28.58730	0.00112
28.63480	0.00112
28.58730	0.00112
28.63480	0.00112
28.58730	0.00112
28.68233	0.00112
28.58730	0.00112
28.63480	0.00112
28.58730	0.00112
28.63480	0.00112
28.58730	0.00112
28.63480	0.00112
28.58730	0.00112
28.63480	0.00112
28.58730	0.00112
28.63480	0.00112
28.58730	0.00112
28.63480	0.00112
28.58730	0.00112
28.63480	0.00112
28.58730	0.00112
28.68233	0.00112
28.58730	0.00112
28.68233	0.00119
28.58730	0.00119
28.72989	0.00119
28.58730	0.00119
28.72989	0.00119
28.58730	0.00119
28.63480	0.00119
28.58730	0.00119
28.63480	0.00119
28.58730	0.00119
28.68233	0.00119
28.58730	0.00119
28.68233	0.00119
28.63480	0.00119
28.68233	0.00119
28.63480	0.00119
28.63480	0.00119
28.58730	0.00119
28.72989	0.00119
28.63480	0.00119
28.72989	0.00119
28.63480	0.00119
28.63480	0.00119
28.58730	0.00119
28.68233	0.00119
28.63480	0.00119
28.72989	0.00119
28.63480	0.00119
28.72989	0.00119
28.63480	0.00119
28.68233	0.00119
28.68233	0.00119
28.72989	0.00119
28.63480	0.00119
28.72989	0.00119
28.63480	0.00119
28.72989	0.00119
28.63480	0.00119
28.72989	0.00119
28.68233	0.00119
28.72989	0.00119
28.68233	0.00119
28.72989	0.00119
28.68233	0.00119
28.72989	0.00119
28.63480	0.00119
28.72989	0.00119
28.68233	0.00119
28.72989	0.00119
28.68233	0.00119
28.72989	0.00119
28.68233	0.00119
28.72989	0.00119
28.68233	0.00119
28.72989	0.00119
28.68233	0.00119
28.72989	0.00119
28.68233	0.00119
28.77748	0.00119
28.63480	0.00119
28.72989	0.00119
28.68233	0.00119
28.72989	0.00119
28.68233	0.00119
28.77748	0.00119
28.68233	0.00119
28.72989	0.00119
28.68233	0.00119
28.77748	0.00119
28.68233	0.00119
28.72989	0.00119
28.68233	0.00119
28.77748	0.00119
28.72989	0.00119
28.72989	0.00119
28.68233	0.00119
28.77748	0.00119
28.68233	0.00125
28.77748	0.00125
28.72989	0.00125
28.77748	0.00125
28.68233	0.00125
28.77748	0.00125
28.72989	0.00125
28.72989	0.00125
28.68233	0.00125
28.77748	0.00125
28.72989	0.00125
28.77748	0.00125
28.68233	0.00125
28.77748	0.00125
28.72989	0.00125
28.82511	0.00125
28.68233	0.00125
28.82511	0.00125
28.68233	0.00125
28.82511	0.00125
28.72989	0.00125
28.82511	0.00125
28.72989	0.00125
28.82511	0.00125
28.72989	0.00125
28.82511	0.00125
28.77748	0.00125
28.82511	0.00125
28.72989	0.00125
28.82511	0.00125
28.77748	0.00125
28.82511	0.00125
28.77748	0.00125
28.82511	0.00125
28.77748	0.00125
28.82511	0.00125
28.77748	0.00125
28.82511	0.00125
28.77748	0.00125
28.82511	0.00125
28.72989	0.00125
28.82511	0.00125
28.77748	0.00125
28.82511	0.00125
28.77748	0.00125
28.82511	0.00125
28.77748	0.00125
28.82511	0.00125
28.77748	0.00125
28.82511	0.00125
28.77748	0.00125
28.82511	0.00125
28.77748	0.00125
28.82511	0.00125
28.77748	0.00125
28.82511	0.00125
28.77748	0.00125
28.82511	0.00125
28.77748	0.00125
28.82511	0.00125
28.77748	0.00125
28.82511	0.00125
28.77748	0.00125
28.82511	0.00125
28.77748	0.00125
28.82511	0.00125
28.77748	0.00125
28.82511	0.00125
28.77748	0.00125
28.82511	0.00125
28.77748	0.00125
28.82511	0.00125
28.77748	0.00125
28.82511	0.00125
28.77748	0.00125
28.82511	0.00125
28.82511	0.00125
28.82511	0.00125
28.77748	0.00125
28.82511	0.00131
28.82511	0.00131
28.82511	0.00131
28.77748	0.00131
28.82511	0.00131
28.77748	0.00131
28.87278	0.00131
28.82511	0.00131
28.82511	0.00131
28.82511	0.00131
28.82511	0.00131
28.82511	0.00131
28.82511	0.00131
28.82511	0.00131
28.82511	0.00131
28.82511	0.00131
28.82511	0.00131
28.82511	0.00131
28.82511	0.00131
28.82511	0.00131
28.82511	0.00131
28.82511	0.00131
28.82511	0.00131
28.82511	0.00131
28.92048	0.00131
28.82511	0.00131
28.82511	0.00131
28.82511	0.00131
28.92048	0.00131
28.87278	0.00131
28.92048	0.00131
28.87278	0.00131
28.92048	0.00131
28.82511	0.00131
28.92048	0.00131
28.87278	0.00131
28.92048	0.00131
28.82511	0.00131
28.96821	0.00131
28.82511	0.00131
28.82511	0.00131
28.82511	0.00131
28.96821	0.00131
28.87278	0.00131
28.96821	0.00131
28.87278	0.00131
28.92048	0.00131
28.87278	0.00131
28.92048	0.00131
28.82511	0.00131
28.96821	0.00131
28.82511	0.00131
28.92048	0.00131
28.87278	0.00131
28.92048	0.00131
28.87278	0.00131
28.92048	0.00131
28.82511	0.00131
28.92048	0.00131
28.87278	0.00131
28.92048	0.00131
28.92048	0.00131
28.96821	0.00131
28.82511	0.00131
28.96821	0.00131
28.87278	0.00131
28.96821	0.00131
28.87278	0.00131
28.96821	0.00131
28.87278	0.00131
28.96821	0.00131
28.87278	0.00131
28.96821	0.00131
28.82511	0.00131
28.92048	0.00131
28.87278	0.00131
28.96821	0.00131
28.92048	0.00137
29.01597	0.00137
28.82511	0.00137
29.01597	0.00137
28.92048	0.00131
29.01597	0.00137
28.92048	0.00137
29.01597	0.00137
28.96821	0.00137
29.01597	0.00137
28.92048	0.00137
29.01597	0.00137
28.96821	0.00137
29.01597	0.00137
28.96821	0.00137
29.01597	0.00137
28.96821	0.00137
29.01597	0.00137
28.92048	0.00137
29.01597	0.00137
28.96821	0.00137
29.01597	0.00137
28.96821	0.00137
29.01597	0.00137
28.96821	0.00137
29.01597	0.00137
28.96821	0.00137
29.01597	0.00137
28.96821	0.00137
29.01597	0.00137
28.96821	0.00137
29.06377	0.00137
28.96821	0.00137
29.01597	0.00137
28.96821	0.00137
29.01597	0.00137
28.96821	0.00137
29.06377	0.00137
28.96821	0.00137
29.01597	0.00137
28.96821	0.00137
29.01597	0.00137
29.01597	0.00137
29.01597	0.00137
28.96821	0.00137
29.01597	0.00137
29.01597	0.00137
29.01597	0.00137
28.96821	0.00137
29.06377	0.00137
28.96821	0.00137
29.11161	0.00137
28.96821	0.00137
29.01597	0.00137
28.96821	0.00137
29.01597	0.00137
28.96821	0.00137
29.01597	0.00137
29.01597	0.00137
29.06377	0.00137
29.01597	0.00137
29.06377	0.00137
28.96821	0.00137
29.01597	0.00137
29.01597	0.00137
29.01597	0.00137
29.01597	0.00137
29.11161	0.00137
29.01597	0.00137
29.11161	0.00137
29.01597	0.00137
29.11161	0.00137
28.96821	0.00137
29.11161	0.00144
29.01597	0.00137
29.11161	0.00144
29.01597	0.00144
29.11161	0.00144
29.01597	0.00144
29.06377	0.00144
29.01597	0.00144
29.06377	0.00144
29.01597	0.00144
29.11161	0.00144
29.06377	0.00144
29.11161	0.00144
29.01597	0.00144
29.11161	0.00144
29.01597	0.00144
29.11161	0.00144
29.01597	0.00144
29.11161	0.00144
29.06377	0.00144
29.11161	0.00144
29.01597	0.00144
29.11161	0.00144
29.06377	0.00144
29.15948	0.00144
29.06377	0.00144
29.11161	0.00144
29.06377	0.00144
29.11161	0.00144
29.06377	0.00144
29.15948	0.00144
29.06377	0.00144
29.11161	0.00144
29.06377	0.00144
29.11161	0.00144
29.01597	0.00144
29.15948	0.00144
29.06377	0.00144
29.11161	0.00144
29.06377	0.00144
29.11161	0.00144
29.06377	0.00144
29.11161	0.00144
29.06377	0.00144
29.15948	0.00144
29.11161	0.00144
29.11161	0.00144
29.06377	0.00144
29.15948	0.00144
29.06377	0.00144
29.20738	0.00144
29.06377	0.00144
29.15948	0.00144
29.06377	0.00144
29.15948	0.00144
29.06377	0.00144
29.15948	0.00144
29.06377	0.00144
29.15948	0.00144
29.11161	0.00144
29.20738	0.00144
29.06377	0.00144
29.15948	0.00144
29.11161	0.00144
29.20738	0.00144
29.11161	0.00144
29.20738	0.00144
29.15948	0.00144
29.20738	0.00144
29.15948	0.00144
29.20738	0.00150
29.15948	0.00150
29.20738	0.00150
29.11161	0.00150
29.20738	0.00150
29.11161	0.00150
29.20738	0.00150
29.11161	0.00150
29.20738	0.00150
29.15948	0.00150
29.20738	0.00150
29.15948	0.00150
29.20738	0.00150
29.15948	0.00150
29.20738	0.00150
29.15948	0.00150
29.20738	0.00150
29.15948	0.00150
29.20738	0.00150
29.15948	0.00150
29.20738	0.00150
29.15948	0.00150
29.20738	0.00150
29.11161	0.00150
29.20738	0.00150
29.15948	0.00150
29.20738	0.00150
29.15948	0.00150
29.20738	0.00150
29.15948	0.00150
29.20738	0.00150
29.15948	0.00150
29.20738	0.00150
29.15948	0.00150
29.20738	0.00150
29.15948	0.00150
29.20738	0.00150
29.15948	0.00150
29.20738	0.00150
29.15948	0.00150
29.20738	0.00150
29.15948	0.00150
29.20738	0.00150
29.20738	0.00150
29.20738	0.00150
29.15948	0.00150
29.20738	0.00150
29.15948	0.00150
29.20738	0.00150
29.20738	0.00150
29.20738	0.00150
29.15948	0.00150
29.20738	0.00150
29.20738	0.00150
29.20738	0.00150
29.20738	0.00150
29.20738	0.00150
29.15948	0.00150
29.20738	0.00150
29.15948	0.00150
29.20738	0.00150
29.20738	0.00150
29.20738	0.00150
29.20738	0.00150
29.20738	0.00150
29.20738	0.00150
29.20738	0.00150
29.25532	0.00150
29.20738	0.00150
29.25532	0.00150
29.20738	0.00150
29.25532	0.00150
29.20738	0.00150
29.20738	0.00150
29.20738	0.00150
29.20738	0.00150
29.20738	0.00150
29.25532	0.00150
29.20738	0.00150
29.25532	0.00156
29.20738	0.00156
29.20738	0.00156
29.20738	0.00156
29.25532	0.00156
29.20738	0.00156
29.25532	0.00156
29.20738	0.00156
29.25532	0.00156
29.20738	0.00156
29.25532	0.00156
29.20738	0.00156
29.25532	0.00156
29.20738	0.00156
29.25532	0.00156
29.30329	0.00156
29.25532	0.00156
29.20738	0.00156
29.25532	0.00156
29.35130	0.00156
29.25532	0.00156
29.30329	0.00156
29.25532	0.00156
29.30329	0.00156
29.25532	0.00156
29.30329	0.00156
29.30329	0.00156
29.20738	0.00156
29.25532	0.00156
29.35130	0.00156
29.30329	0.00156
29.39935	0.00156
29.25532	0.00156
29.20738	0.00156
29.25532	0.00156
29.35130	0.00156
29.30329	0.00156
29.35130	0.00156
29.25532	0.00156
29.35130	0.00156
29.25532	0.00156
29.39935	0.00156
29.25532	0.00156
29.39935	0.00156
29.25532	0.00156
29.39935	0.00156
29.30329	0.00156
29.39935	0.00156
29.35130	0.00156
29.39935	0.00156
29.35130	0.00156
29.39935	0.00156
29.35130	0.00156
29.35130	0.00156
29.35130	0.00156
29.39935	0.00156
29.30329	0.00156
29.39935	0.00156
29.30329	0.00156
29.39935	0.00156
29.30329	0.00156
29.39935	0.00156
29.35130	0.00156
29.39935	0.00156
29.30329	0.00156
29.39935	0.00156
29.25532	0.00156
29.39935	0.00156
29.35130	0.00156
29.39935	0.00156
29.35130	0.00156
29.39935	0.00156
29.35130	0.00156
29.39935	0.00156
29.35130	0.00156
29.39935	0.00156
29.35130	0.00156
29.39935	0.00156
29.35130	0.00156
29.39935	0.00162
29.30329	0.00162
29.44743	0.00162
29.35130	0.00162
29.44743	0.00162
29.35130	0.00162
29.44743	0.00162
29.39935	0.00162
29.39935	0.00162
29.35130	0.00162
29.39935	0.00162
29.35130	0.00162
29.39935	0.00162
29.35130	0.00162
29.39935	0.00162
29.39935	0.00162
29.39935	0.00162
29.35130	0.00162
29.39935	0.00162
29.35130	0.00162
29.49554	0.00162
29.35130	0.00162
29.39935	0.00162
29.35130	0.00162
29.44743	0.00162
29.39935	0.00162
29.44743	0.00162
29.39935	0.00162
29.44743	0.00162
29.39935	0.00162
29.49554	0.00162
29.39935	0.00162
29.49554	0.00162
29.39935	0.00162
29.49554	0.00162
29.39935	0.00162
29.49554	0.00162
29.35130	0.00162
29.49554	0.00162
29.35130	0.00162
29.44743	0.00162
29.44743	0.00162
29.44743	0.00162
29.44743	0.00162
29.49554	0.00162
29.39935	0.00162
29.49554	0.00162
29.39935	0.00162
29.49554	0.00162
29.39935	0.00162
29.49554	0.00162
29.39935	0.00162
29.49554	0.00162
29.44743	0.00162
29.49554	0.00162
29.44743	0.00162
29.49554	0.00162
29.44743	0.00162
29.49554	0.00162
29.44743	0.00162
29.49554	0.00162
29.39935	0.00162
29.49554	0.00162
29.44743	0.00162
29.54369	0.00162
29.44743	0.00162
29.49554	0.00162
29.44743	0.00162
29.54369	0.00162
29.44743	0.00162
29.49554	0.00162
29.44743	0.00162
29.49554	0.00162
29.44743	0.00162
29.49554	0.00162
29.49554	0.00162
29.49554	0.00162
29.44743	0.00162
29.54369	0.00162
29.49554	0.00162
29.59188	0.00169
29.44743	0.00169
29.54369	0.00169
29.49554	0.00169
29.54369	0.00169
29.49554	0.00169
29.54369	0.00169
29.49554	0.00169
29.54369	0.00169
29.49554	0.00169
29.59188	0.00169
29.49554	0.00169
29.59188	0.00169
29.49554	0.00169
29.59188	0.00169
29.49554	0.00169
29.59188	0.00169
29.54369	0.00169
29.59188	0.00169
29.49554	0.00169
29.54369	0.00169
29.49554	0.00169
29.59188	0.00169
29.54369	0.00169
29.59188	0.00169
29.54369	0.00169
29.59188	0.00169
29.54369	0.00169
29.59188	0.00169
29.49554	0.00169
29.59188	0.00169
29.54369	0.00169
29.59188	0.00169
29.54369	0.00169
29.59188	0.00169
29.54369	0.00169
29.59188	0.00169
29.54369	0.00169
29.59188	0.00169
29.54369	0.00169
29.59188	0.00169
29.54369	0.00169
29.59188	0.00169
29.54369	0.00169
29.59188	0.00169
29.54369	0.00169
29.59188	0.00169
29.54369	0.00169
29.59188	0.00169
29.54369	0.00169
29.59188	0.00169
29.54369	0.00169
29.59188	0.00169
29.59188	0.00169
29.59188	0.00169
29.59188	0.00169
29.59188	0.00169
29.54369	0.00169
29.59188	0.00169
29.54369	0.00169
29.59188	0.00169
29.54369	0.00169
29.59188	0.00169
29.54369	0.00169
29.59188	0.00169
29.59188	0.00169
29.59188	0.00169
29.59188	0.00169
29.59188	0.00169
29.59188	0.00169
29.59188	0.00169
29.59188	0.00169
29.59188	0.00175
29.59188	0.00175
29.59188	0.00175
29.54369	0.00175
29.59188	0.00175
29.54369	0.00175
29.59188	0.00175
29.54369	0.00175
29.59188	0.00175
29.59188	0.00175
29.59188	0.00175
29.59188	0.00175
29.68836	0.00175
29.59188	0.00175
29.59188	0.00175
29.59188	0.00175
29.68836	0.00175
29.59188	0.00175
29.59188	0.00175
29.59188	0.00175
29.59188	0.00175
29.59188	0.00175
29.59188	0.00175
29.64011	0.00175
29.68836	0.00175
29.64011	0.00175
29.68836	0.00175
29.59188	0.00175
29.59188	0.00175
29.59188	0.00175
29.68836	0.00175
29.59188	0.00175
29.68836	0.00175
29.59188	0.00175
29.68836	0.00175
29.59188	0.00175
29.59188	0.00175
29.59188	0.00175
29.59188	0.00175
29.59188	0.00175
29.68836	0.00175
29.59188	0.00175
29.68836	0.00175
29.64011	0.00175
29.68836	0.00175
29.64011	0.00175
29.73666	0.00175
29.64011	0.00175
29.73666	0.00175
29.64011	0.00175
29.73666	0.00175
29.68836	0.00175
29.73666	0.00175
29.64011	0.00175
29.73666	0.00175
29.68836	0.00175
29.68836	0.00175
29.64011	0.00175
29.73666	0.00175
29.68836	0.00175
29.73666	0.00175
29.68836	0.00175
29.73666	0.00175
29.68836	0.00175
29.73666	0.00175
29.68836	0.00175
29.78499	0.00175
29.68836	0.00175
29.73666	0.00175
29.73666	0.00175
29.73666	0.00175
29.68836	0.00181
29.78499	0.00181
29.68836	0.00181
29.78499	0.00181
29.73666	0.00181
29.78499	0.00181
29.68836	0.00181
29.78499	0.00181
29.73666	0.00181
29.78499	0.00181
29.73666	0.00181
29.73666	0.00181
29.68836	0.00181
29.78499	0.00181
29.73666	0.00181
29.78499	0.00181
29.73666	0.00181
29.78499	0.00181
29.73666	0.00181
29.78499	0.00181
29.73666	0.00181
29.78499	0.00181
29.73666	0.00181
29.78499	0.00181
29.73666	0.00181
29.83336	0.00181
29.73666	0.00181
29.78499	0.00181
29.73666	0.00181
29.78499	0.00181
29.73666	0.00181
29.78499	0.00181
29.73666	0.00181
29.78499	0.00181
29.73666	0.00181
29.78499	0.00181
29.73666	0.00181
29.78499	0.00181
29.78499	0.00181
29.83336	0.00181
29.73666	0.00181
29.78499	0.00181
29.73666	0.00181
29.83336	0.00181
29.73666	0.00181
29.83336	0.00181
29.73666	0.00181
29.83336	0.00181
29.78499	0.00181
29.88177	0.00181
29.73666	0.00181
29.83336	0.00181
29.78499	0.00181
29.83336	0.00181
29.78499	0.00181
29.88177	0.00181
29.73666	0.00181
29.83336	0.00181
29.73666	0.00181
29.83336	0.00181
29.73666	0.00181
29.88177	0.00181
29.78499	0.00181
29.88177	0.00181
29.78499	0.00181
29.88177	0.00181
29.78499	0.00181
29.88177	0.00181
29.78499	0.00181
29.88177	0.00181
29.83336	0.00181
29.88177	0.00181
29.78499	0.00181
29.88177	0.00181
29.83336	0.00181
29.88177	0.00181
29.83336	0.00181
29.88177	0.00181
29.78499	0.00181
29.88177	0.00181
29.83336	0.00181
29.88177	0.00181
29.83336	0.00181
29.88177	0.00187
29.83336	0.00187
29.88177	0.00187
29.83336	0.00187
29.93021	0.00187
29.83336	0.00187
29.88177	0.00187
29.83336	0.00187
29.88177	0.00187
29.83336	0.00187
29.88177	0.00187
29.83336	0.00187
29.88177	0.00187
29.83336	0.00187
29.88177	0.00187
29.83336	0.00187
29.93021	0.00187
29.83336	0.00187
29.93021	0.00187
29.83336	0.00187
29.93021	0.00187
29.83336	0.00187
29.93021	0.00187
29.83336	0.00187
29.93021	0.00187
29.88177	0.00187
29.93021	0.00187
29.88177	0.00187
29.93021	0.00187
29.83336	0.00187
29.93021	0.00187
29.88177	0.00187
29.97869	0.00187
29.88177	0.00187
29.93021	0.00187
29.88177	0.00187
29.97869	0.00187
29.88177	0.00187
29.97869	0.00187
29.83336	0.00187
29.97869	0.00187
29.88177	0.00187
29.97869	0.00187
29.88177	0.00187
29.93021	0.00187
29.93021	0.00187
29.97869	0.00187
29.93021	0.00187
29.97869	0.00187
29.93021	0.00187
29.93021	0.00187
29.83336	0.00187
29.97869	0.00187
29.93021	0.00187
29.97869	0.00187
29.93021	0.00187
29.97869	0.00187
29.93021	0.00187
29.97869	0.00187
29.93021	0.00187
29.97869	0.00187
29.93021	0.00187
29.97869	0.00187
29.93021	0.00187
29.97869	0.00187
29.93021	0.00187
29.97869	0.00187
29.93021	0.00187
29.97869	0.00187
29.93021	0.00187
29.97869	0.00187
29.93021	0.00187
29.97869	0.00187
29.93021	0.00187
29.97869	0.00187
29.93021	0.00187
29.97869	0.00187
29.97869	0.00187
29.97869	0.00187
29.97869	0.00194
29.97869	0.00194
29.93021	0.00194
29.97869	0.00194
29.93021	0.00194
29.97869	0.00194
29.93021	0.00194
29.97869	0.00194
29.93021	0.00194
29.97869	0.00194
29.93021	0.00194
29.97869	0.00194
29.93021	0.00194
29.97869	0.00194
29.97869	0.00194
29.97869	0.00194
29.93021	0.00194
29.97869	0.00194
29.97869	0.00194
29.97869	0.00194
29.97869	0.00194
29.97869	0.00194
30.02720	0.00194
29.97869	0.00194
29.97869	0.00194
29.97869	0.00194
30.02720	0.00194
29.97869	0.00194
30.02720	0.00194
29.97869	0.00194
29.97869	0.00194
29.97869	0.00194
30.02720	0.00194
29.97869	0.00194
30.02720	0.00194
29.97869	0.00194
29.97869	0.00194
30.07576	0.00194
30.02720	0.00194
29.97869	0.00194
30.02720	0.00200
29.97869	0.00194
30.02720	0.00194
30.07576	0.00194
30.02720	0.00194
29.97869	0.00194
29.97869	0.00194
29.97869	0.00194
30.02720	0.00194
30.07576	0.00194
30.02720	0.00194
30.12435	0.00194
30.02720	0.00194
30.12435	0.00194
30.02720	0.00194
30.07576	0.00194
30.02720	0.00194
30.07576	0.00194
30.02720	0.00194
30.12435	0.00194
30.02720	0.00194
30.12435	0.00194
30.02720	0.00194
30.12435	0.00194
30.02720	0.00194
30.17298	0.00194
30.02720	0.00194
30.12435	0.00194
30.07576	0.00194
30.12435	0.00200
30.07576	0.00200
30.12435	0.00200
30.02720	0.00200
30.12435	0.00200
30.07576	0.00200
30.17298	0.00200
30.07576	0.00200
30.17298	0.00200
30.07576	0.00200
30.17298	0.00200
30.07576	0.00200
30.12435	0.00200
30.12435	0.00200
30.17298	0.00200
30.12435	0.00200
30.17298	0.00200
30.07576	0.00200
30.17298	0.00200
30.07576	0.00200
30.17298	0.00200
30.12435	0.00200
30.17298	0.00200
30.12435	0.00200
30.17298	0.00200
30.12435	0.00200
30.17298	0.00200
30.12435	0.00200
30.17298	0.00200
30.07576	0.00200
30.17298	0.00200
30.12435	0.00200
30.17298	0.00200
30.12435	0.00200
30.17298	0.00200
30.12435	0.00200
30.17298	0.00200
30.12435	0.00200
30.17298	0.00200
30.07576	0.00200
30.22164	0.00200
30.12435	0.00200
30.22164	0.00200
30.17298	0.00200
30.17298	0.00200
30.12435	0.00200
30.17298	0.00200
30.12435	0.00200
30.17298	0.00200
30.12435	0.00200
30.22164	0.00200
30.17298	0.00200
30.17298	0.00200
30.12435	0.00200
30.17298	0.00200
30.12435	0.00200
30.17298	0.00200
30.12435	0.00200
30.27035	0.00200
30.12435	0.00200
30.22164	0.00200
30.17298	0.00200
30.22164	0.00200
30.12435	0.00200
30.17298	0.00200
30.22164	0.00200
30.22164	0.00200
30.17298	0.00200
30.22164	0.00200
30.17298	0.00200
30.22164	0.00200
30.17298	0.00200
30.27035	0.00200
30.17298	0.00200
30.27035	0.00200
30.17298	0.00200
30.22164	0.00200
30.12435	0.00200
30.27035	0.00200
30.17298	0.00200
30.27035	0.00200
30.22164	0.00200
30.27035	0.00200
30.17298	0.00200
30.27035	0.00200
30.17298	0.00200
30.27035	0.00200
30.17298	0.00206
30.27035	0.00206
30.22164	0.00206
30.27035	0.00206
30.22164	0.00206
30.27035	0.00206
30.22164	0.00206
30.31909	0.00206
30.17298	0.00206
30.27035	0.00206
30.22164	0.00206
30.31909	0.00206
30.22164	0.00206
30.31909	0.00206
30.22164	0.00206
30.27035	0.00206
30.22164	0.00206
30.31909	0.00206
30.27035	0.00206
30.31909	0.00206
30.22164	0.00206
30.31909	0.00206
30.22164	0.00206
30.27035	0.00206
30.22164	0.00206
30.31909	0.00206
30.27035	0.00206
30.27035	0.00206
30.22164	0.00206
30.31909	0.00206
30.27035	0.00206
30.36787	0.00206
30.27035	0.00206
30.36787	0.00206
30.27035	0.00206
30.31909	0.00206
30.22164	0.00206
30.31909	0.00206
30.27035	0.00206
30.36787	0.00206
30.27035	0.00206
30.27035	0.00206
30.31909	0.00206
30.36787	0.00206
30.27035	0.00206
30.36787	0.00206
30.27035	0.00206
30.36787	0.00206
30.31909	0.00206
30.36787	0.00206
30.31909	0.00206
30.36787	0.00206
30.31909	0.00206
30.31909	0.00206
30.31909	0.00206
30.36787	0.00206
30.31909	0.00206
30.36787	0.00206
30.31909	0.00206
30.36787	0.00206
30.31909	0.00206
30.36787	0.00206
30.31909	0.00206
30.36787	0.00206
30.31909	0.00206
30.36787	0.00206
30.31909	0.00206
30.36787	0.00206
30.31909	0.00206
30.36787	0.00206
30.31909	0.00206
30.36787	0.00206
30.31909	0.00206
30.36787	0.00206
30.31909	0.00206
30.36787	0.00206
30.31909	0.00206
30.36787	0.00206
30.31909	0.00212
30.36787	0.00212
30.31909	0.00212
30.36787	0.00212
30.36787	0.00212
30.36787	0.00212
30.31909	0.00212
30.36787	0.00212
30.31909	0.00212
30.36787	0.00212
30.31909	0.00212
30.36787	0.00212
30.36787	0.00212
30.46555	0.00212
30.31909	0.00212
30.36787	0.00212
30.36787	0.00212
30.36787	0.00212
30.36787	0.00212
30.36787	0.00212
30.31909	0.00212
30.36787	0.00212
30.36787	0.00212
30.36787	0.00212
30.31909	0.00212
30.36787	0.00212
30.36787	0.00212
30.36787	0.00212
30.36787	0.00212
30.36787	0.00212
30.36787	0.00212
30.36787	0.00212
30.36787	0.00212
30.36787	0.00212
30.36787	0.00212
30.36787	0.00212
30.36787	0.00212
30.36787	0.00212
30.41669	0.00212
30.36787	0.00212
30.36787	0.00212
30.46555	0.00212
30.36787	0.00212
30.36787	0.00212
30.36787	0.00212
30.36787	0.00212
30.36787	0.00212
30.46555	0.00212
30.41669	0.00212
30.46555	0.00212
30.41669	0.00212
30.51445	0.00212
30.36787	0.00212
30.36787	0.00212
30.36787	0.00212
30.51445	0.00212
30.41669	0.00212
30.51445	0.00212
30.46555	0.00212
30.56338	0.00212
30.41669	0.00212
30.51445	0.00212
30.41669	0.00212
30.46555	0.00212
30.41669	0.00212
30.51445	0.00212
30.41669	0.00212
30.56338	0.00212
30.41669	0.00212
30.51445	0.00212
30.46555	0.00212
30.51445	0.00212
30.46555	0.00212
30.51445	0.00219
30.46555	0.00219
30.51445	0.00219
30.41669	0.00219
30.51445	0.00219
30.46555	0.00219
30.56338	0.00219
30.51445	0.00219
30.56338	0.00219
30.46555	0.00219
30.51445	0.00219
30.46555	0.00219
30.56338	0.00219
30.46555	0.00219
30.56338	0.00219
30.41669	0.00219
30.51445	0.00219
30.51445	0.00219
30.56338	0.00219
30.51445	0.00219
30.56338	0.00219
30.51445	0.00219
30.56338	0.00219
30.51445	0.00219
30.56338	0.00219
30.51445	0.00219
30.56338	0.00219
30.51445	0.00219
30.61236	0.00219
30.51445	0.00219
30.56338	0.00219
30.51445	0.00219
30.56338	0.00219
30.51445	0.00219
30.56338	0.00219
30.51445	0.00219
30.56338	0.00219
30.51445	0.00219
30.56338	0.00219
30.51445	0.00219
30.56338	0.00219
30.51445	0.00219
30.56338	0.00219
30.51445	0.00219
30.61236	0.00219
30.51445	0.00219
30.61236	0.00219
30.51445	0.00219
30.56338	0.00219
30.51445	0.00219
30.61236	0.00219
30.51445	0.00219
30.56338	0.00219
30.51445	0.00219
30.61236	0.00219
30.51445	0.00219
30.61236	0.00219
30.56338	0.00219
30.61236	0.00219
30.56338	0.00219
30.61236	0.00219
30.56338	0.00219
30.66137	0.00219
30.56338	0.00219
30.66137	0.00219
30.56338	0.00219
30.66137	0.00219
30.51445	0.00219
30.66137	0.00219
30.51445	0.00219
30.61236	0.00219
30.61236	0.00219
30.66137	0.00219
30.61236	0.00219
30.66137	0.00225
30.56338	0.00225
30.66137	0.00225
30.61236	0.00225
30.66137	0.00225
30.61236	0.00225
30.66137	0.00225
30.56338	0.00225
30.66137	0.00225
30.61236	0.00225
30.66137	0.00225
30.61236	0.00225
30.66137	0.00225
30.61236	0.00225
30.66137	0.00225
30.61236	0.00225
30.66137	0.00225
30.61236	0.00225
30.66137	0.00225
30.61236	0.00225
30.66137	0.00225
30.61236	0.00225
30.71042	0.00225
30.61236	0.00225
30.71042	0.00225
30.61236	0.00225
30.66137	0.00225
30.61236	0.00225
30.66137	0.00225
30.61236	0.00225
30.71042	0.00225
30.61236	0.00225
30.75951	0.00225
30.61236	0.00225
30.66137	0.00225
30.61236	0.00225
30.71042	0.00225
30.61236	0.00225
30.71042	0.00225
30.66137	0.00225
30.71042	0.00225
30.66137	0.00225
30.71042	0.00225
30.61236	0.00225
30.75951	0.00225
30.71042	0.00225
30.75951	0.00225
30.66137	0.00225
30.75951	0.00225
30.66137	0.00225
30.75951	0.00225
30.71042	0.00225
30.75951	0.00225
30.61236	0.00225
30.75951	0.00225
30.66137	0.00225
30.75951	0.00225
30.66137	0.00225
30.75951	0.00225
30.71042	0.00225
30.75951	0.00225
30.71042	0.00225
30.75951	0.00225
30.71042	0.00225
30.75951	0.00225
30.71042	0.00225
30.75951	0.00225
30.71042	0.00225
30.75951	0.00225
30.71042	0.00225
30.75951	0.00225
30.71042	0.00225
30.75951	0.00231
30.71042	0.00231
30.75951	0.00231
30.71042	0.00231
30.75951	0.00231
30.71042	0.00231
30.75951	0.00231
30.71042	0.00231
30.75951	0.00231
30.71042	0.00231
30.75951	0.00231
30.71042	0.00231
30.75951	0.00231
30.71042	0.00231
30.75951	0.00231
30.71042	0.00231
30.75951	0.00231
30.71042	0.00231
30.75951	0.00231
30.71042	0.00231
30.75951	0.00231
30.71042	0.00231
30.75951	0.00231
30.71042	0.00231
30.75951	0.00231
30.71042	0.00231
30.75951	0.00231
30.71042	0.00231
30.75951	0.00231
30.71042	0.00231
30.75951	0.00231
30.75951	0.00231
30.75951	0.00231
30.75951	0.00231
30.75951	0.00231
30.75951	0.00231
30.75951	0.00231
30.75951	0.00231
30.75951	0.00231
30.75951	0.00231
30.75951	0.00231
30.75951	0.00231
30.75951	0.00231
30.75951	0.00231
30.75951	0.00231
30.75951	0.00231
30.75951	0.00231
30.75951	0.00231
30.75951	0.00231
30.75951	0.00231
30.75951	0.00231
30.75951	0.00231
30.75951	0.00231
30.75951	0.00231
30.75951	0.00231
30.75951	0.00231
30.85782	0.00231
30.75951	0.00231
30.75951	0.00231
30.75951	0.00231
30.85782	0.00231
30.75951	0.00231
30.85782	0.00231
30.75951	0.00231
30.75951	0.00231
30.75951	0.00231
30.75951	0.00231
30.75951	0.00231
30.90703	0.00231
30.75951	0.00231
30.75951	0.00231
30.75951	0.00231
30.85782	0.00231
30.75951	0.00231
30.90703	0.00231
30.75951	0.00231
30.75951	0.00231
30.75951	0.00231
30.75951	0.00231
30.85782	0.00231
30.95628	0.00231
30.75951	0.00231
30.85782	0.00231
30.85782	0.00231
30.95628	0.00231
30.80864	0.00231
30.95628	0.00231
30.85782	0.00231
30.90703	0.00231
30.85782	0.00231
30.90703	0.00231
30.90703	0.00231
30.95628	0.00231
30.85782	0.00237
30.95628	0.00237
30.85782	0.00237
30.95628	0.00237
30.90703	0.00237
30.95628	0.00237
30.85782	0.00237
30.95628	0.00237
30.90703	0.00237
30.95628	0.00237
30.90703	0.00237
30.95628	0.00237
30.90703	0.00237
30.95628	0.00237
30.85782	0.00237
30.95628	0.00237
30.90703	0.00237
30.95628	0.00237
30.90703	0.00237
30.95628	0.00237
30.90703	0.00237
30.95628	0.00237
30.90703	0.00237
30.95628	0.00237
30.90703	0.00237
30.95628	0.00237
30.90703	0.00237
30.95628	0.00237
30.90703	0.00237
30.95628	0.00237
30.90703	0.00237
30.95628	0.00237
30.90703	0.00237
30.95628	0.00237
30.90703	0.00237
30.95628	0.00237
30.90703	0.00237
31.00557	0.00237
30.90703	0.00237
31.00557	0.00237
30.95628	0.00237
31.05490	0.00237
30.95628	0.00237
31.00557	0.00237
30.95628	0.00237
31.05490	0.00237
30.90703	0.00237
31.05490	0.00237
30.90703	0.00237
30.95628	0.00237
30.90703	0.00237
30.95628	0.00237
30.90703	0.00237
31.05490	0.00237
30.90703	0.00237
31.05490	0.00237
30.90703	0.00237
31.05490	0.00237
30.90703	0.00237
31.00557	0.00237
30.95628	0.00237
31.05490	0.00237
30.95628	0.00237
31.05490	0.00237
30.95628	0.00237
31.05490	0.00237
30.95628	0.00237
31.05490	0.00237
30.95628	0.00237
31.05490	0.00237
30.95628	0.00237
31.05490	0.00237
30.95628	0.00237
31.05490	0.00237
30.95628	0.00237
31.05490	0.00237
30.95628	0.00237
31.05490	0.00237
31.00557	0.00237
31.05490	0.00237
31.00557	0.00237
31.05490	0.00237
31.00557	0.00244
31.10427	0.00244
31.00557	0.00244
31.10427	0.00244
31.00557	0.00244
31.10427	0.00244
31.00557	0.00244
31.10427	0.00244
31.00557	0.00244
31.05490	0.00244
31.00557	0.00244
31.10427	0.00244
31.00557	0.00244
31.05490	0.00244
31.05490	0.00244
31.10427	0.00244
31.05490	0.00244
31.15369	0.00244
31.00557	0.00244
31.10427	0.00244
31.00557	0.00244
31.10427	0.00244
31.00557	0.00244
31.10427	0.00244
31.00557	0.00244
31.15369	0.00244
31.05490	0.00244
31.15369	0.00244
31.00557	0.00244
31.10427	0.00244
31.10427	0.00244
31.15369	0.00244
31.10427	0.00244
31.15369	0.00244
31.05490	0.00244
31.10427	0.00244
31.10427	0.00244
31.15369	0.00244
31.10427	0.00244
31.15369	0.00244
31.05490	0.00244
31.15369	0.00244
31.05490	0.00244
31.15369	0.00244
31.10427	0.00244
31.15369	0.00244
31.10427	0.00244
31.15369	0.00244
31.10427	0.00244
31.15369	0.00244
31.10427	0.00244
31.15369	0.00244
31.10427	0.00244
31.15369	0.00244
31.10427	0.00244
31.15369	0.00244
31.10427	0.00244
31.15369	0.00244
31.10427	0.00244
31.15369	0.00244
31.10427	0.00244
31.15369	0.00244
31.10427	0.00244
31.15369	0.00244
31.10427	0.00244
31.15369	0.00244
31.10427	0.00244
31.15369	0.00244
31.10427	0.00244
31.15369	0.00244
31.10427	0.00244
31.15369	0.00244
31.10427	0.00244
31.15369	0.00244
31.10427	0.00244
31.15369	0.00250
31.10427	0.00250
31.15369	0.00250
31.15369	0.00250
31.15369	0.00250
31.10427	0.00250
31.25264	0.00250
31.10427	0.00250
31.25264	0.00250
31.15369	0.00250
31.15369	0.00250
31.15369	0.00250
31.15369	0.00250
31.15369	0.00250
31.25264	0.00250
31.15369	0.00250
31.15369	0.00250
31.15369	0.00250
31.15369	0.00250
31.15369	0.00250
31.25264	0.00250
31.15369	0.00250
31.15369	0.00250
31.15369	0.00250
31.15369	0.00250
31.20314	0.00250
31.25264	0.00250
31.15369	0.00250
31.25264	0.00250
31.15369	0.00250
31.25264	0.00250
31.15369	0.00250
31.15369	0.00250
31.15369	0.00250
31.25264	0.00250
31.20314	0.00250
31.25264	0.00250
31.20314	0.00250
31.30217	0.00250
31.15369	0.00250
31.30217	0.00250
31.20314	0.00250
31.30217	0.00250
31.20314	0.00250
31.30217	0.00250
31.15369	0.00250
31.30217	0.00250
31.15369	0.00250
31.25264	0.00250
31.25264	0.00250
31.30217	0.00250
31.20314	0.00250
31.30217	0.00250
31.20314	0.00250
31.30217	0.00250
31.25264	0.00250
31.35175	0.00250
31.20314	0.00250
31.30217	0.00250
31.25264	0.00250
31.35175	0.00250
31.20314	0.00250
31.30217	0.00250
31.25264	0.00250
31.35175	0.00250
31.25264	0.00250
31.35175	0.00250
31.25264	0.00250
31.35175	0.00250
31.25264	0.00250
31.35175	0.00250
31.25264	0.00250
31.35175	0.00250
31.25264	0.00250
31.35175	0.00250
31.30217	0.00250
31.35175	0.00250
31.30217	0.00250
31.35175	0.00250
31.30217	0.00256
31.35175	0.00256
31.30217	0.00256
31.35175	0.00256
31.30217	0.00256
31.35175	0.00256
31.30217	0.00256
31.35175	0.00256
31.25264	0.00256
31.35175	0.00256
31.30217	0.00256
31.35175	0.00256
31.30217	0.00256
31.35175	0.00256
31.30217	0.00256
31.35175	0.00256
31.30217	0.00256
31.35175	0.00256
31.30217	0.00256
31.40137	0.00256
31.30217	0.00256
31.45103	0.00256
31.30217	0.00256
31.35175	0.00256
31.30217	0.00256
31.40137	0.00256
31.30217	0.00256
31.40137	0.00256
31.30217	0.00256
31.35175	0.00256
31.35175	0.00256
31.45103	0.00256
31.35175	0.00256
31.35175	0.00256
31.30217	0.00256
31.45103	0.00256
31.30217	0.00256
31.45103	0.00256
31.30217	0.00256
31.45103	0.00256
31.35175	0.00256
31.40137	0.00256
31.30217	0.00256
31.45103	0.00256
31.40137	0.00256
31.45103	0.00256
31.35175	0.00256
31.45103	0.00256
31.35175	0.00256
31.45103	0.00256
31.35175	0.00256
31.45103	0.00256
31.40137	0.00256
31.45103	0.00256
31.35175	0.00256
31.45103	0.00256
31.35175	0.00256
31.45103	0.00256
31.35175	0.00256
31.45103	0.00256
31.35175	0.00256
31.50073	0.00256
31.40137	0.00256
31.45103	0.00256
31.35175	0.00256
31.50073	0.00256
31.40137	0.00256
31.50073	0.00256
31.40137	0.00256
31.50073	0.00256
31.40137	0.00256
31.45103	0.00256
31.40137	0.00256
31.45103	0.00256
31.40137	0.00256
31.50073	0.00256
31.40137	0.00256
31.45103	0.00256
31.40137	0.00256
31.50073	0.00256
31.40137	0.00256
31.50073	0.00262
31.40137	0.00262
31.50073	0.00262
31.45103	0.00262
31.45103	0.00262
31.40137	0.00262
31.50073	0.00262
31.45103	0.00262
31.55048	0.00262
31.45103	0.00262
31.55048	0.00262
31.45103	0.00262
31.50073	0.00262
31.45103	0.00262
31.55048	0.00262
31.50073	0.00262
31.55048	0.00262
31.45103	0.00262
31.55048	0.00262
31.45103	0.00262
31.50073	0.00262
31.50073	0.00262
31.55048	0.00262
31.50073	0.00262
31.55048	0.00262
31.50073	0.00262
31.55048	0.00262
31.45103	0.00262
31.55048	0.00262
31.50073	0.00262
31.55048	0.00262
31.50073	0.00262
31.55048	0.00262
31.50073	0.00262
31.55048	0.00262
31.50073	0.00262
31.55048	0.00262
31.50073	0.00262
31.55048	0.00262
31.50073	0.00262
31.55048	0.00262
31.50073	0.00262
31.55048	0.00262
31.50073	0.00262
31.55048	0.00262
31.50073	0.00262
31.55048	0.00262
31.50073	0.00262
31.55048	0.00262
31.55048	0.00262
31.55048	0.00262
31.50073	0.00262
31.55048	0.00262
31.50073	0.00262
31.55048	0.00262
31.50073	0.00262
31.55048	0.00262
31.50073	0.00262
31.55048	0.00262
31.50073	0.00262
31.55048	0.00262
31.55048	0.00262
31.55048	0.00262
31.50073	0.00262
31.55048	0.00262
31.55048	0.00262
31.55048	0.00262
31.60026	0.00262
31.55048	0.00262
31.50073	0.00262
31.55048	0.00262
31.60026	0.00262
31.55048	0.00262
31.55048	0.00262
31.55048	0.00262
31.55048	0.00262
31.55048	0.00262
31.55048	0.00262
31.55048	0.00269
31.60026	0.00269
31.55048	0.00269
31.55048	0.00269
31.55048	0.00269
31.60026	0.00269
31.65009	0.00269
31.60026	0.00269
31.55048	0.00269
31.60026	0.00269
31.55048	0.00269
31.60026	0.00269
31.55048	0.00269
31.55048	0.00269
31.55048	0.00269
31.60026	0.00269
31.65009	0.00269
31.60026	0.00269
31.65009	0.00269
31.60026	0.00269
31.65009	0.00269
31.60026	0.00269
31.69996	0.00269
31.60026	0.00269
31.69996	0.00269
31.60026	0.00269
31.69996	0.00269
31.60026	0.00269
31.74988	0.00269
31.60026	0.00269
31.55048	0.00269
31.60026	0.00269
31.69996	0.00269
31.65009	0.00269
31.69996	0.00269
31.60026	0.00269
31.69996	0.00269
31.65009	0.00269
31.74988	0.00269
31.60026	0.00269
31.69996	0.00269
31.65009	0.00269
31.74988	0.00269
31.65009	0.00269
31.74988	0.00269
31.65009	0.00269
31.74988	0.00269
31.69996	0.00269
31.74988	0.00269
31.65009	0.00269
31.74988	0.00269
31.65009	0.00269
31.74988	0.00269
31.65009	0.00269
31.74988	0.00269
31.69996	0.00269
31.74988	0.00269
31.69996	0.00269
31.74988	0.00269
31.69996	0.00269
31.69996	0.00269
31.69996	0.00269
31.74988	0.00269
31.69996	0.00269
31.74988	0.00269
31.69996	0.00269
31.74988	0.00269
31.65009	0.00269
31.74988	0.00269
31.69996	0.00269
31.74988	0.00269
31.69996	0.00269
31.74988	0.00269
31.69996	0.00269
31.74988	0.00269
31.69996	0.00275
31.74988	0.00275
31.69996	0.00275
31.79983	0.00275
31.69996	0.00275
31.74988	0.00275
31.69996	0.00275
31.74988	0.00275
31.69996	0.00275
31.74988	0.00275
31.69996	0.00275
31.79983	0.00275
31.74988	0.00275
31.79983	0.00275
31.69996	0.00275
31.74988	0.00275
31.69996	0.00275
31.84983	0.00275
31.74988	0.00275
31.84983	0.00275
31.69996	0.00275
31.79983	0.00275
31.74988	0.00275
31.84983	0.00275
31.79983	0.00275
31.84983	0.00275
31.74988	0.00275
31.84983	0.00275
31.74988	0.00275
31.84983	0.00275
31.74988	0.00275
31.84983	0.00275
31.74988	0.00275
31.84983	0.00275
31.79983	0.00275
31.84983	0.00275
31.74988	0.00275
31.84983	0.00275
31.79983	0.00275
31.84983	0.00275
31.79983	0.00275
31.84983	0.00275
31.79983	0.00275
31.84983	0.00275
31.74988	0.00275
31.84983	0.00275
31.79983	0.00275
31.84983	0.00275
31.79983	0.00275
31.84983	0.00275
31.79983	0.00275
31.89987	0.00275
31.79983	0.00275
31.84983	0.00275
31.79983	0.00275
31.89987	0.00275
31.79983	0.00275
31.84983	0.00275
31.79983	0.00275
31.84983	0.00275
31.79983	0.00275
31.89987	0.00275
31.79983	0.00275
31.84983	0.00275
31.79983	0.00275
31.89987	0.00275
31.84983	0.00275
31.84983	0.00275
31.79983	0.00275
31.89987	0.00275
31.84983	0.00275
31.94996	0.00275
31.79983	0.00275
31.89987	0.00275
31.84983	0.00275
31.94996	0.00275
31.84983	0.00275
31.89987	0.00275
31.79983	0.00275
31.94996	0.00275
31.89987	0.00281
31.94996	0.00281
31.84983	0.00281
31.94996	0.00281
31.89987	0.00281
31.89987	0.00281
31.84983	0.00281
31.94996	0.00281
31.84983	0.00281
31.94996	0.00281
31.89987	0.00281
31.89987	0.00281
31.89987	0.00281
31.94996	0.00281
31.89987	0.00281
31.94996	0.00281
31.89987	0.00281
31.94996	0.00281
31.89987	0.00281
31.94996	0.00281
31.89987	0.00281
31.94996	0.00281
31.89987	0.00281
31.94996	0.00281
31.89987	0.00281
31.94996	0.00281
31.89987	0.00281
31.94996	0.00281
31.89987	0.00281
31.94996	0.00281
31.89987	0.00281
31.94996	0.00281
31.89987	0.00281
31.94996	0.00281
31.89987	0.00281
31.94996	0.00281
31.89987	0.00281
31.94996	0.00281
31.94996	0.00281
31.94996	0.00281
31.89987	0.00281
31.94996	0.00281
31.94996	0.00281
31.94996	0.00281
31.94996	0.00281
31.94996	0.00281
31.89987	0.00281
31.94996	0.00281
31.94996	0.00281
31.94996	0.00281
31.94996	0.00281
32.05026	0.00281
31.94996	0.00281
32.05026	0.00281
31.94996	0.00281
32.05026	0.00281
31.94996	0.00281
31.94996	0.00281
31.94996	0.00281
32.05026	0.00281
31.94996	0.00281
32.05026	0.00281
32.00009	0.00281
32.05026	0.00281
31.94996	0.00281
32.05026	0.00281
31.94996	0.00281
32.05026	0.00281
31.94996	0.00281
31.94996	0.00281
31.94996	0.00281
32.05026	0.00281
31.94996	0.00281
32.05026	0.00281
32.00009	0.00281
32.05026	0.00281
31.94996	0.00287
32.05026	0.00287
32.00009	0.00287
32.10048	0.00287
32.00009	0.00287
32.05026	0.00287
31.94996	0.00287
32.10048	0.00287
31.94996	0.00287
32.05026	0.00287
32.05026	0.00287
32.05026	0.00287
32.00009	0.00287
32.10048	0.00287
31.94996	0.00287
32.10048	0.00287
32.00009	0.00287
32.05026	0.00287
32.05026	0.00287
32.15074	0.00287
32.05026	0.00287
32.15074	0.00287
32.05026	0.00287
32.15074	0.00287
32.00009	0.00287
32.10048	0.00287
32.05026	0.00287
32.15074	0.00287
32.05026	0.00287
32.15074	0.00287
32.05026	0.00287
32.15074	0.00287
32.05026	0.00287
32.10048	0.00287
32.05026	0.00287
32.15074	0.00287
32.10048	0.00287
32.15074	0.00287
32.05026	0.00287
32.15074	0.00287
32.10048	0.00287
32.15074	0.00287
32.10048	0.00287
32.15074	0.00287
32.10048	0.00287
32.15074	0.00287
32.05026	0.00287
32.15074	0.00287
32.10048	0.00287
32.15074	0.00287
32.10048	0.00287
32.15074	0.00287
32.10048	0.00287
32.20104	0.00287
32.10048	0.00287
32.15074	0.00287
32.10048	0.00287
32.15074	0.00287
32.10048	0.00287
32.15074	0.00287
32.10048	0.00287
32.15074	0.00287
32.10048	0.00287
32.15074	0.00287
32.10048	0.00287
32.15074	0.00287
32.20104	0.00287
32.20104	0.00287
32.10048	0.00287
32.20104	0.00287
32.15074	0.00287
32.15074	0.00287
32.15074	0.00287
32.25139	0.00287
32.15074	0.00287
32.25139	0.00287
32.10048	0.00287
32.20104	0.00287
32.10048	0.00287
32.15074	0.00287
32.10048	0.00287
32.20104	0.00287
32.15074	0.00287
32.25139	0.00287
32.20104	0.00294
32.25139	0.00294
32.15074	0.00294
32.25139	0.00294
32.10048	0.00294
32.25139	0.00294
32.20104	0.00294
32.25139	0.00294
32.20104	0.00294
32.25139	0.00294
32.15074	0.00294
32.25139	0.00294
32.15074	0.00294
32.25139	0.00294
32.20104	0.00294
32.25139	0.00294
32.20104	0.00294
32.25139	0.00294
32.15074	0.00294
32.30179	0.00294
32.20104	0.00294
32.25139	0.00294
32.20104	0.00294
32.25139	0.00294
32.20104	0.00294
32.25139	0.00294
32.15074	0.00294
32.30179	0.00294
32.20104	0.00294
32.30179	0.00294
32.20104	0.00294
32.25139	0.00294
32.20104	0.00294
32.30179	0.00294
32.20104	0.00294
32.30179	0.00294
32.25139	0.00294
32.30179	0.00294
32.20104	0.00294
32.30179	0.00294
32.20104	0.00294
32.35223	0.00294
32.20104	0.00294
32.35223	0.00294
32.25139	0.00294
32.35223	0.00294
32.25139	0.00294
32.35223	0.00294
32.25139	0.00294
32.35223	0.00294
32.25139	0.00294
32.35223	0.00294
32.30179	0.00294
32.35223	0.00294
32.30179	0.00294
32.30179	0.00294
32.30179	0.00294
32.35223	0.00294
32.30179	0.00294
32.35223	0.00294
32.30179	0.00294
32.35223	0.00294
32.30179	0.00294
32.35223	0.00294
32.30179	0.00294
32.35223	0.00294
32.30179	0.00294
32.35223	0.00294
32.30179	0.00294
32.35223	0.00294
32.30179	0.00294
32.35223	0.00294
32.30179	0.00294
32.35223	0.00294
32.35223	0.00294
32.35223	0.00294
32.30179	0.00294
32.35223	0.00300
32.30179	0.00300
32.35223	0.00300
32.30179	0.00300
32.35223	0.00300
32.30179	0.00300
32.35223	0.00300
32.30179	0.00300
32.35223	0.00300
32.35223	0.00300
32.35223	0.00300
32.35223	0.00300
32.35223	0.00300
32.30179	0.00300
32.35223	0.00300
32.30179	0.00300
32.35223	0.00300
32.30179	0.00300
32.35223	0.00300
32.30179	0.00300
32.35223	0.00300
32.35223	0.00300
32.35223	0.00300
32.35223	0.00300
32.35223	0.00300
32.35223	0.00300
32.35223	0.00300
32.35223	0.00300
32.35223	0.00300
32.35223	0.00300
32.35223	0.00300
32.35223	0.00300
32.35223	0.00300
32.35223	0.00300
32.35223	0.00300
32.35223	0.00300
32.35223	0.00300
32.35223	0.00300
32.35223	0.00300
32.35223	0.00300
32.35223	0.00300
32.40271	0.00300
32.35223	0.00300
32.40271	0.00300
32.35223	0.00300
32.35223	0.00300
32.50381	0.00300
32.40271	0.00300
32.35223	0.00300
32.40271	0.00300
32.45324	0.00300
32.40271	0.00300
32.45324	0.00300
32.40271	0.00300
32.35223	0.00300
32.40271	0.00300
32.45324	0.00300
32.40271	0.00300
32.45324	0.00300
32.40271	0.00300
32.55443	0.00300
32.40271	0.00300
32.45324	0.00300
32.40271	0.00300
32.45324	0.00300
32.40271	0.00300
32.45324	0.00300
32.40271	0.00300
32.55443	0.00300
32.40271	0.00300
32.55443	0.00300
32.45324	0.00300
32.55443	0.00300
32.45324	0.00300
32.55443	0.00300
32.45324	0.00300
32.55443	0.00300
32.45324	0.00300
32.55443	0.00300
32.45324	0.00300
32.50381	0.00300
32.50381	0.00300
32.55443	0.00306
32.50381	0.00306
32.55443	0.00306
32.50381	0.00306
32.55443	0.00306
32.45324	0.00306
32.55443	0.00306
32.50381	0.00306
32.55443	0.00306
32.50381	0.00306
32.55443	0.00306
32.50381	0.00306
32.55443	0.00306
32.50381	0.00306
32.55443	0.00306
32.50381	0.00306
32.60509	0.00306
32.50381	0.00306
32.55443	0.00306
32.50381	0.00306
32.60509	0.00306
32.50381	0.00306
32.65580	0.00306
32.50381	0.00306
32.55443	0.00306
32.50381	0.00306
32.55443	0.00306
32.50381	0.00306
32.55443	0.00306
32.50381	0.00306
32.55443	0.00306
32.50381	0.00306
32.55443	0.00306
32.50381	0.00306
32.60509	0.00306
32.50381	0.00306
32.55443	0.00306
32.50381	0.00306
32.65580	0.00306
32.50381	0.00306
32.55443	0.00306
32.55443	0.00306
32.65580	0.00306
32.55443	0.00306
32.65580	0.00306
32.55443	0.00306
32.65580	0.00306
32.55443	0.00306
32.65580	0.00306
32.55443	0.00306
32.65580	0.00306
32.55443	0.00306
32.65580	0.00306
32.55443	0.00306
32.55443	0.00306
32.55443	0.00306
32.65580	0.00306
32.55443	0.00306
32.65580	0.00306
32.55443	0.00306
32.65580	0.00306
32.60509	0.00306
32.65580	0.00306
32.60509	0.00306
32.70656	0.00306
32.60509	0.00306
32.65580	0.00306
32.60509	0.00306
32.65580	0.00306
32.55443	0.00306
32.65580	0.00306
32.60509	0.00306
32.65580	0.00306
32.65580	0.00306
32.65580	0.00306
32.60509	0.00306
32.65580	0.00306
32.55443	0.00306
32.65580	0.00312
32.60509	0.00312
32.70656	0.00312
32.60509	0.00312
32.70656	0.00312
32.60509	0.00312
32.70656	0.00312
32.60509	0.00312
32.70656	0.00312
32.60509	0.00312
32.70656	0.00312
32.60509	0.00312
32.70656	0.00312
32.65580	0.00312
32.75736	0.00312
32.65580	0.00312
32.75736	0.00312
32.65580	0.00312
32.75736	0.00312
32.70656	0.00312
32.75736	0.00312
32.65580	0.00312
32.75736	0.00312
32.65580	0.00312
32.75736	0.00312
32.70656	0.00312
32.75736	0.00312
32.70656	0.00312
32.75736	0.00312
32.70656	0.00312
32.75736	0.00312
32.70656	0.00312
32.75736	0.00312
32.70656	0.00312
32.75736	0.00312
32.70656	0.00312
32.75736	0.00312
32.70656	0.00312
32.75736	0.00312
32.70656	0.00312
32.75736	0.00312
32.70656	0.00312
32.75736	0.00312
32.70656	0.00312
32.75736	0.00312
32.70656	0.00312
32.75736	0.00312
32.70656	0.00312
32.75736	0.00312
32.70656	0.00312
32.75736	0.00312
32.70656	0.00312
32.75736	0.00312
32.70656	0.00312
32.75736	0.00312
32.70656	0.00312
32.75736	0.00312
32.70656	0.00312
32.75736	0.00312
32.70656	0.00312
32.75736	0.00312
32.70656	0.00312
32.75736	0.00312
32.75736	0.00312
32.75736	0.00312
32.70656	0.00312
32.75736	0.00312
32.75736	0.00312
32.75736	0.00312
32.75736	0.00312
32.75736	0.00312
32.75736	0.00312
32.75736	0.00312
32.75736	0.00319
32.75736	0.00319
32.75736	0.00319
32.75736	0.00319
32.75736	0.00319
32.85910	0.00319
32.75736	0.00319
32.85910	0.00319
32.75736	0.00319
32.75736	0.00319
32.75736	0.00319
32.75736	0.00319
32.75736	0.00319
32.85910	0.00319
32.75736	0.00319
32.85910	0.00319
32.75736	0.00319
32.85910	0.00319
32.75736	0.00319
32.85910	0.00319
32.80821	0.00319
32.85910	0.00319
32.75736	0.00319
32.85910	0.00319
32.75736	0.00319
32.75736	0.00319
32.80821	0.00319
32.85910	0.00319
32.80821	0.00319
32.91005	0.00319
32.80821	0.00319
32.85910	0.00319
32.80821	0.00319
32.91005	0.00319
32.85910	0.00319
32.91005	0.00319
32.85910	0.00319
32.91005	0.00319
32.75736	0.00319
32.91005	0.00319
32.80821	0.00319
32.91005	0.00319
32.80821	0.00319
32.91005	0.00319
32.85910	0.00319
32.96103	0.00319
32.91005	0.00319
32.91005	0.00319
32.75736	0.00319
32.96103	0.00319
32.85910	0.00319
32.96103	0.00319
32.85910	0.00319
32.96103	0.00319
32.85910	0.00319
32.96103	0.00319
32.85910	0.00319
32.96103	0.00319
32.91005	0.00319
32.96103	0.00319
32.91005	0.00319
32.96103	0.00319
32.91005	0.00319
32.96103	0.00319
32.91005	0.00319
32.96103	0.00319
32.91005	0.00319
32.96103	0.00319
32.91005	0.00319
32.96103	0.00319
32.91005	0.00319
32.96103	0.00319
32.91005	0.00319
32.91005	0.00319
32.91005	0.00319
33.01207	0.00319
32.91005	0.00319
32.96103	0.00319
32.91005	0.00319
33.01207	0.00325
32.91005	0.00319
32.96103	0.00325
32.91005	0.00325
33.01207	0.00325
32.91005	0.00325
32.96103	0.00325
32.91005	0.00325
32.96103	0.00325
32.91005	0.00325
32.96103	0.00325
32.91005	0.00325
33.06315	0.00325
32.96103	0.00325
33.06315	0.00325
32.91005	0.00325
32.96103	0.00325
32.91005	0.00325
33.01207	0.00325
32.91005	0.00325
33.06315	0.00325
32.96103	0.00325
33.06315	0.00325
32.96103	0.00325
33.06315	0.00325
32.96103	0.00325
33.06315	0.00325
32.96103	0.00325
33.06315	0.00325
32.96103	0.00325
33.06315	0.00325
33.01207	0.00325
33.06315	0.00325
32.96103	0.00325
33.06315	0.00325
32.96103	0.00325
33.06315	0.00325
33.01207	0.00325
33.06315	0.00325
33.01207	0.00325
33.06315	0.00325
33.01207	0.00325
33.06315	0.00325
32.96103	0.00325
33.06315	0.00325
33.01207	0.00325
33.11428	0.00325
33.01207	0.00325
33.06315	0.00325
33.01207	0.00325
33.06315	0.00325
33.01207	0.00325
33.06315	0.00325
33.01207	0.00325
33.11428	0.00325
33.01207	0.00325
33.11428	0.00325
33.06315	0.00325
33.06315	0.00325
33.01207	0.00325
33.11428	0.00325
33.01207	0.00325
33.11428	0.00325
33.01207	0.00325
33.11428	0.00325
33.11428	0.00325
33.16546	0.00325
33.01207	0.00325
33.16546	0.00325
33.01207	0.00325
33.16546	0.00325
33.06315	0.00325
33.11428	0.00325
33.01207	0.00325
33.16546	0.00325
33.06315	0.00325
33.16546	0.00325
33.11428	0.00325
33.16546	0.00325
33.11428	0.00325
33.11428	0.00325
33.11428	0.00331
33.16546	0.00331
33.06315	0.00331
33.16546	0.00331
33.11428	0.00331
33.16546	0.00331
33.11428	0.00331
33.16546	0.00331
33.11428	0.00331
33.16546	0.00331
33.11428	0.00331
33.16546	0.00331
33.11428	0.00331
33.16546	0.00331
33.11428	0.00331
33.16546	0.00331
33.11428	0.00331
33.16546	0.00331
33.11428	0.00331
33.16546	0.00331
33.11428	0.00331
33.16546	0.00331
33.11428	0.00331
33.16546	0.00331
33.11428	0.00331
33.16546	0.00331
33.11428	0.00331
33.16546	0.00331
33.11428	0.00331
33.16546	0.00331
33.11428	0.00331
33.16546	0.00331
33.11428	0.00331
33.16546	0.00331
33.16546	0.00331
33.16546	0.00331
33.16546	0.00331
33.16546	0.00331
33.11428	0.00331
33.16546	0.00331
33.16546	0.00331
33.16546	0.00331
33.16546	0.00331
33.16546	0.00331
33.16546	0.00331
33.16546	0.00331
33.21668	0.00331
33.16546	0.00331
33.11428	0.00331
33.16546	0.00331
33.21668	0.00331
33.16546	0.00331
33.21668	0.00331
33.16546	0.00331
33.21668	0.00331
33.16546	0.00331
33.21668	0.00331
33.16546	0.00331
33.16546	0.00331
33.16546	0.00331
33.21668	0.00331
33.16546	0.00331
33.16546	0.00331
33.26795	0.00331
33.21668	0.00331
33.26795	0.00331
33.21668	0.00331
33.26795	0.00331
33.16546	0.00331
33.31927	0.00331
33.21668	0.00331
33.16546	0.00331
33.21668	0.00331
33.26795	0.00331
33.21668	0.00331
33.31927	0.00331
33.21668	0.00331
33.31927	0.00331
33.21668	0.00331
33.31927	0.00331
33.21668	0.00331
33.31927	0.00337
33.21668	0.00337
33.31927	0.00337
33.26795	0.00337
33.26795	0.00337
33.21668	0.00337
33.37064	0.00337
33.21668	0.00337
33.31927	0.00337
33.26795	0.00337
33.37064	0.00337
33.26795	0.00337
33.16546	0.00337
33.21668	0.00337
33.31927	0.00337
33.26795	0.00337
33.31927	0.00337
33.31927	0.00337
33.37064	0.00337
33.26795	0.00337
33.37064	0.00337
33.26795	0.00337
33.37064	0.00337
33.31927	0.00337
33.37064	0.00337
33.31927	0.00337
33.31927	0.00337
33.26795	0.00337
33.37064	0.00337
33.31927	0.00337
33.42206	0.00337
33.31927	0.00337
33.37064	0.00337
33.31927	0.00337
33.37064	0.00337
33.31927	0.00337
33.37064	0.00337
33.31927	0.00337
33.37064	0.00337
33.31927	0.00337
33.42206	0.00337
33.31927	0.00337
33.42206	0.00337
33.31927	0.00337
33.37064	0.00337
33.31927	0.00337
33.37064	0.00337
33.31927	0.00337
33.37064	0.00337
33.31927	0.00337
33.42206	0.00337
33.37064	0.00337
33.37064	0.00337
33.31927	0.00337
33.42206	0.00337
33.31927	0.00337
33.47353	0.00337
33.37064	0.00337
33.47353	0.00337
33.37064	0.00337
33.47353	0.00337
33.37064	0.00337
33.37064	0.00337
33.37064	0.00337
33.42206	0.00337
33.37064	0.00337
33.42206	0.00337
33.37064	0.00337
33.37064	0.00337
33.37064	0.00337
33.47353	0.00337
33.42206	0.00337
33.47353	0.00337
33.42206	0.00337
33.47353	0.00337
33.37064	0.00337
33.47353	0.00337
33.37064	0.00344
33.47353	0.00344
33.37064	0.00344
33.47353	0.00344
33.37064	0.00344
33.47353	0.00344
33.42206	0.00344
33.47353	0.00344
33.37064	0.00344
33.47353	0.00344
33.42206	0.00344
33.47353	0.00344
33.42206	0.00344
33.47353	0.00344
33.42206	0.00344
33.47353	0.00344
33.42206	0.00344
33.47353	0.00344
33.42206	0.00344
33.47353	0.00344
33.42206	0.00344
33.52504	0.00344
33.42206	0.00344
33.52504	0.00344
33.47353	0.00344
33.47353	0.00344
33.42206	0.00344
33.52504	0.00344
33.47353	0.00344
33.57661	0.00344
33.47353	0.00344
33.57661	0.00344
33.47353	0.00344
33.52504	0.00344
33.42206	0.00344
33.52504	0.00344
33.52504	0.00344
33.52504	0.00344
33.47353	0.00344
33.52504	0.00344
33.47353	0.00344
33.57661	0.00344
33.52504	0.00344
33.57661	0.00344
33.52504	0.00344
33.57661	0.00344
33.47353	0.00344
33.57661	0.00344
33.52504	0.00344
33.57661	0.00344
33.52504	0.00344
33.57661	0.00344
33.52504	0.00344
33.57661	0.00344
33.52504	0.00344
33.57661	0.00344
33.52504	0.00344
33.57661	0.00344
33.52504	0.00344
33.57661	0.00344
33.52504	0.00344
33.57661	0.00344
33.52504	0.00344
33.57661	0.00344
33.52504	0.00344
33.57661	0.00344
33.52504	0.00344
33.57661	0.00344
33.52504	0.00344
33.57661	0.00344
33.52504	0.00344
33.57661	0.00344
33.52504	0.00344
33.57661	0.00344
33.57661	0.00344
33.57661	0.00344
33.52504	0.00344
33.57661	0.00344
33.57661	0.00344
33.57661	0.00344
33.57661	0.00344
33.57661	0.00350
33.57661	0.00344
33.57661	0.00350
33.52504	0.00350
33.57661	0.00350
33.52504	0.00350
33.57661	0.00350
33.57661	0.00350
33.57661	0.00350
33.57661	0.00350
33.57661	0.00350
33.57661	0.00350
33.57661	0.00350
33.57661	0.00350
33.57661	0.00350
33.57661	0.00350
33.67988	0.00350
33.57661	0.00350
33.67988	0.00350
33.57661	0.00350
33.67988	0.00350
33.57661	0.00350
33.57661	0.00350
33.57661	0.00350
33.57661	0.00350
33.57661	0.00350
33.67988	0.00350
33.57661	0.00350
33.67988	0.00350
33.57661	0.00350
33.67988	0.00350
33.57661	0.00350
33.67988	0.00350
33.62822	0.00350
33.67988	0.00350
33.57661	0.00350
33.67988	0.00350
33.57661	0.00350
33.73159	0.00350
33.62822	0.00350
33.73159	0.00350
33.62822	0.00350
33.73159	0.00350
33.67988	0.00350
33.67988	0.00350
33.57661	0.00350
33.73159	0.00350
33.67988	0.00350
33.73159	0.00350
33.62822	0.00350
33.78335	0.00350
33.62822	0.00350
33.78335	0.00350
33.62822	0.00350
33.78335	0.00350
33.67988	0.00350
33.73159	0.00350
33.67988	0.00350
33.78335	0.00350
33.67988	0.00350
33.78335	0.00350
33.67988	0.00350
33.73159	0.00350
33.73159	0.00350
33.78335	0.00350
33.73159	0.00350
33.78335	0.00350
33.67988	0.00350
33.78335	0.00350
33.67988	0.00350
33.78335	0.00350
33.67988	0.00350
33.78335	0.00350
33.73159	0.00350
33.78335	0.00350
33.73159	0.00350
33.78335	0.00350
33.73159	0.00350
33.78335	0.00350
33.73159	0.00350
33.78335	0.00350
33.73159	0.00350
33.78335	0.00350
33.73159	0.00356
33.78335	0.00356
33.73159	0.00356
33.78335	0.00356
33.73159	0.00356
33.78335	0.00356
33.73159	0.00356
33.78335	0.00356
33.73159	0.00356
33.78335	0.00356
33.73159	0.00356
33.83517	0.00356
33.73159	0.00356
33.78335	0.00356
33.73159	0.00356
33.78335	0.00356
33.78335	0.00356
33.83517	0.00356
33.78335	0.00356
33.88703	0.00356
33.78335	0.00356
33.88703	0.00356
33.73159	0.00356
33.83517	0.00356
33.78335	0.00356
33.88703	0.00356
33.78335	0.00356
33.88703	0.00356
33.78335	0.00356
33.88703	0.00356
33.78335	0.00356
33.88703	0.00356
33.78335	0.00356
33.88703	0.00356
33.83517	0.00356
33.88703	0.00356
33.83517	0.00356
33.88703	0.00356
33.83517	0.00356
33.88703	0.00356
33.83517	0.00356
33.88703	0.00356
33.83517	0.00356
33.88703	0.00356
33.88703	0.00356
33.88703	0.00356
33.83517	0.00356
33.88703	0.00356
33.78335	0.00356
33.88703	0.00356
33.83517	0.00356
33.93894	0.00356
33.83517	0.00356
33.93894	0.00356
33.83517	0.00356
33.88703	0.00356
33.83517	0.00356
33.93894	0.00356
33.88703	0.00356
33.88703	0.00356
33.88703	0.00356
33.88703	0.00356
33.83517	0.00356
33.99090	0.00356
33.83517	0.00356
33.99090	0.00356
33.88703	0.00356
33.99090	0.00356
33.88703	0.00356
33.99090	0.00356
33.83517	0.00356
33.99090	0.00356
33.88703	0.00356
33.99090	0.00356
33.83517	0.00356
33.99090	0.00356
33.88703	0.00356
33.93894	0.00356
33.93894	0.00356
33.99090	0.00356
33.93894	0.00356
33.99090	0.00356
33.93894	0.00356
33.99090	0.00356
33.88703	0.00356
33.99090	0.00356
33.93894	0.00356
33.99090	0.00356
33.93894	0.00356
33.99090	0.00356
33.93894	0.00362
33.99090	0.00356
33.93894	0.00362
33.99090	0.00356
33.93894	0.00362
33.99090	0.00362
33.93894	0.00362
33.99090	0.00362
33.93894	0.00362
33.99090	0.00362
33.93894	0.00362
33.99090	0.00362
33.93894	0.00362
33.99090	0.00362
33.93894	0.00362
33.99090	0.00362
33.93894	0.00362
33.99090	0.00362
33.93894	0.00362
33.99090	0.00362
33.93894	0.00362
33.99090	0.00362
33.93894	0.00362
33.99090	0.00362
33.93894	0.00362
33.99090	0.00362
33.93894	0.00362
33.99090	0.00362
33.93894	0.00362
33.99090	0.00362
33.99090	0.00362
33.99090	0.00362
33.99090	0.00362
33.99090	0.00362
33.99090	0.00362
33.99090	0.00362
33.93894	0.00362
33.99090	0.00362
33.99090	0.00362
33.99090	0.00362
33.99090	0.00362
34.09498	0.00362
33.99090	0.00362
33.99090	0.00362
33.99090	0.00362
34.09498	0.00362
33.99090	0.00362
34.09498	0.00362
33.99090	0.00362
34.09498	0.00362
33.99090	0.00362
34.09498	0.00362
33.99090	0.00362
33.99090	0.00362
33.99090	0.00362
34.09498	0.00362
33.99090	0.00362
33.99090	0.00362
33.99090	0.00362
34.09498	0.00362
34.04291	0.00362
34.09498	0.00362
33.99090	0.00362
34.09498	0.00362
33.99090	0.00362
34.14709	0.00362
34.04291	0.00362
34.14709	0.00362
33.99090	0.00362
34.14709	0.00362
33.99090	0.00362
34.14709	0.00362
33.99090	0.00362
34.09498	0.00362
33.99090	0.00362
34.14709	0.00362
34.04291	0.00362
34.14709	0.00362
34.09498	0.00362
34.14709	0.00362
34.04291	0.00362
34.14709	0.00362
34.09498	0.00362
34.19926	0.00369
34.14709	0.00369
34.19926	0.00369
34.09498	0.00369
34.19926	0.00369
34.04291	0.00369
34.19926	0.00369
34.04291	0.00369
34.19926	0.00369
34.09498	0.00369
34.19926	0.00369
34.14709	0.00369
34.19926	0.00369
34.09498	0.00369
34.19926	0.00369
34.09498	0.00369
34.19926	0.00369
34.09498	0.00369
34.19926	0.00369
34.14709	0.00369
34.19926	0.00369
34.14709	0.00369
34.19926	0.00369
34.14709	0.00369
34.19926	0.00369
34.14709	0.00369
34.25148	0.00369
34.14709	0.00369
34.19926	0.00369
34.14709	0.00369
34.19926	0.00369
34.14709	0.00369
34.19926	0.00369
34.14709	0.00369
34.19926	0.00369
34.14709	0.00369
34.19926	0.00369
34.14709	0.00369
34.25148	0.00369
34.19926	0.00369
34.25148	0.00369
34.14709	0.00369
34.25148	0.00369
34.19926	0.00369
34.19926	0.00369
34.14709	0.00369
34.25148	0.00369
34.25148	0.00369
34.30375	0.00369
34.19926	0.00369
34.25148	0.00369
34.19926	0.00369
34.30375	0.00369
34.19926	0.00369
34.30375	0.00369
34.19926	0.00369
34.30375	0.00369
34.19926	0.00369
34.30375	0.00369
34.19926	0.00369
34.30375	0.00369
34.14709	0.00369
34.30375	0.00369
34.25148	0.00369
34.30375	0.00369
34.25148	0.00369
34.30375	0.00369
34.19926	0.00369
34.30375	0.00369
34.25148	0.00369
34.30375	0.00369
34.25148	0.00369
34.30375	0.00369
34.19926	0.00369
34.35607	0.00369
34.25148	0.00369
34.35607	0.00369
34.25148	0.00369
34.30375	0.00369
34.25148	0.00369
34.30375	0.00375
34.25148	0.00375
34.30375	0.00375
34.25148	0.00375
34.35607	0.00375
34.25148	0.00375
34.30375	0.00375
34.25148	0.00375
34.35607	0.00375
34.30375	0.00375
34.40844	0.00375
34.25148	0.00375
34.35607	0.00375
34.25148	0.00375
34.35607	0.00375
34.25148	0.00375
34.35607	0.00375
34.25148	0.00375
34.35607	0.00375
34.25148	0.00375
34.35607	0.00375
34.35607	0.00375
34.40844	0.00375
34.30375	0.00375
34.40844	0.00375
34.30375	0.00375
34.40844	0.00375
34.30375	0.00375
34.35607	0.00375
34.35607	0.00375
34.40844	0.00375
34.35607	0.00375
34.40844	0.00375
34.35607	0.00375
34.40844	0.00375
34.35607	0.00375
34.40844	0.00375
34.35607	0.00375
34.40844	0.00375
34.35607	0.00375
34.40844	0.00375
34.30375	0.00375
34.40844	0.00375
34.30375	0.00375
34.40844	0.00375
34.35607	0.00375
34.40844	0.00375
34.35607	0.00375
34.40844	0.00375
34.35607	0.00375
34.40844	0.00375
34.35607	0.00375
34.40844	0.00375
34.35607	0.00375
34.40844	0.00375
34.35607	0.00375
34.40844	0.00375
34.35607	0.00375
34.40844	0.00375
34.35607	0.00375
34.40844	0.00375
34.35607	0.00375
34.40844	0.00375
34.40844	0.00375
34.40844	0.00375
34.35607	0.00375
34.40844	0.00375
34.35607	0.00375
34.40844	0.00375
34.40844	0.00375
34.40844	0.00375
34.40844	0.00375
34.51335	0.00375
34.40844	0.00375
34.40844	0.00375
34.40844	0.00375
34.40844	0.00375
34.40844	0.00375
34.51335	0.00375
34.40844	0.00381
34.40844	0.00381
34.40844	0.00381
34.40844	0.00381
34.40844	0.00381
34.40844	0.00381
34.40844	0.00381
34.51335	0.00381
34.40844	0.00381
34.51335	0.00381
34.40844	0.00381
34.51335	0.00381
34.40844	0.00381
34.51335	0.00381
34.40844	0.00381
34.40844	0.00381
34.40844	0.00381
34.51335	0.00381
34.46087	0.00381
34.51335	0.00381
34.46087	0.00381
34.51335	0.00381
34.46087	0.00381
34.51335	0.00381
34.40844	0.00381
34.56588	0.00381
34.46087	0.00381
34.56588	0.00381
34.51335	0.00381
34.51335	0.00381
34.51335	0.00381
34.56588	0.00381
34.46087	0.00381
34.61847	0.00381
34.46087	0.00381
34.61847	0.00381
34.51335	0.00381
34.56588	0.00381
34.40844	0.00381
34.56588	0.00381
34.46087	0.00381
34.61847	0.00381
34.56588	0.00381
34.56588	0.00381
34.51335	0.00381
34.56588	0.00381
34.46087	0.00381
34.56588	0.00381
34.56588	0.00381
34.61847	0.00381
34.51335	0.00381
34.61847	0.00381
34.56588	0.00381
34.56588	0.00381
34.56588	0.00381
34.61847	0.00381
34.56588	0.00381
34.61847	0.00381
34.56588	0.00381
34.61847	0.00381
34.56588	0.00381
34.61847	0.00381
34.56588	0.00381
34.61847	0.00381
34.56588	0.00381
34.67110	0.00381
34.56588	0.00381
34.61847	0.00381
34.56588	0.00381
34.67110	0.00381
34.56588	0.00381
34.61847	0.00381
34.56588	0.00381
34.61847	0.00381
34.56588	0.00381
34.61847	0.00381
34.56588	0.00381
34.67110	0.00381
34.56588	0.00381
34.72380	0.00387
34.56588	0.00387
34.61847	0.00387
34.56588	0.00387
34.67110	0.00387
34.56588	0.00387
34.67110	0.00387
34.56588	0.00387
34.72380	0.00387
34.56588	0.00387
34.72380	0.00387
34.61847	0.00387
34.72380	0.00387
34.61847	0.00387
34.67110	0.00387
34.56588	0.00387
34.72380	0.00387
34.61847	0.00387
34.72380	0.00387
34.61847	0.00387
34.72380	0.00387
34.61847	0.00387
34.67110	0.00387
34.61847	0.00387
34.72380	0.00387
34.67110	0.00387
34.72380	0.00387
34.61847	0.00387
34.72380	0.00387
34.61847	0.00387
34.72380	0.00387
34.67110	0.00387
34.72380	0.00387
34.61847	0.00387
34.72380	0.00387
34.67110	0.00387
34.72380	0.00387
34.67110	0.00387
34.72380	0.00387
34.67110	0.00387
34.77654	0.00387
34.67110	0.00387
34.72380	0.00387
34.67110	0.00387
34.72380	0.00387
34.67110	0.00387
34.72380	0.00387
34.67110	0.00387
34.77654	0.00387
34.72380	0.00387
34.82934	0.00387
34.67110	0.00387
34.77654	0.00387
34.67110	0.00387
34.82934	0.00387
34.67110	0.00387
34.77654	0.00387
34.67110	0.00387
34.77654	0.00387
34.72380	0.00387
34.82934	0.00387
34.72380	0.00387
34.82934	0.00387
34.67110	0.00387
34.82934	0.00387
34.72380	0.00387
34.82934	0.00387
34.72380	0.00387
34.77654	0.00387
34.77654	0.00387
34.82934	0.00387
34.77654	0.00387
34.82934	0.00387
34.72380	0.00387
34.77654	0.00387
34.72380	0.00387
34.82934	0.00387
34.77654	0.00387
34.82934	0.00387
34.77654	0.00387
34.82934	0.00387
34.77654	0.00387
34.82934	0.00387
34.77654	0.00387
34.82934	0.00387
34.77654	0.00387
34.82934	0.00394
34.77654	0.00394
34.82934	0.00394
34.77654	0.00394
34.82934	0.00394
34.77654	0.00394
34.82934	0.00394
34.77654	0.00394
34.82934	0.00394
34.77654	0.00394
34.82934	0.00394
34.77654	0.00394
34.82934	0.00394
34.82934	0.00394
34.82934	0.00394
34.77654	0.00394
34.82934	0.00394
34.77654	0.00394
34.82934	0.00394
34.77654	0.00394
34.82934	0.00394
34.77654	0.00394
34.82934	0.00394
34.77654	0.00394
34.82934	0.00394
34.82934	0.00394
34.82934	0.00394
34.82934	0.00394
34.82934	0.00394
34.82934	0.00394
34.82934	0.00394
34.82934	0.00394
34.82934	0.00394
34.77654	0.00394
34.82934	0.00394
34.88219	0.00394
34.82934	0.00394
34.88219	0.00394
34.82934	0.00394
34.88219	0.00394
34.93510	0.00394
34.88219	0.00394
34.82934	0.00394
34.88219	0.00394
34.93510	0.00394
34.88219	0.00394
34.93510	0.00394
34.88219	0.00394
34.93510	0.00394
34.88219	0.00394
34.93510	0.00394
34.88219	0.00394
34.93510	0.00394
34.88219	0.00394
34.93510	0.00394
34.93510	0.00394
34.93510	0.00394
34.88219	0.00394
34.82934	0.00394
34.88219	0.00394
34.98806	0.00394
34.88219	0.00394
35.04107	0.00394
34.88219	0.00394
34.98806	0.00394
34.93510	0.00394
34.98806	0.00394
34.88219	0.00394
34.98806	0.00394
34.93510	0.00394
34.98806	0.00394
34.93510	0.00394
34.98806	0.00394
34.93510	0.00394
35.04107	0.00394
34.93510	0.00394
35.04107	0.00394
34.88219	0.00394
35.04107	0.00394
34.93510	0.00400
35.04107	0.00400
34.93510	0.00400
35.04107	0.00400
34.98806	0.00400
35.04107	0.00400
34.98806	0.00400
35.04107	0.00400
34.98806	0.00400
35.04107	0.00400
34.98806	0.00400
35.04107	0.00400
34.98806	0.00400
35.04107	0.00400
34.98806	0.00400
35.04107	0.00400
34.98806	0.00400
35.04107	0.00400
34.98806	0.00400
35.04107	0.00400
34.98806	0.00400
35.04107	0.00400
34.98806	0.00400
35.04107	0.00400
34.98806	0.00400
35.04107	0.00400
35.04107	0.00400
35.04107	0.00400
34.98806	0.00400
35.04107	0.00400
34.98806	0.00400
35.04107	0.00400
34.98806	0.00400
35.04107	0.00400
34.98806	0.00400
35.09414	0.00400
35.04107	0.00400
35.04107	0.00400
34.98806	0.00400
35.04107	0.00400
34.98806	0.00400
35.09414	0.00400
35.04107	0.00400
35.04107	0.00400
34.98806	0.00400
35.14727	0.00400
35.04107	0.00400
35.14727	0.00400
35.04107	0.00400
35.14727	0.00400
35.09414	0.00400
35.14727	0.00400
35.04107	0.00400
35.14727	0.00400
35.04107	0.00400
35.14727	0.00400
35.09414	0.00400
35.14727	0.00400
35.04107	0.00400
35.14727	0.00400
35.04107	0.00400
35.20045	0.00400
35.09414	0.00400
35.14727	0.00400
35.09414	0.00400
35.14727	0.00400
35.09414	0.00400
35.14727	0.00400
35.09414	0.00400
35.20045	0.00400
35.09414	0.00400
35.14727	0.00406
35.09414	0.00400
35.14727	0.00400
35.09414	0.00406
35.14727	0.00400
35.09414	0.00406
35.14727	0.00406
35.09414	0.00406
35.20045	0.00406
35.09414	0.00406
35.20045	0.00406
35.09414	0.00406
35.14727	0.00406
35.09414	0.00406
35.20045	0.00406
35.14727	0.00406
35.25369	0.00406
35.09414	0.00406
35.25369	0.00406
35.09414	0.00406
35.20045	0.00406
35.09414	0.00406
35.25369	0.00406
35.14727	0.00406
35.25369	0.00406
35.20045	0.00406
35.25369	0.00406
35.14727	0.00406
35.25369	0.00406
35.14727	0.00406
35.20045	0.00406
35.20045	0.00406
35.25369	0.00406
35.20045	0.00406
35.25369	0.00406
35.20045	0.00406
35.25369	0.00406
35.20045	0.00406
35.25369	0.00406
35.20045	0.00406
35.25369	0.00406
35.20045	0.00406
35.25369	0.00406
35.14727	0.00406
35.25369	0.00406
35.20045	0.00406
35.25369	0.00406
35.20045	0.00406
35.25369	0.00406
35.20045	0.00406
35.25369	0.00406
35.20045	0.00406
35.25369	0.00406
35.20045	0.00406
35.25369	0.00406
35.20045	0.00406
35.25369	0.00406
35.20045	0.00406
35.25369	0.00406
35.20045	0.00406
35.25369	0.00406
35.20045	0.00406
35.25369	0.00406
35.20045	0.00406
35.25369	0.00406
35.20045	0.00406
35.25369	0.00406
35.20045	0.00406
35.25369	0.00406
35.25369	0.00406
35.25369	0.00406
35.20045	0.00406
35.25369	0.00406
35.20045	0.00406
35.36033	0.00406
35.25369	0.00406
35.36033	0.00406
35.25369	0.00406
35.36033	0.00406
35.25369	0.00406
35.25369	0.00412
35.25369	0.00406
35.36033	0.00406
35.25369	0.00406
35.25369	0.00406
35.25369	0.00412
35.25369	0.00412
35.20045	0.00412
35.25369	0.00412
35.25369	0.00412
35.36033	0.00412
35.25369	0.00412
35.36033	0.00412
35.25369	0.00412
35.25369	0.00412
35.25369	0.00412
35.36033	0.00412
35.25369	0.00412
35.36033	0.00412
35.25369	0.00412
35.36033	0.00412
35.25369	0.00412
35.36033	0.00412
35.30698	0.00412
35.41373	0.00412
35.30698	0.00412
35.41373	0.00412
35.30698	0.00412
35.46719	0.00412
35.30698	0.00412
35.46719	0.00412
35.30698	0.00412
35.41373	0.00412
35.30698	0.00412
35.46719	0.00412
35.36033	0.00412
35.46719	0.00412
35.25369	0.00412
35.41373	0.00412
35.30698	0.00412
35.41373	0.00412
35.41373	0.00412
35.46719	0.00412
35.36033	0.00412
35.46719	0.00412
35.41373	0.00412
35.41373	0.00412
35.30698	0.00412
35.46719	0.00412
35.41373	0.00412
35.46719	0.00412
35.36033	0.00412
35.46719	0.00412
35.36033	0.00412
35.46719	0.00412
35.41373	0.00412
35.46719	0.00412
35.41373	0.00412
35.46719	0.00412
35.41373	0.00412
35.46719	0.00412
35.41373	0.00412
35.46719	0.00412
35.41373	0.00412
35.46719	0.00412
35.41373	0.00412
35.46719	0.00412
35.41373	0.00412
35.52071	0.00412
35.41373	0.00412
35.46719	0.00412
35.41373	0.00412
35.46719	0.00412
35.41373	0.00412
35.46719	0.00412
35.41373	0.00412
35.52071	0.00412
35.41373	0.00412
35.52071	0.00412
35.41373	0.00412
35.46719	0.00412
35.41373	0.00412
35.57428	0.00412
35.41373	0.00419
35.46719	0.00419
35.41373	0.00419
35.57428	0.00419
35.46719	0.00419
35.57428	0.00419
35.46719	0.00419
35.57428	0.00419
35.46719	0.00419
35.52071	0.00419
35.46719	0.00419
35.57428	0.00419
35.41373	0.00419
35.57428	0.00419
35.46719	0.00419
35.57428	0.00419
35.46719	0.00419
35.57428	0.00419
35.46719	0.00419
35.57428	0.00419
35.46719	0.00419
35.57428	0.00419
35.46719	0.00419
35.57428	0.00419
35.46719	0.00419
35.57428	0.00419
35.46719	0.00419
35.57428	0.00419
35.46719	0.00419
35.57428	0.00419
35.46719	0.00419
35.57428	0.00419
35.46719	0.00419
35.57428	0.00419
35.46719	0.00419
35.62791	0.00419
35.52071	0.00419
35.57428	0.00419
35.52071	0.00419
35.62791	0.00419
35.52071	0.00419
35.62791	0.00419
35.52071	0.00419
35.62791	0.00419
35.52071	0.00419
35.62791	0.00419
35.52071	0.00419
35.62791	0.00419
35.52071	0.00419
35.62791	0.00419
35.57428	0.00419
35.62791	0.00419
35.57428	0.00419
35.62791	0.00419
35.52071	0.00419
35.62791	0.00419
35.57428	0.00419
35.62791	0.00419
35.62791	0.00419
35.68160	0.00419
35.57428	0.00419
35.62791	0.00419
35.62791	0.00419
35.68160	0.00419
35.62791	0.00419
35.68160	0.00419
35.57428	0.00419
35.68160	0.00419
35.62791	0.00419
35.68160	0.00419
35.62791	0.00419
35.68160	0.00419
35.62791	0.00419
35.68160	0.00419
35.62791	0.00419
35.68160	0.00419
35.62791	0.00419
35.68160	0.00419
35.62791	0.00419
35.68160	0.00419
35.62791	0.00419
35.68160	0.00425
35.62791	0.00419
35.68160	0.00419
35.62791	0.00425
35.68160	0.00425
35.62791	0.00425
35.68160	0.00425
35.62791	0.00425
35.68160	0.00425
35.62791	0.00425
35.68160	0.00425
35.62791	0.00425
35.68160	0.00425
35.62791	0.00425
35.68160	0.00425
35.62791	0.00425
35.68160	0.00425
35.68160	0.00425
35.68160	0.00425
35.62791	0.00425
35.68160	0.00425
35.68160	0.00425
35.68160	0.00425
35.68160	0.00425
35.68160	0.00425
35.68160	0.00425
35.68160	0.00425
35.68160	0.00425
35.68160	0.00425
35.68160	0.00425
35.68160	0.00425
35.68160	0.00425
35.68160	0.00425
35.68160	0.00425
35.68160	0.00425
35.68160	0.00425
35.68160	0.00425
35.73535	0.00425
35.68160	0.00425
35.68160	0.00425
35.68160	0.00425
35.62791	0.00425
35.68160	0.00425
35.68160	0.00425
35.68160	0.00425
35.68160	0.00425
35.78915	0.00425
35.73535	0.00425
35.78915	0.00425
35.73535	0.00425
35.78915	0.00425
35.73535	0.00425
35.78915	0.00425
35.73535	0.00425
35.84301	0.00425
35.73535	0.00425
35.78915	0.00425
35.73535	0.00425
35.84301	0.00425
35.73535	0.00425
35.78915	0.00425
35.78915	0.00425
35.78915	0.00425
35.73535	0.00425
35.84301	0.00425
35.73535	0.00425
35.89693	0.00425
35.73535	0.00425
35.84301	0.00425
35.78915	0.00425
35.84301	0.00425
35.78915	0.00425
35.89693	0.00425
35.78915	0.00425
35.84301	0.00425
35.78915	0.00425
35.89693	0.00425
35.84301	0.00425
35.89693	0.00425
35.78915	0.00425
35.89693	0.00425
35.73535	0.00425
35.89693	0.00425
35.84301	0.00431
35.89693	0.00431
35.84301	0.00431
35.84301	0.00431
35.84301	0.00431
35.89693	0.00431
35.84301	0.00431
35.89693	0.00431
35.84301	0.00431
35.89693	0.00431
35.84301	0.00431
35.89693	0.00431
35.84301	0.00431
35.89693	0.00431
35.78915	0.00431
35.89693	0.00431
35.84301	0.00431
35.95091	0.00431
35.84301	0.00431
35.89693	0.00431
35.84301	0.00431
35.89693	0.00431
35.84301	0.00431
35.95091	0.00431
35.84301	0.00431
35.89693	0.00431
35.84301	0.00431
35.95091	0.00431
35.84301	0.00431
35.95091	0.00431
35.84301	0.00431
36.00494	0.00431
35.89693	0.00431
35.89693	0.00431
35.84301	0.00431
35.95091	0.00431
35.89693	0.00431
36.00494	0.00431
35.89693	0.00431
35.89693	0.00431
35.89693	0.00431
35.95091	0.00431
35.95091	0.00431
36.00494	0.00431
35.89693	0.00431
36.00494	0.00431
35.89693	0.00431
36.00494	0.00431
35.89693	0.00431
36.00494	0.00431
35.84301	0.00431
36.00494	0.00431
35.95091	0.00431
36.00494	0.00431
35.95091	0.00431
36.00494	0.00431
35.95091	0.00431
36.00494	0.00431
35.95091	0.00431
36.00494	0.00431
35.89693	0.00431
36.00494	0.00431
35.95091	0.00431
36.00494	0.00431
35.89693	0.00431
36.05904	0.00431
35.95091	0.00431
36.00494	0.00431
35.95091	0.00431
36.05904	0.00431
35.95091	0.00431
36.00494	0.00431
35.95091	0.00431
36.05904	0.00431
35.95091	0.00431
36.00494	0.00431
35.95091	0.00431
36.05904	0.00431
35.95091	0.00431
36.05904	0.00431
36.00494	0.00431
36.00494	0.00431
36.00494	0.00431
36.11319	0.00431
36.00494	0.00431
36.11319	0.00431
36.00494	0.00431
36.11319	0.00431
36.00494	0.00431
36.05904	0.00431
36.05904	0.00431
36.11319	0.00431
36.00494	0.00437
36.11319	0.00437
36.00494	0.00437
36.11319	0.00437
36.05904	0.00437
36.11319	0.00437
35.95091	0.00437
36.05904	0.00437
36.05904	0.00437
36.11319	0.00437
36.05904	0.00437
36.11319	0.00437
36.00494	0.00437
36.11319	0.00437
36.05904	0.00437
36.11319	0.00437
36.05904	0.00437
36.11319	0.00437
36.05904	0.00437
36.11319	0.00437
36.05904	0.00437
36.11319	0.00437
36.05904	0.00437
36.11319	0.00437
36.05904	0.00437
36.11319	0.00437
36.11319	0.00437
36.11319	0.00437
36.05904	0.00437
36.11319	0.00437
36.05904	0.00437
36.11319	0.00437
36.05904	0.00437
36.11319	0.00437
36.05904	0.00437
36.11319	0.00437
36.05904	0.00437
36.11319	0.00437
36.05904	0.00437
36.11319	0.00437
36.05904	0.00437
36.11319	0.00437
36.11319	0.00437
36.22168	0.00437
36.11319	0.00437
36.11319	0.00437
36.05904	0.00437
36.11319	0.00437
36.05904	0.00437
36.11319	0.00437
36.05904	0.00437
36.22168	0.00437
36.11319	0.00437
36.22168	0.00437
36.11319	0.00437
36.22168	0.00437
36.11319	0.00437
36.22168	0.00437
36.11319	0.00437
36.22168	0.00437
36.11319	0.00437
36.11319	0.00437
36.11319	0.00437
36.22168	0.00437
36.11319	0.00437
36.22168	0.00437
36.16740	0.00437
36.22168	0.00437
36.11319	0.00437
36.27601	0.00437
36.11319	0.00437
36.27601	0.00437
36.11319	0.00437
36.27601	0.00437
36.16740	0.00437
36.11319	0.00437
36.11319	0.00437
36.27601	0.00437
36.11319	0.00437
36.27601	0.00437
36.11319	0.00437
36.27601	0.00444
36.11319	0.00444
36.33040	0.00444
36.16740	0.00444
36.27601	0.00444
36.16740	0.00444
36.33040	0.00444
36.22168	0.00444
36.27601	0.00444
36.22168	0.00444
36.33040	0.00444
36.22168	0.00444
36.27601	0.00444
36.16740	0.00444
36.33040	0.00444
36.27601	0.00444
36.33040	0.00444
36.16740	0.00444
36.33040	0.00444
36.22168	0.00444
36.33040	0.00444
36.22168	0.00444
36.33040	0.00444
36.27601	0.00444
36.33040	0.00444
36.16740	0.00444
36.33040	0.00444
36.27601	0.00444
36.33040	0.00444
36.27601	0.00444
36.33040	0.00444
36.27601	0.00444
36.33040	0.00444
36.27601	0.00444
36.38485	0.00444
36.27601	0.00444
36.33040	0.00444
36.27601	0.00444
36.33040	0.00444
36.27601	0.00444
36.33040	0.00444
36.27601	0.00444
36.33040	0.00444
36.27601	0.00444
36.38485	0.00444
36.27601	0.00444
36.33040	0.00444
36.27601	0.00444
36.38485	0.00444
36.33040	0.00444
36.38485	0.00444
36.27601	0.00444
36.38485	0.00444
36.33040	0.00444
36.33040	0.00444
36.33040	0.00444
36.38485	0.00444
36.27601	0.00444
36.38485	0.00444
36.33040	0.00444
36.38485	0.00444
36.33040	0.00444
36.43937	0.00444
36.33040	0.00444
36.38485	0.00444
36.38485	0.00444
36.43937	0.00444
36.27601	0.00444
36.43937	0.00444
36.33040	0.00444
36.43937	0.00444
36.33040	0.00444
36.43937	0.00444
36.38485	0.00444
36.43937	0.00450
36.33040	0.00450
36.43937	0.00450
36.33040	0.00450
36.43937	0.00450
36.33040	0.00450
36.43937	0.00450
36.33040	0.00450
36.43937	0.00450
36.33040	0.00450
36.43937	0.00450
36.38485	0.00450
36.43937	0.00450
36.33040	0.00450
36.43937	0.00450
36.38485	0.00450
36.49394	0.00450
36.38485	0.00450
36.49394	0.00450
36.38485	0.00450
36.49394	0.00450
36.38485	0.00450
36.49394	0.00450
36.38485	0.00450
36.49394	0.00450
36.38485	0.00450
36.49394	0.00450
36.38485	0.00450
36.54857	0.00450
36.38485	0.00450
36.49394	0.00450
36.38485	0.00450
36.49394	0.00450
36.38485	0.00450
36.54857	0.00450
36.43937	0.00450
36.49394	0.00450
36.43937	0.00450
36.54857	0.00450
36.43937	0.00450
36.49394	0.00450
36.38485	0.00450
36.49394	0.00450
36.43937	0.00450
36.54857	0.00450
36.49394	0.00450
36.54857	0.00450
36.43937	0.00450
36.54857	0.00450
36.49394	0.00450
36.49394	0.00450
36.49394	0.00450
36.54857	0.00450
36.43937	0.00450
36.54857	0.00450
36.49394	0.00450
36.54857	0.00450
36.49394	0.00450
36.54857	0.00450
36.49394	0.00450
36.54857	0.00450
36.49394	0.00450
36.54857	0.00450
36.49394	0.00450
36.54857	0.00450
36.49394	0.00450
36.54857	0.00450
36.49394	0.00450
36.54857	0.00450
36.49394	0.00450
36.54857	0.00450
36.49394	0.00450
36.54857	0.00450
36.49394	0.00450
36.54857	0.00450
36.49394	0.00450
36.54857	0.00450
36.49394	0.00456
36.54857	0.00456
36.54857	0.00456
36.54857	0.00456
36.49394	0.00456
36.54857	0.00456
36.49394	0.00456
36.54857	0.00456
36.54857	0.00456
36.54857	0.00456
36.60327	0.00456
36.54857	0.00456
36.60327	0.00456
36.54857	0.00456
36.54857	0.00456
36.54857	0.00456
36.60327	0.00456
36.54857	0.00456
36.54857	0.00456
36.54857	0.00456
36.60327	0.00456
36.54857	0.00456
36.60327	0.00456
36.54857	0.00456
36.60327	0.00456
36.65803	0.00456
36.60327	0.00456
36.54857	0.00456
36.60327	0.00456
36.54857	0.00456
36.60327	0.00456
36.54857	0.00456
36.60327	0.00456
36.71285	0.00456
36.60327	0.00456
36.65803	0.00456
36.60327	0.00456
36.54857	0.00456
36.60327	0.00456
36.76773	0.00456
36.60327	0.00456
36.54857	0.00456
36.60327	0.00456
36.76773	0.00456
36.60327	0.00456
36.71285	0.00456
36.60327	0.00456
36.76773	0.00456
36.60327	0.00456
36.71285	0.00456
36.60327	0.00456
36.71285	0.00456
36.60327	0.00456
36.76773	0.00456
36.65803	0.00456
36.71285	0.00456
36.71285	0.00456
36.76773	0.00456
36.65803	0.00456
36.76773	0.00456
36.60327	0.00456
36.76773	0.00456
36.71285	0.00456
36.71285	0.00456
36.65803	0.00456
36.76773	0.00456
36.71285	0.00456
36.76773	0.00456
36.65803	0.00456
36.76773	0.00456
36.65803	0.00456
36.71285	0.00456
36.71285	0.00456
36.76773	0.00456
36.71285	0.00456
36.76773	0.00456
36.71285	0.00456
36.76773	0.00456
36.71285	0.00456
36.76773	0.00456
36.71285	0.00456
36.76773	0.00456
36.71285	0.00462
36.82267	0.00462
36.71285	0.00462
36.76773	0.00462
36.71285	0.00462
36.76773	0.00462
36.71285	0.00462
36.76773	0.00462
36.71285	0.00462
36.76773	0.00462
36.71285	0.00462
36.82267	0.00462
36.71285	0.00462
36.82267	0.00462
36.71285	0.00462
36.87768	0.00462
36.71285	0.00462
36.87768	0.00462
36.71285	0.00462
36.87768	0.00462
36.71285	0.00462
36.87768	0.00462
36.71285	0.00462
36.82267	0.00462
36.76773	0.00462
36.87768	0.00462
36.76773	0.00462
36.87768	0.00462
36.76773	0.00462
36.87768	0.00462
36.82267	0.00462
36.87768	0.00462
36.82267	0.00462
36.87768	0.00462
36.76773	0.00462
36.87768	0.00462
36.76773	0.00462
36.87768	0.00462
36.76773	0.00462
36.87768	0.00462
36.82267	0.00462
36.87768	0.00462
36.82267	0.00462
36.87768	0.00462
36.82267	0.00462
36.87768	0.00462
36.76773	0.00462
36.87768	0.00462
36.82267	0.00462
36.87768	0.00462
36.82267	0.00462
36.93274	0.00462
36.82267	0.00462
36.87768	0.00462
36.82267	0.00462
36.87768	0.00462
36.82267	0.00462
36.87768	0.00462
36.82267	0.00462
36.87768	0.00462
36.87768	0.00462
36.87768	0.00462
36.87768	0.00462
36.93274	0.00462
36.87768	0.00462
36.93274	0.00462
36.87768	0.00462
36.93274	0.00462
36.87768	0.00462
36.93274	0.00462
36.93274	0.00462
36.93274	0.00462
36.93274	0.00462
36.98787	0.00462
36.93274	0.00462
36.98787	0.00462
36.82267	0.00462
36.93274	0.00462
36.87768	0.00462
36.93274	0.00462
36.93274	0.00462
36.98787	0.00462
36.87768	0.00462
36.98787	0.00462
36.87768	0.00462
36.98787	0.00462
36.93274	0.00469
36.98787	0.00469
36.93274	0.00469
36.98787	0.00469
36.93274	0.00469
36.98787	0.00469
36.93274	0.00469
36.98787	0.00469
36.93274	0.00469
36.98787	0.00469
36.93274	0.00469
36.98787	0.00469
36.93274	0.00469
36.98787	0.00469
36.93274	0.00469
36.98787	0.00469
36.93274	0.00469
36.98787	0.00469
36.93274	0.00469
36.98787	0.00469
36.93274	0.00469
36.98787	0.00469
36.93274	0.00469
36.98787	0.00469
36.93274	0.00469
36.98787	0.00469
36.93274	0.00469
36.98787	0.00469
36.93274	0.00469
36.98787	0.00469
36.98787	0.00469
36.98787	0.00469
36.98787	0.00469
36.98787	0.00469
36.93274	0.00469
36.98787	0.00469
36.98787	0.00469
36.98787	0.00469
36.93274	0.00469
36.98787	0.00469
36.93274	0.00469
36.98787	0.00469
36.98787	0.00469
37.09833	0.00469
36.98787	0.00469
37.09833	0.00469
36.98787	0.00469
37.09833	0.00469
36.98787	0.00469
36.98787	0.00469
36.98787	0.00469
36.98787	0.00469
36.98787	0.00469
36.98787	0.00469
36.98787	0.00469
37.09833	0.00469
37.04307	0.00469
37.09833	0.00469
36.98787	0.00469
36.98787	0.00469
36.98787	0.00469
37.09833	0.00469
37.04307	0.00469
37.09833	0.00469
37.04307	0.00469
37.09833	0.00469
36.98787	0.00469
37.09833	0.00469
37.04307	0.00469
37.15365	0.00469
37.04307	0.00469
37.09833	0.00469
37.04307	0.00469
37.15365	0.00469
37.04307	0.00469
37.15365	0.00469
37.09833	0.00469
37.15365	0.00469
37.04307	0.00469
37.15365	0.00469
37.09833	0.00469
37.20903	0.00469
37.04307	0.00469
37.20903	0.00469
37.09833	0.00469
37.20903	0.00469
37.15365	0.00469
37.20903	0.00475
37.15365	0.00475
37.20903	0.00475
37.09833	0.00475
37.20903	0.00475
37.15365	0.00475
37.15365	0.00475
37.09833	0.00475
37.15365	0.00475
37.15365	0.00475
37.20903	0.00475
37.15365	0.00475
37.20903	0.00475
37.15365	0.00475
37.20903	0.00475
37.15365	0.00475
37.20903	0.00475
37.15365	0.00475
37.20903	0.00475
37.15365	0.00475
37.20903	0.00475
37.15365	0.00475
37.20903	0.00475
37.15365	0.00475
37.20903	0.00475
37.15365	0.00475
37.20903	0.00475
37.15365	0.00475
37.20903	0.00475
37.15365	0.00475
37.26448	0.00475
37.15365	0.00475
37.20903	0.00475
37.15365	0.00475
37.20903	0.00475
37.15365	0.00475
37.20903	0.00475
37.15365	0.00475
37.26448	0.00475
37.15365	0.00475
37.31999	0.00475
37.15365	0.00475
37.31999	0.00475
37.20903	0.00475
37.31999	0.00475
37.20903	0.00475
37.31999	0.00475
37.15365	0.00475
37.31999	0.00475
37.20903	0.00475
37.31999	0.00475
37.20903	0.00475
37.31999	0.00475
37.15365	0.00475
37.31999	0.00475
37.26448	0.00475
37.31999	0.00475
37.26448	0.00475
37.31999	0.00475
37.26448	0.00475
37.31999	0.00475
37.26448	0.00475
37.31999	0.00475
37.20903	0.00475
37.31999	0.00475
37.26448	0.00475
37.31999	0.00475
37.26448	0.00475
37.31999	0.00475
37.20903	0.00475
37.31999	0.00475
37.26448	0.00475
37.31999	0.00475
37.20903	0.00475
37.31999	0.00475
37.26448	0.00475
37.31999	0.00475
37.26448	0.00475
37.37557	0.00481
37.26448	0.00481
37.37557	0.00481
37.26448	0.00481
37.31999	0.00481
37.26448	0.00481
37.31999	0.00481
37.26448	0.00481
37.37557	0.00481
37.26448	0.00481
37.43122	0.00481
37.31999	0.00481
37.37557	0.00481
37.37557	0.00481
37.37557	0.00481
37.26448	0.00481
37.37557	0.00481
37.26448	0.00481
37.37557	0.00481
37.37557	0.00481
37.43122	0.00481
37.31999	0.00481
37.43122	0.00481
37.37557	0.00481
37.43122	0.00481
37.31999	0.00481
37.43122	0.00481
37.37557	0.00481
37.37557	0.00481
37.37557	0.00481
37.43122	0.00481
37.37557	0.00481
37.43122	0.00481
37.37557	0.00481
37.43122	0.00481
37.37557	0.00481
37.43122	0.00481
37.37557	0.00481
37.43122	0.00481
37.37557	0.00481
37.43122	0.00481
37.37557	0.00481
37.43122	0.00481
37.37557	0.00481
37.43122	0.00481
37.37557	0.00481
37.43122	0.00481
37.37557	0.00481
37.43122	0.00481
37.37557	0.00481
37.43122	0.00481
37.37557	0.00481
37.43122	0.00481
37.37557	0.00481
37.43122	0.00481
37.43122	0.00481
37.43122	0.00481
37.37557	0.00481
37.43122	0.00481
37.43122	0.00481
37.43122	0.00481
37.43122	0.00481
37.43122	0.00481
37.43122	0.00481
37.43122	0.00481
37.43122	0.00481
37.43122	0.00481
37.43122	0.00481
37.43122	0.00481
37.43122	0.00481
37.43122	0.00481
37.43122	0.00481
37.43122	0.00481
37.43122	0.00481
37.43122	0.00481
37.43122	0.00481
37.43122	0.00481
37.43122	0.00481
37.43122	0.00481
37.43122	0.00487
37.54270	0.00487
37.43122	0.00487
37.43122	0.00487
37.43122	0.00487
37.43122	0.00487
37.43122	0.00487
37.43122	0.00487
37.43122	0.00487
37.43122	0.00487
37.43122	0.00487
37.43122	0.00487
37.43122	0.00487
37.54270	0.00487
37.43122	0.00487
37.54270	0.00487
37.43122	0.00487
37.43122	0.00487
37.43122	0.00487
37.43122	0.00487
37.43122	0.00487
37.54270	0.00487
37.54270	0.00487
37.59854	0.00487
37.43122	0.00487
37.43122	0.00487
37.54270	0.00487
37.59854	0.00487
37.48692	0.00487
37.59854	0.00487
37.54270	0.00487
37.59854	0.00487
37.43122	0.00487
37.59854	0.00487
37.43122	0.00487
37.59854	0.00487
37.43122	0.00487
37.59854	0.00487
37.54270	0.00487
37.65444	0.00487
37.54270	0.00487
37.65444	0.00487
37.54270	0.00487
37.65444	0.00487
37.43122	0.00487
37.65444	0.00487
37.59854	0.00487
37.65444	0.00487
37.59854	0.00487
37.65444	0.00487
37.59854	0.00487
37.65444	0.00487
37.59854	0.00487
37.65444	0.00487
37.59854	0.00487
37.65444	0.00487
37.59854	0.00487
37.65444	0.00487
37.59854	0.00487
37.65444	0.00487
37.59854	0.00487
37.65444	0.00487
37.59854	0.00487
37.65444	0.00487
37.59854	0.00487
37.65444	0.00487
37.59854	0.00487
37.65444	0.00487
37.59854	0.00487
37.71041	0.00487
37.59854	0.00487
37.65444	0.00487
37.59854	0.00487
37.71041	0.00487
37.59854	0.00487
37.65444	0.00487
37.59854	0.00487
37.71041	0.00487
37.59854	0.00494
37.71041	0.00494
37.59854	0.00494
37.76645	0.00494
37.59854	0.00494
37.76645	0.00494
37.65444	0.00494
37.71041	0.00494
37.59854	0.00494
37.76645	0.00494
37.65444	0.00494
37.71041	0.00494
37.65444	0.00494
37.71041	0.00494
37.71041	0.00494
37.71041	0.00494
37.65444	0.00494
37.71041	0.00494
37.65444	0.00494
37.76645	0.00494
37.71041	0.00494
37.76645	0.00494
37.65444	0.00494
37.76645	0.00494
37.71041	0.00494
37.76645	0.00494
37.71041	0.00494
37.76645	0.00494
37.65444	0.00494
37.76645	0.00494
37.71041	0.00494
37.76645	0.00494
37.71041	0.00494
37.76645	0.00494
37.71041	0.00494
37.76645	0.00494
37.71041	0.00494
37.76645	0.00494
37.71041	0.00494
37.76645	0.00494
37.71041	0.00494
37.76645	0.00494
37.71041	0.00494
37.82256	0.00494
37.71041	0.00494
37.82256	0.00494
37.76645	0.00494
37.76645	0.00494
37.71041	0.00494
37.82256	0.00494
37.76645	0.00494
37.82256	0.00494
37.76645	0.00494
37.87873	0.00494
37.76645	0.00494
37.82256	0.00494
37.76645	0.00494
37.82256	0.00494
37.76645	0.00494
37.87873	0.00494
37.76645	0.00494
37.87873	0.00494
37.82256	0.00494
37.82256	0.00494
37.82256	0.00494
37.87873	0.00494
37.82256	0.00494
37.87873	0.00494
37.82256	0.00494
37.87873	0.00494
37.82256	0.00494
37.87873	0.00494
37.82256	0.00494
37.87873	0.00494
37.82256	0.00494
37.87873	0.00494
37.82256	0.00494
37.87873	0.00494
37.82256	0.00494
37.87873	0.00494
37.82256	0.00494
37.87873	0.00494
37.82256	0.00494
37.87873	0.00494
37.82256	0.00494
37.87873	0.00494
37.82256	0.00494
37.87873	0.00500
37.82256	0.00500
37.87873	0.00500
37.82256	0.00500
37.87873	0.00500
37.76645	0.00500
37.87873	0.00500
37.87873	0.00500
37.87873	0.00500
37.82256	0.00500
37.87873	0.00500
37.82256	0.00500
37.87873	0.00500
37.87873	0.00500
37.87873	0.00500
37.82256	0.00500
37.87873	0.00500
37.82256	0.00500
37.87873	0.00500
37.82256	0.00500
37.87873	0.00500
37.82256	0.00500
37.87873	0.00500
37.87873	0.00500
37.87873	0.00500
37.87873	0.00500
37.87873	0.00500
37.82256	0.00500
37.87873	0.00500
37.87873	0.00500
37.87873	0.00500
37.87873	0.00500
37.87873	0.00500
37.87873	0.00500
37.99127	0.00500
37.93497	0.00500
37.99127	0.00500
37.87873	0.00500
38.04765	0.00500
37.87873	0.00500
37.99127	0.00500
37.87873	0.00500
37.87873	0.00500
37.87873	0.00500
37.87873	0.00500
37.87873	0.00500
37.87873	0.00500
37.87873	0.00500
38.04765	0.00500
37.93497	0.00500
38.04765	0.00500
37.93497	0.00500
38.04765	0.00500
37.87873	0.00500
38.04765	0.00500
37.87873	0.00500
38.04765	0.00500
37.93497	0.00500
38.04765	0.00500
37.87873	0.00500
38.04765	0.00500
37.93497	0.00500
38.04765	0.00500
37.99127	0.00500
38.10409	0.00500
37.99127	0.00500
37.99127	0.00500
37.93497	0.00500
38.04765	0.00500
37.93497	0.00500
38.04765	0.00500
37.99127	0.00500
38.10409	0.00500
37.99127	0.00500
38.10409	0.00500
37.99127	0.00500
38.10409	0.00500
37.99127	0.00500
38.10409	0.00500
37.99127	0.00500
38.10409	0.00500
37.99127	0.00500
38.10409	0.00500
38.04765	0.00506
38.10409	0.00506
37.99127	0.00506
38.10409	0.00506
38.04765	0.00506
38.10409	0.00506
37.99127	0.00506
38.10409	0.00506
38.04765	0.00506
38.10409	0.00506
38.04765	0.00506
38.10409	0.00506
38.04765	0.00506
38.10409	0.00506
38.04765	0.00506
38.16060	0.00506
38.04765	0.00506
38.10409	0.00506
38.04765	0.00506
38.16060	0.00506
38.04765	0.00506
38.10409	0.00506
38.04765	0.00506
38.10409	0.00506
38.04765	0.00506
38.10409	0.00506
38.04765	0.00506
38.16060	0.00506
38.10409	0.00506
38.21718	0.00506
38.10409	0.00506
38.16060	0.00506
38.10409	0.00506
38.10409	0.00506
38.10409	0.00506
38.10409	0.00506
38.10409	0.00506
38.21718	0.00506
38.16060	0.00506
38.21718	0.00506
38.16060	0.00506
38.21718	0.00506
38.16060	0.00506
38.21718	0.00506
38.10409	0.00506
38.21718	0.00506
38.16060	0.00506
38.21718	0.00506
38.16060	0.00506
38.21718	0.00506
38.16060	0.00506
38.21718	0.00506
38.16060	0.00506
38.21718	0.00506
38.10409	0.00506
38.21718	0.00506
38.16060	0.00506
38.21718	0.00506
38.16060	0.00506
38.21718	0.00506
38.16060	0.00506
38.21718	0.00506
38.10409	0.00506
38.21718	0.00506
38.16060	0.00506
38.21718	0.00506
38.16060	0.00506
38.27383	0.00506
38.16060	0.00506
38.27383	0.00506
38.16060	0.00506
38.27383	0.00506
38.16060	0.00506
38.33054	0.00506
38.21718	0.00506
38.33054	0.00506
38.16060	0.00506
38.33054	0.00513
38.16060	0.00513
38.33054	0.00513
38.16060	0.00513
38.27383	0.00513
38.21718	0.00513
38.33054	0.00513
38.21718	0.00513
38.33054	0.00513
38.27383	0.00513
38.33054	0.00513
38.21718	0.00513
38.33054	0.00513
38.27383	0.00513
38.33054	0.00513
38.21718	0.00513
38.33054	0.00513
38.27383	0.00513
38.33054	0.00513
38.27383	0.00513
38.27383	0.00513
38.27383	0.00513
38.33054	0.00513
38.27383	0.00513
38.33054	0.00513
38.27383	0.00513
38.33054	0.00513
38.27383	0.00513
38.33054	0.00513
38.27383	0.00513
38.33054	0.00513
38.27383	0.00513
38.33054	0.00513
38.27383	0.00513
38.33054	0.00513
38.27383	0.00513
38.33054	0.00513
38.27383	0.00513
38.33054	0.00513
38.27383	0.00513
38.33054	0.00513
38.27383	0.00513
38.33054	0.00513
38.27383	0.00513
38.33054	0.00513
38.27383	0.00513
38.33054	0.00513
38.38733	0.00513
38.33054	0.00513
38.33054	0.00513
38.33054	0.00513
38.33054	0.00513
38.33054	0.00513
38.27383	0.00513
38.33054	0.00513
38.27383	0.00513
38.33054	0.00513
38.33054	0.00513
38.33054	0.00513
38.38733	0.00513
38.33054	0.00513
38.33054	0.00513
38.33054	0.00513
38.33054	0.00513
38.33054	0.00513
38.38733	0.00513
38.33054	0.00513
38.33054	0.00513
38.33054	0.00513
38.38733	0.00513
38.33054	0.00513
38.38733	0.00513
38.33054	0.00513
38.38733	0.00513
38.33054	0.00513
38.38733	0.00513
38.33054	0.00513
38.38733	0.00513
38.44419	0.00513
38.38733	0.00513
38.44419	0.00513
38.38733	0.00513
38.33054	0.00513
38.38733	0.00513
38.33054	0.00513
38.38733	0.00513
38.50111	0.00513
38.38733	0.00513
38.44419	0.00519
38.38733	0.00519
38.44419	0.00519
38.38733	0.00519
38.50111	0.00519
38.44419	0.00519
38.50111	0.00519
38.38733	0.00519
38.55811	0.00519
38.44419	0.00519
38.44419	0.00519
38.44419	0.00519
38.55811	0.00519
38.44419	0.00519
38.55811	0.00519
38.44419	0.00519
38.55811	0.00519
38.44419	0.00519
38.50111	0.00519
38.50111	0.00519
38.55811	0.00519
38.44419	0.00519
38.55811	0.00519
38.50111	0.00519
38.55811	0.00519
38.44419	0.00519
38.55811	0.00519
38.50111	0.00519
38.55811	0.00519
38.50111	0.00519
38.55811	0.00519
38.50111	0.00519
38.55811	0.00519
38.44419	0.00519
38.55811	0.00519
38.50111	0.00519
38.55811	0.00519
38.50111	0.00519
38.55811	0.00519
38.50111	0.00519
38.55811	0.00519
38.50111	0.00519
38.55811	0.00519
38.50111	0.00519
38.55811	0.00519
38.50111	0.00519
38.55811	0.00519
38.50111	0.00519
38.55811	0.00519
38.50111	0.00519
38.61518	0.00519
38.50111	0.00519
38.55811	0.00519
38.50111	0.00519
38.61518	0.00519
38.50111	0.00519
38.67232	0.00519
38.50111	0.00519
38.61518	0.00519
38.55811	0.00519
38.55811	0.00519
38.50111	0.00519
38.67232	0.00519
38.55811	0.00519
38.67232	0.00519
38.55811	0.00519
38.61518	0.00519
38.55811	0.00519
38.67232	0.00519
38.55811	0.00519
38.61518	0.00519
38.61518	0.00519
38.67232	0.00519
38.55811	0.00519
38.61518	0.00519
38.55811	0.00519
38.67232	0.00519
38.61518	0.00519
38.67232	0.00519
38.61518	0.00519
38.67232	0.00519
38.61518	0.00519
38.67232	0.00519
38.61518	0.00519
38.67232	0.00519
38.61518	0.00519
38.67232	0.00525
38.55811	0.00525
38.67232	0.00525
38.61518	0.00525
38.67232	0.00525
38.61518	0.00525
38.67232	0.00525
38.61518	0.00525
38.67232	0.00525
38.61518	0.00525
38.67232	0.00525
38.61518	0.00525
38.72953	0.00525
38.61518	0.00525
38.72953	0.00525
38.61518	0.00525
38.72953	0.00525
38.67232	0.00525
38.72953	0.00525
38.61518	0.00525
38.72953	0.00525
38.61518	0.00525
38.78681	0.00525
38.61518	0.00525
38.72953	0.00525
38.67232	0.00525
38.67232	0.00525
38.67232	0.00525
38.72953	0.00525
38.67232	0.00525
38.78681	0.00525
38.67232	0.00525
38.78681	0.00525
38.67232	0.00525
38.78681	0.00525
38.72953	0.00525
38.78681	0.00525
38.72953	0.00525
38.78681	0.00525
38.67232	0.00525
38.78681	0.00525
38.72953	0.00525
38.78681	0.00525
38.67232	0.00525
38.78681	0.00525
38.72953	0.00525
38.78681	0.00525
38.72953	0.00525
38.78681	0.00525
38.72953	0.00525
38.78681	0.00525
38.72953	0.00525
38.78681	0.00525
38.72953	0.00525
38.78681	0.00525
38.72953	0.00525
38.78681	0.00525
38.72953	0.00525
38.78681	0.00525
38.72953	0.00525
38.78681	0.00525
38.72953	0.00525
38.78681	0.00525
38.72953	0.00525
38.78681	0.00525
38.78681	0.00525
38.78681	0.00525
38.72953	0.00525
38.78681	0.00525
38.72953	0.00525
38.78681	0.00525
38.78681	0.00525
38.78681	0.00525
38.78681	0.00525
38.78681	0.00525
38.78681	0.00525
38.78681	0.00525
38.78681	0.00525
38.78681	0.00525
38.72953	0.00525
38.78681	0.00525
38.78681	0.00525
38.78681	0.00525
38.78681	0.00525
38.78681	0.00525
38.72953	0.00525
38.78681	0.00525
38.78681	0.00525
38.78681	0.00525
38.78681	0.00525
38.90158	0.00531
38.78681	0.00531
38.90158	0.00531
38.78681	0.00531
38.78681	0.00531
38.78681	0.00531
38.90158	0.00531
38.84416	0.00531
38.90158	0.00531
38.78681	0.00531
