Temperatura. Can B ( C )	Pressione. Can A ( kPa )
26.52842	0.12207
26.57458	0.11719
26.52842	0.11719
26.57458	0.11719
26.52842	0.11719
26.57458	0.11719
26.57458	0.11719
26.57458	0.11719
26.52842	0.11719
26.57458	0.11719
26.52842	0.11719
26.57458	0.11719
26.52842	0.11719
26.57458	0.11719
26.52842	0.11719
26.57458	0.11719
26.52842	0.11719
26.57458	0.11719
26.52842	0.11719
26.57458	0.11719
26.52842	0.11719
26.57458	0.11719
26.52842	0.11719
26.57458	0.11719
26.52842	0.12207
26.57458	0.11719
26.52842	0.11719
26.57458	0.11719
26.52842	0.11719
26.57458	0.11719
26.52842	0.11719
26.57458	0.11719
26.52842	0.11719
26.57458	0.11719
26.52842	0.11719
26.57458	0.11719
26.52842	0.11719
26.57458	0.11719
26.52842	0.11719
26.57458	0.11719
26.52842	0.11719
26.57458	0.11719
26.52842	0.11719
26.57458	0.11719
26.52842	0.11719
26.57458	0.11719
26.52842	0.11719
26.57458	0.11719
26.52842	0.11719
26.57458	0.11719
26.52842	0.11719
26.57458	0.11719
26.57458	0.11719
26.57458	0.11719
26.52842	0.11719
26.57458	0.11719
26.52842	0.12207
26.57458	0.11719
26.52842	0.12207
26.57458	0.11719
26.52842	0.11719
26.57458	0.11719
26.52842	0.11719
26.57458	0.11719
26.52842	0.12207
26.57458	0.11719
26.52842	0.11719
26.57458	0.11719
26.52842	0.11719
26.57458	0.11719
26.52842	0.11719
26.57458	0.11719
26.52842	0.11719
26.57458	0.11719
26.52842	0.11719
26.57458	0.11719
26.52842	0.11719
26.57458	0.11719
26.52842	0.11719
26.57458	0.11719
26.52842	0.11719
26.57458	0.11719
26.52842	0.11719
26.57458	0.11719
26.52842	0.11719
26.57458	0.11719
26.52842	0.12207
26.57458	0.11719
26.52842	0.12207
26.57458	0.11719
26.52842	0.11719
26.57458	0.11719
26.52842	0.12207
26.57458	0.11719
26.52842	0.11719
26.57458	0.11719
26.52842	0.12207
26.57458	0.11719
26.52842	0.11719
26.57458	0.11719
26.52842	0.11719
26.57458	0.11719
26.52842	0.12207
26.57458	0.12207
26.57458	0.11719
26.57458	0.11719
26.52842	0.11719
26.57458	0.11719
26.52842	0.11719
26.57458	0.11719
26.52842	0.11719
26.57458	0.11719
26.52842	0.12207
26.57458	0.11719
26.52842	0.12207
26.57458	0.11719
26.52842	0.11719
26.57458	0.11719
26.52842	0.11719
26.57458	0.11719
26.52842	0.11719
26.57458	0.11719
26.52842	0.11719
26.57458	0.11719
26.52842	0.12207
26.57458	0.11719
26.52842	0.11719
26.57458	0.11719
26.52842	0.12207
26.57458	0.11719
26.52842	0.11719
26.57458	0.11719
26.52842	0.11719
26.57458	0.11719
26.52842	0.11719
26.57458	0.11719
26.57458	0.12207
26.57458	0.11719
26.52842	0.12207
26.57458	0.11719
26.57458	0.11719
26.57458	0.12207
26.52842	0.11719
26.57458	0.11719
26.52842	0.11719
26.57458	0.11719
26.52842	0.11719
26.57458	0.12207
26.52842	0.11719
26.57458	0.11719
26.52842	0.11719
26.57458	0.11719
26.52842	0.11719
26.57458	0.11719
26.52842	0.11719
26.57458	0.11719
26.52842	0.11719
26.57458	0.11719
26.52842	0.11719
26.57458	0.11719
26.52842	0.11719
26.57458	0.11719
26.52842	0.12207
26.57458	0.11719
26.57458	0.11719
26.57458	0.11719
26.57458	0.11719
26.57458	0.11719
26.52842	0.11719
26.57458	0.11719
26.57458	0.11719
26.57458	0.11719
26.52842	0.11719
26.57458	0.11719
26.57458	0.12207
26.57458	0.11719
26.52842	0.11719
26.57458	0.11719
26.52842	0.12207
26.57458	0.11719
26.57458	0.11719
26.57458	0.11719
26.52842	0.11719
26.57458	0.11719
26.52842	0.11719
26.57458	0.11719
26.52842	0.12207
26.57458	0.11719
26.52842	0.12207
26.57458	0.11719
26.52842	0.12207
26.57458	0.11719
26.52842	0.11719
26.57458	0.11719
26.57458	0.11719
26.57458	0.11719
26.57458	0.12207
26.57458	0.11719
26.57458	0.11719
26.57458	0.11719
26.52842	0.11719
26.57458	0.11719
26.52842	0.11719
26.57458	0.11719
26.57458	0.11719
26.57458	0.11719
26.52842	0.12207
26.57458	0.11719
26.52842	0.11719
26.57458	0.11719
26.57458	0.11719
26.57458	0.11719
26.52842	0.11719
26.57458	0.11719
26.52842	0.12207
26.57458	0.11719
26.52842	0.11719
26.57458	0.11719
26.52842	0.11719
26.57458	0.11719
26.57458	0.12207
26.57458	0.11719
26.57458	0.12207
26.57458	0.11719
26.52842	0.11719
26.57458	0.11719
26.52842	0.11719
26.57458	0.12207
26.52842	0.12207
26.57458	0.11719
26.52842	0.12207
26.57458	0.11719
26.52842	0.11719
26.57458	0.11719
26.52842	0.12207
26.57458	0.11719
26.57458	0.11719
26.57458	0.11719
26.52842	0.11719
26.57458	0.11719
26.52842	0.11719
26.57458	0.11719
26.52842	0.11719
26.57458	0.11719
26.52842	0.12207
26.57458	0.11719
26.57458	0.11719
26.57458	0.11719
26.57458	0.11719
26.57458	0.11719
26.52842	0.12207
26.57458	0.11719
26.52842	0.11719
26.57458	0.11719
26.52842	0.11719
26.57458	0.11719
26.57458	0.12207
26.57458	0.11719
26.52842	0.12207
26.57458	0.11719
26.52842	0.11719
26.57458	0.11719
26.57458	0.12207
26.57458	0.11719
26.52842	0.12207
26.57458	0.11719
26.57458	0.11719
26.57458	0.11719
26.52842	0.11719
26.57458	0.11719
26.52842	0.11719
26.57458	0.11719
26.52842	0.12207
26.57458	0.11719
26.52842	0.11719
26.57458	0.11719
26.57458	0.11719
26.57458	0.11719
26.57458	0.11719
26.57458	0.11719
26.57458	0.11719
26.57458	0.11719
26.52842	0.12207
26.57458	0.12207
26.52842	0.11719
26.57458	0.11719
26.52842	0.12207
26.57458	0.11719
26.52842	0.12207
26.57458	0.12207
26.57458	0.11719
26.57458	0.12207
26.52842	0.12207
26.57458	0.12207
26.57458	0.11719
26.57458	0.11719
26.52842	0.11719
26.57458	0.11719
26.52842	0.12207
26.57458	0.11719
26.57458	0.11719
26.57458	0.11719
26.57458	0.11719
26.57458	0.11719
26.57458	0.11719
26.57458	0.11719
26.52842	0.12207
26.57458	0.12207
26.52842	0.11719
26.57458	0.12207
26.52842	0.11719
26.57458	0.11719
26.52842	0.12207
26.57458	0.11719
26.57458	0.11719
26.57458	0.11719
26.52842	0.11719
26.57458	0.12207
26.52842	0.11719
26.57458	0.12207
26.57458	0.12207
26.57458	0.11719
26.57458	0.12207
26.57458	0.11719
26.57458	0.11719
26.57458	0.11719
26.52842	0.12207
26.57458	0.11719
26.57458	0.12207
26.57458	0.11719
26.52842	0.11719
26.57458	0.11719
26.52842	0.11719
26.57458	0.11719
26.52842	0.11719
26.66698	0.12207
26.57458	0.11719
26.57458	0.11719
26.52842	0.11719
26.66698	0.11719
26.52842	0.12207
26.57458	0.12207
26.57458	0.12207
26.57458	0.12207
26.52842	0.11719
26.57458	0.11719
26.57458	0.11719
26.57458	0.12207
26.52842	0.11719
26.57458	0.11719
26.57458	0.12207
26.57458	0.12207
26.52842	0.12207
26.57458	0.11719
26.52842	0.12207
26.62077	0.11719
26.52842	0.12207
26.57458	0.11719
26.52842	0.12207
26.57458	0.12207
26.52842	0.12207
26.57458	0.12207
26.57458	0.12207
26.57458	0.11719
26.57458	0.12207
26.57458	0.11719
26.57458	0.12207
26.57458	0.11719
26.57458	0.11719
26.57458	0.11719
26.57458	0.12207
26.57458	0.12207
26.52842	0.12207
26.57458	0.11719
26.52842	0.12207
26.57458	0.12207
26.57458	0.12207
26.57458	0.11719
26.57458	0.12207
26.57458	0.11719
26.52842	0.12207
26.57458	0.11719
26.57458	0.12207
26.57458	0.12207
26.57458	0.11719
26.57458	0.12207
26.57458	0.12207
26.57458	0.12207
26.57458	0.12207
26.57458	0.12207
26.52842	0.11719
26.57458	0.11719
26.57458	0.12207
26.57458	0.11719
26.57458	0.12207
26.57458	0.11719
26.57458	0.12207
26.57458	0.12207
26.52842	0.12207
26.66698	0.11719
26.57458	0.12207
26.57458	0.12207
26.57458	0.12207
26.57458	0.12207
26.57458	0.12207
26.57458	0.11719
26.57458	0.12207
26.57458	0.12207
26.57458	0.12207
26.57458	0.12207
26.52842	0.12207
26.57458	0.11719
26.52842	0.12207
26.57458	0.11719
26.52842	0.12207
26.66698	0.12207
26.57458	0.12207
26.57458	0.12696
26.52842	0.12207
26.57458	0.12207
26.57458	0.12207
26.57458	0.11719
26.57458	0.12207
26.57458	0.12207
26.57458	0.12207
26.57458	0.11719
26.52842	0.12207
26.57458	0.11719
26.57458	0.11719
26.57458	0.11719
26.57458	0.12207
26.66698	0.12207
26.57458	0.12207
26.57458	0.12207
26.52842	0.12207
26.57458	0.12207
26.57458	0.12207
26.57458	0.11719
26.57458	0.12207
26.57458	0.11719
26.57458	0.12207
26.57458	0.11719
26.57458	0.12207
26.57458	0.12207
26.57458	0.12207
26.57458	0.12207
26.52842	0.12207
26.57458	0.12207
26.52842	0.12207
26.57458	0.12207
26.57458	0.12207
26.57458	0.12207
26.52842	0.12207
26.57458	0.12207
26.52842	0.12207
26.57458	0.12207
26.57458	0.12207
26.66698	0.12207
26.52842	0.12207
26.57458	0.12207
26.52842	0.12207
26.57458	0.12696
26.52842	0.12207
26.57458	0.12696
26.52842	0.12696
26.57458	0.12696
26.57458	0.12207
26.57458	0.12696
26.52842	0.12696
26.57458	0.12696
26.57458	0.12696
26.57458	0.12696
26.57458	0.13672
26.57458	0.12696
26.52842	0.13672
26.57458	0.12696
26.57458	0.12207
26.57458	0.12696
26.52842	0.12696
26.57458	0.12696
26.52842	0.13672
26.57458	0.12696
26.57458	0.13672
26.57458	0.12696
26.57458	0.13672
26.57458	0.13184
26.57458	0.13672
26.57458	0.13672
26.57458	0.13672
26.57458	0.13184
26.57458	0.13672
26.66698	0.12696
26.57458	0.13672
26.66698	0.13184
26.52842	0.13672
26.57458	0.13184
26.57458	0.13672
26.57458	0.13184
26.52842	0.13672
26.57458	0.13184
26.57458	0.13672
26.57458	0.13184
26.52842	0.13672
26.57458	0.13672
26.57458	0.13672
26.57458	0.13184
26.52842	0.13672
26.57458	0.13672
26.57458	0.13672
26.57458	0.13672
26.57458	0.13672
26.57458	0.13672
26.57458	0.13672
26.57458	0.13672
26.52842	0.13672
26.57458	0.13672
26.57458	0.13672
26.57458	0.13672
26.52842	0.13672
26.57458	0.13672
26.57458	0.14161
26.57458	0.13672
26.52842	0.13672
26.57458	0.14161
26.57458	0.14161
26.57458	0.14161
26.57458	0.14161
26.57458	0.14161
26.57458	0.14161
26.57458	0.14161
26.52842	0.14161
26.66698	0.14161
26.57458	0.14161
26.57458	0.14161
26.57458	0.14161
26.57458	0.14161
26.57458	0.14161
26.57458	0.14649
26.57458	0.14161
26.66698	0.14161
26.57458	0.14161
26.57458	0.14649
26.52842	0.14649
26.57458	0.14649
26.52842	0.14649
26.57458	0.14649
26.57458	0.14161
26.66698	0.14649
26.57458	0.14649
26.57458	0.14649
26.52842	0.14649
26.57458	0.14649
26.57458	0.14649
26.66698	0.14649
26.57458	0.15137
26.57458	0.15625
26.57458	0.14649
26.57458	0.14649
26.52842	0.14649
26.62077	0.14649
26.52842	0.15137
26.57458	0.15625
26.52842	0.15625
26.57458	0.15625
26.57458	0.15625
26.57458	0.15625
26.52842	0.15625
26.57458	0.15625
26.57458	0.15625
26.66698	0.15625
26.57458	0.15625
26.57458	0.15625
26.57458	0.15625
26.57458	0.15625
26.57458	0.15625
26.57458	0.15625
26.57458	0.15625
26.57458	0.15625
26.57458	0.15625
26.57458	0.15625
26.52842	0.15625
26.57458	0.15625
26.57458	0.15625
26.66698	0.15625
26.57458	0.15625
26.57458	0.15625
26.52842	0.16114
26.57458	0.16114
26.57458	0.16114
26.66698	0.15625
26.57458	0.16114
26.66698	0.16114
26.57458	0.16114
26.57458	0.16114
26.52842	0.16114
26.66698	0.15625
26.57458	0.16114
26.66698	0.16114
26.57458	0.16114
26.66698	0.16114
26.57458	0.16602
26.66698	0.16114
26.57458	0.16114
26.66698	0.16602
26.57458	0.17579
26.57458	0.16602
26.52842	0.17579
26.57458	0.16114
26.57458	0.17579
26.66698	0.16602
26.57458	0.17579
26.66698	0.16602
26.57458	0.17579
26.57458	0.16602
26.57458	0.17579
26.57458	0.17090
26.57458	0.17579
26.66698	0.17090
26.57458	0.17579
26.57458	0.17090
26.57458	0.17579
26.57458	0.17579
26.57458	0.17579
26.57458	0.17579
26.57458	0.17579
26.57458	0.17579
26.57458	0.17579
26.57458	0.17579
26.57458	0.17579
26.57458	0.17579
26.57458	0.17579
26.57458	0.17579
26.57458	0.18067
26.57458	0.17579
26.57458	0.18067
26.57458	0.17579
26.52842	0.18067
26.57458	0.18555
26.57458	0.18067
26.66698	0.18555
26.57458	0.18067
26.57458	0.18555
26.57458	0.18067
26.66698	0.18067
26.57458	0.18555
26.66698	0.18555
26.57458	0.18555
26.66698	0.19532
26.57458	0.19044
26.57458	0.19532
26.57458	0.18555
26.57458	0.19532
26.57458	0.19532
26.57458	0.19532
26.52842	0.19044
26.57458	0.19532
26.57458	0.19532
26.57458	0.19532
26.57458	0.19532
26.57458	0.19532
26.57458	0.19532
26.66698	0.19532
26.57458	0.20020
26.57458	0.19532
26.52842	0.20020
26.57458	0.20020
26.57458	0.20020
26.57458	0.20020
26.57458	0.20020
26.57458	0.20508
26.57458	0.20020
26.57458	0.20508
26.57458	0.20020
26.57458	0.20508
26.57458	0.20508
26.66698	0.20508
26.57458	0.20508
26.66698	0.20508
26.57458	0.21485
26.57458	0.20508
26.52842	0.21485
26.57458	0.20997
26.57458	0.21485
26.57458	0.21485
26.57458	0.21485
26.57458	0.21485
26.57458	0.21485
26.57458	0.21485
26.57458	0.21485
26.66698	0.21485
26.57458	0.21973
26.57458	0.21485
26.57458	0.21973
26.57458	0.21485
26.57458	0.21973
26.66698	0.21973
26.57458	0.21973
26.66698	0.21973
26.57458	0.22462
26.66698	0.22462
26.57458	0.23438
26.66698	0.22462
26.57458	0.22462
26.57458	0.22462
26.57458	0.23438
26.66698	0.22950
26.57458	0.23438
26.66698	0.22950
26.57458	0.23438
26.66698	0.23438
26.57458	0.23438
26.57458	0.23438
26.57458	0.23438
26.66698	0.23438
26.57458	0.23438
26.66698	0.23927
26.57458	0.23927
26.66698	0.23927
26.57458	0.23927
26.57458	0.24415
26.57458	0.23927
26.66698	0.24415
26.57458	0.24415
26.57458	0.24415
26.57458	0.25391
26.57458	0.24415
26.57458	0.25391
26.57458	0.24903
26.62077	0.25391
26.66698	0.24903
26.57458	0.25391
26.57458	0.25391
26.57458	0.25391
26.66698	0.25391
26.57458	0.25391
26.66698	0.24903
26.57458	0.25391
26.57458	0.25880
26.57458	0.25391
26.66698	0.25391
26.57458	0.25880
26.66698	0.25880
26.57458	0.25880
26.66698	0.27345
26.57458	0.26368
26.57458	0.26368
26.57458	0.26368
26.71323	0.27345
26.62077	0.26856
26.66698	0.27345
26.57458	0.27345
26.66698	0.27345
26.57458	0.26856
26.66698	0.27345
26.62077	0.27345
26.66698	0.27345
26.57458	0.27345
26.66698	0.27345
26.62077	0.27345
26.71323	0.27345
26.57458	0.27833
26.66698	0.28321
26.57458	0.27833
26.66698	0.28321
26.57458	0.29298
26.66698	0.28321
26.62077	0.28321
26.66698	0.28321
26.57458	0.29298
26.57458	0.28321
26.62077	0.29298
26.66698	0.28809
26.62077	0.29298
26.57458	0.29298
26.57458	0.29298
26.66698	0.28809
26.62077	0.29298
26.66698	0.29298
26.57458	0.29786
26.66698	0.29786
26.57458	0.29786
26.57458	0.31251
26.62077	0.30274
26.66698	0.29786
26.57458	0.30274
26.57458	0.31251
26.62077	0.31251
26.71323	0.31251
26.57458	0.31251
26.71323	0.31251
26.57458	0.31251
26.66698	0.31251
26.57458	0.31251
26.66698	0.31251
26.62077	0.31739
26.57458	0.31251
26.62077	0.31251
26.66698	0.31251
26.57458	0.31739
26.66698	0.31739
26.62077	0.31739
26.71323	0.31739
26.62077	0.31739
26.71323	0.32228
26.57458	0.33204
26.66698	0.32228
26.57458	0.33204
26.71323	0.32228
26.62077	0.33204
26.66698	0.32716
26.62077	0.33204
26.66698	0.32716
26.62077	0.33204
26.71323	0.33204
26.57458	0.33204
26.71323	0.33204
26.62077	0.33692
26.71323	0.33692
26.57458	0.33692
26.66698	0.33692
26.57458	0.33692
26.71323	0.34181
26.62077	0.34181
26.66698	0.35157
26.62077	0.34181
26.57458	0.35157
26.57458	0.34669
26.66698	0.35157
26.57458	0.35157
26.66698	0.35157
26.62077	0.35157
26.66698	0.35157
26.57458	0.35157
26.66698	0.35157
26.66698	0.35157
26.71323	0.35646
26.57458	0.35646
26.66698	0.35646
26.66698	0.35646
26.66698	0.35646
26.62077	0.37111
26.71323	0.36134
26.62077	0.37111
26.71323	0.36134
26.66698	0.37111
26.66698	0.36134
26.62077	0.37111
26.71323	0.36622
26.57458	0.37111
26.66698	0.37111
26.62077	0.37111
26.71323	0.37111
26.57458	0.37599
26.71323	0.37111
26.66698	0.37599
26.71323	0.37111
26.57458	0.37599
26.75950	0.37599
26.62077	0.37599
26.66698	0.38087
26.62077	0.38087
26.71323	0.38087
26.57458	0.38087
26.71323	0.38087
26.66698	0.39064
26.66698	0.38575
26.66698	0.39064
26.75950	0.39064
26.62077	0.39064
26.71323	0.39064
26.66698	0.39064
26.71323	0.39064
26.62077	0.39064
26.75950	0.39064
26.62077	0.39552
26.71323	0.39064
26.57458	0.39552
26.66698	0.39552
26.66698	0.40040
26.71323	0.40040
26.66698	0.40040
26.71323	0.40040
26.62077	0.41017
26.71323	0.40040
26.66698	0.41017
26.75950	0.40529
26.57458	0.41017
26.75950	0.40529
26.66698	0.41017
26.66698	0.40529
26.62077	0.41017
26.75950	0.40529
26.62077	0.41017
26.75950	0.41017
26.62077	0.41017
26.75950	0.41505
26.62077	0.41505
26.71323	0.41993
26.66698	0.41505
26.71323	0.41993
26.66698	0.41993
26.71323	0.42970
26.66698	0.41993
26.75950	0.42970
26.66698	0.41993
26.71323	0.42970
26.62077	0.42970
26.75950	0.42970
26.62077	0.42970
26.75950	0.42970
26.62077	0.42970
26.75950	0.42970
26.71323	0.42970
26.71323	0.42970
26.66698	0.43458
26.75950	0.43458
26.71323	0.43458
26.75950	0.43458
26.66698	0.43458
26.71323	0.43947
26.66698	0.43947
26.75950	0.43947
26.71323	0.44923
26.71323	0.43947
26.66698	0.44923
26.75950	0.44435
26.66698	0.44923
26.75950	0.44923
26.62077	0.44923
26.75950	0.44923
26.71323	0.44923
26.75950	0.45412
26.66698	0.45412
26.71323	0.45412
26.71323	0.45412
26.75950	0.45900
26.71323	0.45412
26.75950	0.45900
26.71323	0.45900
26.75950	0.45900
26.66698	0.46388
26.71323	0.46876
26.66698	0.46876
26.75950	0.46876
26.71323	0.46876
26.75950	0.46876
26.66698	0.46876
26.75950	0.46876
26.66698	0.46876
26.75950	0.46876
26.66698	0.47365
26.71323	0.47365
26.71323	0.47365
26.75950	0.47365
26.71323	0.47853
26.75950	0.47853
26.71323	0.47365
26.75950	0.47853
26.71323	0.48830
26.75950	0.47853
26.71323	0.48830
26.75950	0.48341
26.71323	0.48830
26.75950	0.48830
26.71323	0.48830
26.71323	0.48830
26.71323	0.48830
26.80580	0.49318
26.71323	0.48830
26.75950	0.48830
26.71323	0.49318
26.75950	0.49806
26.71323	0.49318
26.75950	0.49806
26.71323	0.49806
26.75950	0.50783
26.71323	0.50295
26.75950	0.50783
26.71323	0.50295
26.75950	0.50783
26.71323	0.50783
26.75950	0.50783
26.71323	0.50783
26.75950	0.50783
26.71323	0.51271
26.75950	0.50783
26.71323	0.51271
26.75950	0.51759
26.71323	0.51271
26.75950	0.51271
26.71323	0.52736
26.75950	0.51759
26.71323	0.51759
26.80580	0.51759
26.71323	0.52736
26.75950	0.51759
26.71323	0.52736
26.75950	0.52736
26.71323	0.52736
26.75950	0.52736
26.71323	0.52736
26.75950	0.52736
26.71323	0.53224
26.75950	0.53224
26.71323	0.53224
26.75950	0.53713
26.71323	0.53224
26.75950	0.53713
26.75950	0.53713
26.75950	0.53713
26.71323	0.53713
26.85213	0.54689
26.71323	0.54689
26.80580	0.54201
26.71323	0.54689
26.75950	0.54689
26.71323	0.54689
26.75950	0.54689
26.71323	0.54689
26.75950	0.54689
26.71323	0.55177
26.75950	0.55177
26.71323	0.55177
26.85213	0.55666
26.71323	0.55177
26.80580	0.55177
26.71323	0.56642
26.80580	0.55666
26.75950	0.56642
26.75950	0.55666
26.71323	0.56642
26.80580	0.56154
26.71323	0.56642
26.80580	0.56642
26.71323	0.56642
26.80580	0.56642
26.75950	0.56642
26.75950	0.57131
26.71323	0.57131
26.80580	0.57131
26.71323	0.57131
26.80580	0.57131
26.71323	0.57131
26.80580	0.57131
26.75950	0.57619
26.75950	0.57619
26.75950	0.58107
26.85213	0.57619
26.71323	0.58107
26.85213	0.58596
26.75950	0.58107
26.85213	0.58596
26.75950	0.58596
26.80580	0.58596
26.75950	0.58596
26.85213	0.59084
26.75950	0.59084
26.85213	0.58596
26.75950	0.59084
26.85213	0.59084
26.80580	0.59084
26.85213	0.59572
26.75950	0.59572
26.85213	0.59572
26.75950	0.60549
26.85213	0.59572
26.75950	0.60549
26.85213	0.59572
26.80580	0.60549
26.80580	0.60060
26.75950	0.60549
26.85213	0.60549
26.75950	0.60549
26.85213	0.60549
26.80580	0.60549
26.85213	0.60549
26.71323	0.61037
26.85213	0.61525
26.75950	0.61037
26.85213	0.61525
26.75950	0.62502
26.85213	0.61525
26.75950	0.62502
26.85213	0.62502
26.75950	0.62502
26.85213	0.62502
26.75950	0.62502
26.85213	0.62502
26.75950	0.62502
26.85213	0.62502
26.80580	0.62502
26.85213	0.62502
26.80580	0.62990
26.85213	0.62502
26.75950	0.62990
26.85213	0.62990
26.75950	0.62990
26.85213	0.62990
26.80580	0.62990
26.85213	0.63478
26.80580	0.63478
26.85213	0.63478
26.80580	0.63478
26.85213	0.63967
26.80580	0.64455
26.85213	0.63967
26.80580	0.64455
26.85213	0.63967
26.80580	0.64455
26.85213	0.64455
26.80580	0.64455
26.89848	0.64455
26.80580	0.64943
26.85213	0.64943
26.80580	0.64943
26.85213	0.64455
26.80580	0.64943
26.89848	0.65432
26.80580	0.65432
26.89848	0.66408
26.85213	0.65920
26.89848	0.66408
26.80580	0.65920
26.89848	0.66408
26.80580	0.66408
26.85213	0.66408
26.80580	0.66408
26.89848	0.66408
26.80580	0.66897
26.89848	0.66408
26.80580	0.66897
26.89848	0.66897
26.80580	0.66897
26.85213	0.67385
26.89848	0.68361
26.94487	0.67385
26.85213	0.67385
26.94487	0.67385
26.85213	0.68361
26.89848	0.67385
26.80580	0.68361
26.89848	0.67873
26.85213	0.68361
26.89848	0.68361
26.80580	0.68361
26.89848	0.68361
26.85213	0.68361
26.85213	0.68361
26.85213	0.68361
26.89848	0.68850
26.80580	0.68850
26.89848	0.69338
26.89848	0.69338
26.89848	0.69338
26.85213	0.69826
26.94487	0.69338
26.85213	0.70315
26.89848	0.69338
26.85213	0.70315
26.89848	0.70315
26.85213	0.70315
26.89848	0.70315
26.85213	0.70315
26.94487	0.70315
26.85213	0.70803
26.94487	0.70315
26.85213	0.70315
26.94487	0.70803
26.85213	0.70803
26.94487	0.70803
26.80580	0.70803
26.89848	0.71291
26.85213	0.72268
26.94487	0.71291
26.85213	0.71291
26.94487	0.71291
26.85213	0.72268
26.89848	0.71780
26.80580	0.72268
26.94487	0.72268
26.80580	0.72268
26.94487	0.72268
26.89848	0.72268
26.94487	0.72268
26.89848	0.72756
26.94487	0.72756
26.85213	0.72756
26.94487	0.72756
26.89848	0.73244
26.94487	0.73244
26.85213	0.73244
26.89848	0.74221
26.89848	0.73733
26.89848	0.74221
26.89848	0.73733
26.94487	0.74221
26.89848	0.74221
26.94487	0.74221
26.89848	0.74221
26.94487	0.74221
26.89848	0.74221
26.94487	0.74221
26.89848	0.74221
26.94487	0.75198
26.89848	0.74709
26.94487	0.75198
26.89848	0.75198
26.94487	0.75198
26.89848	0.76174
26.94487	0.75686
26.89848	0.76174
26.94487	0.75686
26.89848	0.76174
26.94487	0.76174
26.89848	0.76174
26.94487	0.76174
26.89848	0.76174
26.94487	0.76662
26.89848	0.76662
26.94487	0.76662
26.89848	0.76662
26.94487	0.76662
26.89848	0.76662
26.94487	0.77151
26.89848	0.77151
26.94487	0.77151
26.89848	0.78127
26.94487	0.77151
26.89848	0.78127
26.94487	0.78127
26.94487	0.78127
26.94487	0.78127
26.89848	0.78127
26.94487	0.78127
26.89848	0.78127
26.94487	0.78616
26.89848	0.78616
26.94487	0.78616
26.89848	0.78616
26.94487	0.79104
26.89848	0.79104
26.94487	0.79104
26.89848	0.80081
26.94487	0.79104
26.89848	0.80081
26.94487	0.79592
26.89848	0.80081
26.94487	0.80081
26.94487	0.80081
26.94487	0.80081
26.89848	0.80081
26.94487	0.80081
26.89848	0.80081
26.94487	0.80569
26.94487	0.80569
26.94487	0.80569
26.89848	0.80569
26.94487	0.81057
26.94487	0.81057
26.94487	0.81057
26.94487	0.81545
26.94487	0.82034
26.99128	0.81545
26.94487	0.82034
26.89848	0.81545
26.94487	0.82034
26.94487	0.81545
26.94487	0.82034
26.99128	0.82034
26.94487	0.82034
26.99128	0.82522
26.94487	0.82034
26.99128	0.82522
26.94487	0.82522
26.94487	0.82522
26.94487	0.82522
26.99128	0.82522
26.94487	0.83010
26.99128	0.83987
26.94487	0.83499
26.99128	0.83987
26.94487	0.83499
26.99128	0.83987
26.94487	0.83499
26.99128	0.83987
27.03773	0.83987
26.99128	0.83987
26.94487	0.83987
26.99128	0.84475
26.94487	0.84475
26.94487	0.84475
27.03773	0.84475
26.94487	0.84964
26.94487	0.84964
26.99128	0.84964
27.03773	0.84964
26.99128	0.85940
27.03773	0.85940
26.99128	0.85940
26.94487	0.85452
26.99128	0.85940
26.94487	0.85940
26.99128	0.85940
27.03773	0.85940
26.99128	0.85940
27.03773	0.85940
26.99128	0.85940
26.94487	0.85940
26.99128	0.85940
26.94487	0.85940
26.94487	0.86428
27.08420	0.86917
26.99128	0.86428
26.94487	0.86917
26.99128	0.86917
27.03773	0.86428
26.99128	0.86917
27.03773	0.87405
26.99128	0.87893
27.03773	0.86917
26.99128	0.87893
26.94487	0.87405
26.99128	0.87893
27.03773	0.87405
26.99128	0.87893
27.08420	0.87405
26.99128	0.87893
27.08420	0.87893
27.03773	0.87893
27.08420	0.87893
26.99128	0.88382
27.13070	0.88382
27.03773	0.88382
27.08420	0.88382
27.08420	0.88870
27.03773	0.89846
26.99128	0.88870
27.13070	0.89846
27.03773	0.89358
27.13070	0.89846
26.99128	0.89358
27.13070	0.89846
27.03773	0.89846
27.08420	0.89846
26.99128	0.89846
27.13070	0.89846
27.08420	0.90335
27.08420	0.90335
27.03773	0.90335
27.13070	0.90823
26.99128	0.90823
27.08420	0.90823
27.03773	0.91800
27.13070	0.91311
27.08420	0.91800
27.08420	0.91311
26.99128	0.91800
27.13070	0.91800
27.08420	0.91800
27.13070	0.91800
27.03773	0.91800
27.13070	0.92288
27.08420	0.92288
27.13070	0.92776
27.08420	0.92776
27.13070	0.93753
27.08420	0.92776
27.13070	0.93753
27.08420	0.93753
27.13070	0.93753
27.08420	0.93753
27.13070	0.93753
27.08420	0.93753
27.13070	0.93753
27.08420	0.93753
27.13070	0.94241
27.03773	0.94241
27.13070	0.94241
27.03773	0.94241
27.13070	0.94729
27.08420	0.94729
27.13070	0.94729
27.08420	0.95706
27.13070	0.95218
27.08420	0.95706
27.13070	0.95218
27.08420	0.95706
27.13070	0.95706
27.08420	0.95706
27.13070	0.95706
27.08420	0.95706
27.13070	0.96194
27.08420	0.96194
27.13070	0.96194
27.08420	0.96683
27.17723	0.97659
27.08420	0.96683
27.13070	0.96683
27.08420	0.96683
27.17723	0.97659
27.08420	0.97659
27.13070	0.97659
27.08420	0.97659
27.17723	0.97659
27.08420	0.97659
27.13070	0.97659
27.08420	0.98148
27.13070	0.97659
27.13070	0.98148
27.17723	0.98148
27.08420	0.98148
27.13070	0.98636
27.13070	0.98636
27.22379	0.98636
27.08420	0.98636
27.17723	0.99124
27.08420	0.99612
27.13070	0.99124
27.08420	0.99612
27.22379	0.99124
27.08420	0.99612
27.13070	0.99612
27.08420	0.99612
27.22379	0.99612
27.08420	1.00101
27.17723	1.00101
27.08420	1.00101
27.22379	1.00589
27.13070	1.01077
27.17723	1.00589
27.13070	1.00589
27.17723	1.01077
27.13070	1.01566
27.22379	1.01077
27.13070	1.01566
27.22379	1.01566
27.13070	1.01566
27.22379	1.01566
27.13070	1.01566
27.17723	1.01566
27.13070	1.02054
27.22379	1.02054
27.13070	1.02054
27.22379	1.02542
27.17723	1.02054
27.22379	1.02542
27.13070	1.03519
27.22379	1.02542
27.13070	1.02542
27.22379	1.03030
27.17723	1.03519
27.17723	1.03030
27.13070	1.03519
27.22379	1.03519
27.17723	1.03519
27.22379	1.03519
27.13070	1.03519
27.22379	1.03519
27.17723	1.04007
27.27038	1.04007
27.13070	1.04007
27.22379	1.04495
27.13070	1.04495
27.22379	1.04495
27.17723	1.04495
27.22379	1.04495
27.17723	1.04984
27.27038	1.05472
27.17723	1.04984
27.22379	1.05472
27.17723	1.04984
27.22379	1.05472
27.17723	1.05472
27.22379	1.05472
27.17723	1.05960
27.27038	1.05472
27.17723	1.05472
27.27038	1.05960
27.17723	1.05472
27.27038	1.06449
27.17723	1.06449
27.27038	1.06449
27.22379	1.06449
27.27038	1.06449
27.17723	1.07425
27.27038	1.06937
27.22379	1.07425
27.31699	1.06937
27.17723	1.07425
27.27038	1.06937
27.17723	1.07425
27.22379	1.07425
27.17723	1.07425
27.27038	1.07425
27.22379	1.07913
27.27038	1.07425
27.22379	1.07913
27.31699	1.07913
27.22379	1.07913
27.31699	1.07913
27.17723	1.07913
27.31699	1.08402
27.22379	1.08402
27.31699	1.08402
27.22379	1.08402
27.31699	1.09378
27.27038	1.08890
27.22379	1.09378
27.22379	1.09378
27.31699	1.09378
27.17723	1.09378
27.31699	1.09378
27.22379	1.09378
27.31699	1.09378
27.22379	1.09378
27.31699	1.09378
27.22379	1.09867
27.31699	1.09867
27.27038	1.09867
27.31699	1.10355
27.22379	1.09867
27.31699	1.10355
27.27038	1.09867
27.31699	1.10355
27.27038	1.11332
27.31699	1.10355
27.27038	1.11332
27.31699	1.10355
27.27038	1.11332
27.31699	1.10843
27.27038	1.11332
27.31699	1.11332
27.27038	1.11332
27.31699	1.11332
27.22379	1.11332
27.31699	1.11820
27.27038	1.11820
27.31699	1.12308
27.27038	1.11820
27.31699	1.12308
27.27038	1.12308
27.31699	1.13285
27.27038	1.11820
27.31699	1.13285
27.27038	1.12796
27.31699	1.13285
27.27038	1.13285
27.31699	1.13285
27.27038	1.13285
27.31699	1.13285
27.31699	1.13285
27.31699	1.13285
27.27038	1.13773
27.31699	1.13773
27.27038	1.13773
27.31699	1.14261
27.27038	1.13773
27.31699	1.14261
27.27038	1.15238
27.31699	1.14750
27.27038	1.15238
27.31699	1.14750
27.27038	1.15238
27.31699	1.15238
27.27038	1.15238
27.31699	1.14750
27.27038	1.15238
27.31699	1.15726
27.31699	1.15238
27.31699	1.15238
27.27038	1.16214
27.31699	1.16214
27.31699	1.15726
27.31699	1.16214
27.31699	1.16214
27.36364	1.17191
27.27038	1.17191
27.31699	1.16703
27.27038	1.17191
27.31699	1.17191
27.31699	1.17191
27.41032	1.17191
27.27038	1.17191
27.31699	1.17191
27.31699	1.17679
27.31699	1.17679
27.31699	1.17679
27.31699	1.18168
27.27038	1.19144
27.41032	1.18656
27.31699	1.18168
27.31699	1.18656
27.31699	1.19144
27.41032	1.18656
27.31699	1.19144
27.31699	1.19144
27.31699	1.19633
27.31699	1.19144
27.31699	1.19144
27.41032	1.19144
27.31699	1.19633
27.41032	1.19633
27.31699	1.19633
27.31699	1.19633
27.31699	1.19633
27.31699	1.20121
27.31699	1.20121
27.41032	1.21097
27.31699	1.20609
27.31699	1.21097
27.36364	1.21097
27.41032	1.21097
27.36364	1.21097
27.31699	1.21097
27.36364	1.21097
27.41032	1.21097
27.36364	1.21586
27.41032	1.21097
27.31699	1.21586
27.41032	1.21586
27.36364	1.21586
27.31699	1.21586
27.36364	1.21586
27.41032	1.22074
27.36364	1.22074
27.45703	1.22074
27.31699	1.23051
27.45703	1.22562
27.31699	1.23051
27.45703	1.22562
27.36364	1.23051
27.45703	1.22562
27.31699	1.23051
27.50376	1.23051
27.36364	1.23051
27.50376	1.23051
27.36364	1.23051
27.50376	1.23539
27.45703	1.23539
27.45703	1.23539
27.36364	1.24027
27.50376	1.24027
27.41032	1.25004
27.50376	1.25004
27.41032	1.25004
27.45703	1.25004
27.41032	1.25004
27.50376	1.25004
27.41032	1.25004
27.50376	1.25004
27.36364	1.25004
27.45703	1.25004
27.45703	1.25004
27.45703	1.25004
27.45703	1.25492
27.50376	1.25980
27.41032	1.25980
27.50376	1.25980
27.45703	1.26957
27.50376	1.25980
27.45703	1.26957
27.50376	1.26469
27.41032	1.26957
27.50376	1.26469
27.41032	1.26957
27.45703	1.26957
27.45703	1.26957
27.50376	1.26957
27.45703	1.27445
27.50376	1.27445
27.45703	1.27445
27.50376	1.27445
27.45703	1.27934
27.50376	1.27934
27.45703	1.27934
27.50376	1.28910
27.41032	1.27934
27.50376	1.28910
27.45703	1.28910
27.50376	1.28910
27.45703	1.28422
27.50376	1.28910
27.45703	1.28910
27.55053	1.29398
27.45703	1.29398
27.55053	1.28910
27.45703	1.29398
27.50376	1.29398
27.45703	1.29887
27.50376	1.29887
27.45703	1.29887
27.50376	1.29887
27.45703	1.30863
27.50376	1.30375
27.45703	1.30863
27.50376	1.30375
27.45703	1.30863
27.50376	1.30863
27.45703	1.30863
27.50376	1.30863
27.45703	1.31352
27.55053	1.30863
27.45703	1.31352
27.50376	1.31352
27.45703	1.31352
27.50376	1.31840
27.50376	1.31840
27.59733	1.31840
27.50376	1.32817
27.55053	1.32328
27.45703	1.32817
27.59733	1.32328
27.45703	1.32817
27.59733	1.32817
27.45703	1.32817
27.55053	1.32817
27.45703	1.33305
27.50376	1.32817
27.45703	1.33305
27.59733	1.33793
27.50376	1.33305
27.59733	1.33793
27.50376	1.33793
27.59733	1.33793
27.50376	1.34770
27.55053	1.34281
27.50376	1.34770
27.55053	1.34770
27.50376	1.34770
27.55053	1.34281
27.55053	1.34770
27.59733	1.34770
27.55053	1.34770
27.59733	1.35258
27.55053	1.35258
27.59733	1.35258
27.50376	1.35258
27.59733	1.36723
27.55053	1.35746
27.59733	1.35746
27.55053	1.35258
27.59733	1.36723
27.55053	1.35746
27.59733	1.36723
27.55053	1.36723
27.59733	1.36723
27.55053	1.36235
27.59733	1.37211
27.55053	1.37211
27.59733	1.36723
27.55053	1.37211
27.59733	1.37211
27.55053	1.37211
27.64416	1.37211
27.55053	1.37700
27.59733	1.37211
27.55053	1.38676
27.64416	1.37700
27.55053	1.38676
27.64416	1.37700
27.55053	1.38676
27.64416	1.38188
27.55053	1.38676
27.64416	1.38676
27.59733	1.38676
27.64416	1.38676
27.55053	1.38676
27.64416	1.39164
27.59733	1.39164
27.64416	1.39653
27.59733	1.40141
27.59733	1.39653
27.55053	1.39653
27.69102	1.39653
27.55053	1.40141
27.69102	1.40629
27.59733	1.40629
27.69102	1.40629
27.55053	1.40629
27.69102	1.40629
27.64416	1.40629
27.69102	1.40629
27.64416	1.41118
27.69102	1.41118
27.59733	1.41118
27.69102	1.41118
27.64416	1.42582
27.69102	1.41606
27.59733	1.42582
27.69102	1.41606
27.64416	1.42582
27.64416	1.42094
27.59733	1.42582
27.69102	1.42094
27.55053	1.42582
27.69102	1.42582
27.59733	1.42582
27.69102	1.43071
27.59733	1.43071
27.69102	1.43071
27.59733	1.43071
27.69102	1.43071
27.64416	1.43559
27.69102	1.44536
27.64416	1.43559
27.69102	1.44536
27.64416	1.44047
27.69102	1.44536
27.64416	1.44047
27.69102	1.44536
27.64416	1.44047
27.69102	1.44536
27.64416	1.44536
27.69102	1.44536
27.64416	1.45024
27.69102	1.44536
27.64416	1.45024
27.69102	1.45024
27.64416	1.45024
27.69102	1.45512
27.64416	1.46489
27.69102	1.45512
27.64416	1.46489
27.69102	1.45512
27.64416	1.46489
27.69102	1.46001
27.69102	1.46489
27.69102	1.46489
27.64416	1.46489
27.69102	1.46977
27.64416	1.46489
27.69102	1.46977
27.69102	1.46977
27.69102	1.47465
27.69102	1.46977
27.69102	1.47465
27.64416	1.47465
27.69102	1.47954
27.64416	1.48442
27.69102	1.48442
27.64416	1.48442
27.69102	1.47954
27.64416	1.48442
27.69102	1.48442
27.69102	1.48442
27.69102	1.48442
27.69102	1.48930
27.69102	1.48930
27.69102	1.48930
27.69102	1.48930
27.69102	1.49419
27.69102	1.49907
27.69102	1.49419
27.69102	1.49907
27.69102	1.50395
27.69102	1.49907
27.69102	1.50395
27.69102	1.50395
27.69102	1.50395
27.69102	1.50395
27.69102	1.50395
27.69102	1.50395
27.69102	1.50884
27.69102	1.51372
27.69102	1.50884
27.78483	1.51372
27.69102	1.51372
27.78483	1.52348
27.69102	1.51372
27.69102	1.51372
27.69102	1.51860
27.73791	1.52348
27.69102	1.52348
27.78483	1.52348
27.69102	1.52348
27.69102	1.52348
27.69102	1.52348
27.78483	1.52837
27.69102	1.52837
27.78483	1.52837
27.69102	1.52837
27.83178	1.53325
27.69102	1.54302
27.78483	1.53325
27.69102	1.54302
27.83178	1.53813
27.73791	1.54302
27.78483	1.53813
27.69102	1.54302
27.83178	1.54302
27.73791	1.54302
27.83178	1.54302
27.69102	1.54302
27.78483	1.54302
27.73791	1.54790
27.78483	1.54790
27.69102	1.54790
27.78483	1.56255
27.69102	1.55278
27.69102	1.56255
27.73791	1.55766
27.87876	1.56255
27.69102	1.56255
27.83178	1.56255
27.73791	1.56255
27.83178	1.56255
27.69102	1.56255
27.87876	1.56255
27.69102	1.56743
27.87876	1.56255
27.78483	1.56743
27.87876	1.56743
27.69102	1.56743
27.87876	1.57231
27.78483	1.57231
27.87876	1.57231
27.78483	1.58208
27.87876	1.57231
27.78483	1.58208
27.87876	1.58208
27.78483	1.58208
27.87876	1.58208
27.78483	1.58208
27.87876	1.58208
27.83178	1.58696
27.87876	1.58208
27.78483	1.58696
27.87876	1.58696
27.83178	1.58696
27.87876	1.58696
27.78483	1.59185
27.87876	1.60161
27.83178	1.59673
27.87876	1.60161
27.83178	1.60161
27.87876	1.60161
27.83178	1.60161
27.87876	1.60161
27.83178	1.60161
27.92577	1.60161
27.83178	1.60649
27.87876	1.60649
27.83178	1.60649
27.87876	1.60649
27.83178	1.61138
27.87876	1.60649
27.83178	1.62114
27.92577	1.61138
27.83178	1.62114
27.87876	1.61138
27.83178	1.62114
27.87876	1.61626
27.83178	1.62114
27.97282	1.62114
27.83178	1.62603
27.92577	1.62114
27.83178	1.62114
27.92577	1.62603
27.87876	1.62603
27.87876	1.63091
27.87876	1.62603
27.97282	1.63091
27.83178	1.63091
27.92577	1.63091
27.83178	1.63579
27.97282	1.63091
27.83178	1.64068
27.92577	1.63579
27.87876	1.64068
27.97282	1.64068
27.87876	1.64068
27.97282	1.64068
27.83178	1.64556
27.92577	1.64556
27.87876	1.64556
27.97282	1.65044
27.87876	1.65044
27.97282	1.65044
27.83178	1.66021
27.92577	1.65044
27.87876	1.66021
27.97282	1.65532
27.87876	1.66021
27.97282	1.66021
27.87876	1.66021
27.97282	1.65532
27.87876	1.66021
27.97282	1.66021
27.83178	1.66021
27.97282	1.66021
27.87876	1.66509
27.97282	1.66997
27.92577	1.66997
27.97282	1.66509
27.92577	1.66997
27.97282	1.67974
27.92577	1.67486
27.97282	1.67974
27.92577	1.67486
27.97282	1.67974
27.92577	1.67974
28.01989	1.67974
27.92577	1.67974
27.97282	1.68462
27.92577	1.68462
28.01989	1.68462
27.92577	1.68462
28.01989	1.68950
27.92577	1.69927
28.01989	1.68950
27.92577	1.69927
28.01989	1.69439
27.92577	1.69927
28.01989	1.69439
27.92577	1.69927
28.01989	1.69927
27.92577	1.69927
28.06700	1.70415
27.92577	1.69927
28.01989	1.70415
27.92577	1.70415
28.01989	1.70904
27.92577	1.70415
28.06700	1.70904
27.92577	1.70904
28.06700	1.70904
27.97282	1.71392
28.01989	1.71880
27.97282	1.71880
28.06700	1.71880
27.97282	1.71880
28.01989	1.71880
27.97282	1.71880
28.06700	1.71880
27.97282	1.72369
28.01989	1.72369
28.01989	1.72369
28.06700	1.72369
27.97282	1.73833
28.06700	1.72857
27.97282	1.73833
28.06700	1.73345
28.01989	1.73833
28.06700	1.73345
27.97282	1.73833
28.06700	1.73833
28.01989	1.73833
28.06700	1.73833
28.01989	1.74322
28.06700	1.74322
28.01989	1.74322
28.01989	1.74810
28.01989	1.74810
28.06700	1.75787
28.01989	1.74810
28.06700	1.75787
27.97282	1.75298
28.06700	1.75787
27.97282	1.75787
28.06700	1.75787
28.01989	1.75787
28.06700	1.75787
28.01989	1.75787
28.06700	1.75787
28.01989	1.76275
28.06700	1.76275
28.01989	1.76763
28.06700	1.76763
28.01989	1.76275
28.06700	1.76763
28.01989	1.76763
28.06700	1.77252
28.06700	1.77740
28.06700	1.77740
28.01989	1.77740
28.06700	1.77252
28.01989	1.77740
28.06700	1.77740
28.01989	1.78228
28.06700	1.77740
28.01989	1.78228
28.06700	1.78228
28.01989	1.78228
28.06700	1.78716
28.01989	1.78228
28.06700	1.78716
28.01989	1.79693
28.06700	1.79205
28.06700	1.79693
28.16131	1.79693
28.06700	1.79693
28.06700	1.79693
28.06700	1.79693
28.16131	1.79693
28.01989	1.80181
28.06700	1.80181
28.06700	1.80181
28.06700	1.80670
28.06700	1.80670
28.06700	1.80670
28.06700	1.81646
28.06700	1.80670
28.06700	1.81646
28.06700	1.81158
28.06700	1.81646
28.16131	1.81158
28.06700	1.81646
28.16131	1.81646
28.11414	1.81646
28.16131	1.81646
28.11414	1.82134
28.16131	1.82134
28.06700	1.82134
28.16131	1.82623
28.11414	1.82623
28.20851	1.83599
28.06700	1.82623
28.16131	1.83599
28.06700	1.83111
28.16131	1.83599
28.11414	1.83111
28.16131	1.83599
28.11414	1.83599
28.20851	1.84088
28.11414	1.83599
28.20851	1.83599
28.06700	1.84088
28.06700	1.84088
28.06700	1.84576
28.20851	1.84576
28.16131	1.85064
28.25575	1.84576
28.11414	1.85553
28.20851	1.84576
28.06700	1.85553
28.25575	1.85553
28.16131	1.85553
28.25575	1.85553
28.16131	1.85553
28.25575	1.85553
28.16131	1.86041
28.25575	1.86529
28.16131	1.87506
28.20851	1.86529
28.16131	1.87506
28.25575	1.86529
28.16131	1.87506
28.25575	1.87506
28.16131	1.87506
28.25575	1.87506
28.16131	1.87506
28.25575	1.87506
28.16131	1.87506
28.25575	1.87506
28.20851	1.87994
28.25575	1.87506
28.20851	1.87994
28.25575	1.88482
28.20851	1.88482
28.25575	1.88482
28.16131	1.88482
28.25575	1.88482
28.20851	1.89459
28.25575	1.88482
28.20851	1.89459
28.25575	1.88971
28.20851	1.89459
28.25575	1.89459
28.20851	1.89459
28.25575	1.89459
28.20851	1.89947
28.25575	1.89947
28.20851	1.89947
28.25575	1.89947
28.25575	1.90435
28.30301	1.89947
28.20851	1.90435
28.25575	1.91412
28.20851	1.90435
28.25575	1.91412
28.20851	1.90924
28.25575	1.91412
28.20851	1.91412
28.30301	1.91412
28.20851	1.91412
28.30301	1.91412
28.20851	1.91900
28.30301	1.91900
28.20851	1.91900
28.30301	1.92389
28.25575	1.92389
28.30301	1.92389
28.20851	1.93365
28.35031	1.92877
28.25575	1.93365
28.30301	1.92877
28.20851	1.93365
28.35031	1.93365
28.25575	1.93365
28.35031	1.93365
28.25575	1.93365
28.35031	1.93365
28.25575	1.93854
28.35031	1.93854
28.20851	1.93854
28.35031	1.94342
28.30301	1.94830
28.35031	1.94342
28.25575	1.95318
28.35031	1.95318
28.25575	1.95318
28.35031	1.95318
28.30301	1.95318
28.35031	1.95318
28.30301	1.95318
28.35031	1.95318
28.25575	1.95807
28.35031	1.95807
28.25575	1.95807
28.35031	1.96295
28.30301	1.96295
28.35031	1.96295
28.30301	1.97272
28.35031	1.96783
28.25575	1.97272
28.35031	1.97272
28.30301	1.97272
28.35031	1.97272
28.30301	1.97272
28.35031	1.97272
28.30301	1.97760
28.35031	1.97272
28.30301	1.97272
28.35031	1.97760
28.35031	1.97760
28.39765	1.98248
28.30301	1.98248
28.39765	1.99225
28.30301	1.98248
28.39765	1.99225
28.30301	1.99225
28.39765	1.99225
28.30301	1.99225
28.39765	1.99225
28.35031	1.99225
28.39765	1.99225
28.30301	1.99713
28.44501	2.00201
28.30301	1.99713
28.44501	2.00201
28.35031	2.00201
28.35031	2.00201
28.35031	2.01178
28.44501	2.00690
28.30301	2.01178
28.44501	2.01178
28.35031	2.01178
28.39765	2.01178
28.39765	2.01178
28.44501	2.01178
28.35031	2.01178
28.44501	2.01666
28.39765	2.02155
28.44501	2.01666
28.39765	2.02155
28.44501	2.02155
28.39765	2.03131
28.44501	2.03131
28.39765	2.03131
28.44501	2.03131
28.39765	2.03131
28.44501	2.03131
28.39765	2.03131
28.44501	2.03131
28.39765	2.03619
28.44501	2.03131
28.39765	2.03619
28.44501	2.04108
28.39765	2.03619
28.44501	2.03619
28.39765	2.05084
28.44501	2.04108
28.39765	2.05084
28.44501	2.04596
28.39765	2.05084
28.44501	2.04596
28.39765	2.05084
28.44501	2.05084
28.39765	2.05084
28.44501	2.05084
28.39765	2.05573
28.44501	2.05573
28.44501	2.05573
28.44501	2.07038
28.39765	2.06061
28.44501	2.07038
28.44501	2.06549
28.44501	2.07038
28.39765	2.07038
28.44501	2.07038
28.39765	2.07038
28.44501	2.07038
28.39765	2.07038
28.44501	2.07038
28.44501	2.07526
28.44501	2.07526
28.39765	2.07526
28.44501	2.08014
28.44501	2.07526
28.44501	2.08014
28.44501	2.08014
28.44501	2.08014
28.44501	2.08991
28.44501	2.08502
28.49241	2.08991
28.44501	2.08991
28.49241	2.08991
28.44501	2.08991
28.49241	2.09479
28.44501	2.08991
28.49241	2.09479
28.44501	2.09479
28.44501	2.09479
28.53984	2.09967
28.49241	2.09479
28.53984	2.09967
28.49241	2.09967
28.44501	2.10456
28.49241	2.10944
28.44501	2.10944
28.49241	2.10944
28.44501	2.10944
28.49241	2.10944
28.53984	2.10944
28.49241	2.11432
28.58730	2.11432
28.49241	2.11432
28.53984	2.11921
28.49241	2.11432
28.58730	2.11921
28.49241	2.12897
28.58730	2.11921
28.49241	2.12897
28.58730	2.12409
28.53984	2.12897
28.58730	2.12897
28.49241	2.12897
28.63480	2.12897
28.49241	2.12897
28.58730	2.12897
28.49241	2.13385
28.58730	2.13874
28.49241	2.13385
28.58730	2.13874
28.53984	2.13874
28.63480	2.14850
28.49241	2.14850
28.58730	2.14850
28.53984	2.14362
28.58730	2.14850
28.53984	2.14850
28.63480	2.14850
28.53984	2.14850
28.63480	2.15339
28.58730	2.15339
28.58730	2.15339
28.53984	2.15339
28.63480	2.15827
28.53984	2.15827
28.63480	2.15827
28.53984	2.16803
28.63480	2.15827
28.58730	2.16803
28.63480	2.16315
28.58730	2.16803
28.63480	2.16803
28.58730	2.16803
28.63480	2.17292
28.58730	2.17292
28.63480	2.17292
28.58730	2.17292
28.63480	2.18757
28.58730	2.17292
28.63480	2.18757
28.58730	2.18268
28.63480	2.18757
28.58730	2.18757
28.68233	2.18757
28.58730	2.18757
28.63480	2.18757
28.58730	2.18757
28.63480	2.18757
28.58730	2.19245
28.63480	2.18757
28.58730	2.19245
28.68233	2.19733
28.63480	2.19733
28.68233	2.19733
28.58730	2.20710
28.72989	2.19733
28.58730	2.20710
28.72989	2.20222
28.58730	2.20710
28.68233	2.20222
28.63480	2.20710
28.72989	2.20710
28.63480	2.20710
28.72989	2.21198
28.63480	2.21198
28.72989	2.21686
28.63480	2.21198
28.72989	2.21198
28.58730	2.21686
28.72989	2.22663
28.58730	2.21686
28.72989	2.22663
28.68233	2.22663
28.72989	2.22663
28.68233	2.22663
28.72989	2.22663
28.68233	2.22663
28.72989	2.22663
28.63480	2.22663
28.72989	2.23151
28.68233	2.23151
28.72989	2.23640
28.68233	2.23151
28.72989	2.23640
28.68233	2.23640
28.72989	2.24128
28.68233	2.24616
28.72989	2.24128
28.68233	2.24616
28.72989	2.24616
28.68233	2.24616
28.77748	2.24616
28.68233	2.24616
28.72989	2.25105
28.68233	2.25105
28.72989	2.25105
28.68233	2.25593
28.77748	2.25593
28.68233	2.25593
28.82511	2.25593
28.68233	2.26569
28.72989	2.26569
28.68233	2.26569
28.77748	2.26569
28.72989	2.26569
28.77748	2.26569
28.72989	2.27058
28.77748	2.26569
28.68233	2.26569
28.77748	2.27058
28.72989	2.27058
28.82511	2.27546
28.77748	2.27546
28.82511	2.27546
28.72989	2.28523
28.82511	2.28034
28.77748	2.28523
28.82511	2.28523
28.72989	2.28523
28.82511	2.28523
28.68233	2.28523
28.82511	2.28523
28.72989	2.28523
28.82511	2.29011
28.77748	2.29011
28.82511	2.29499
28.68233	2.29011
28.82511	2.29499
28.77748	2.29987
28.82511	2.30476
28.77748	2.30476
28.82511	2.30476
28.77748	2.30476
28.82511	2.30476
28.77748	2.30476
28.82511	2.30476
28.77748	2.30476
28.82511	2.30476
28.77748	2.30964
28.82511	2.30964
28.77748	2.30964
28.82511	2.31452
28.77748	2.32429
28.82511	2.31452
28.77748	2.32429
28.82511	2.31941
28.77748	2.32429
28.82511	2.32429
28.77748	2.32429
28.82511	2.31941
28.77748	2.32429
28.82511	2.32917
28.77748	2.32917
28.82511	2.32917
28.77748	2.32917
28.82511	2.33406
28.77748	2.33406
28.82511	2.33406
28.77748	2.33406
28.82511	2.34382
28.82511	2.34382
28.82511	2.34382
28.77748	2.34382
28.82511	2.34382
28.77748	2.34382
28.82511	2.34382
28.82511	2.34870
28.92048	2.34870
28.77748	2.34870
28.82511	2.35359
28.82511	2.36335
28.82511	2.35359
28.77748	2.36335
28.92048	2.35847
28.82511	2.36335
28.92048	2.35847
28.82511	2.36335
28.92048	2.36335
28.82511	2.36335
28.92048	2.36335
28.82511	2.36824
28.92048	2.36824
28.82511	2.36824
28.92048	2.37312
28.87278	2.37312
28.82511	2.37312
28.82511	2.37800
28.96821	2.38289
28.82511	2.37800
28.92048	2.38289
28.87278	2.38289
28.92048	2.38289
28.87278	2.38289
28.92048	2.38289
28.82511	2.38777
28.96821	2.38289
28.82511	2.38777
28.96821	2.38777
28.82511	2.39265
28.96821	2.39265
28.82511	2.40242
28.96821	2.39753
28.82511	2.40242
28.92048	2.39753
28.87278	2.40242
28.96821	2.40242
28.87278	2.40242
28.96821	2.39753
28.87278	2.40730
29.01597	2.40730
28.92048	2.40730
28.96821	2.40730
28.92048	2.41218
28.96821	2.41218
28.92048	2.42195
29.01597	2.41218
28.96821	2.42195
29.01597	2.42195
28.92048	2.42195
28.96821	2.42195
28.96821	2.42195
29.01597	2.42195
28.92048	2.42683
29.01597	2.42195
28.92048	2.42683
29.01597	2.42683
28.96821	2.43171
28.96821	2.43171
28.96821	2.43171
29.01597	2.43171
28.96821	2.44148
29.01597	2.43660
28.92048	2.44148
29.06377	2.43660
28.96821	2.44148
29.01597	2.44148
28.96821	2.44148
29.01597	2.44148
28.96821	2.44636
29.01597	2.45125
28.96821	2.44636
29.01597	2.45125
28.96821	2.45125
29.06377	2.46101
28.96821	2.45125
29.01597	2.46101
28.96821	2.46101
29.06377	2.46101
28.96821	2.46101
29.06377	2.46101
29.01597	2.46101
29.01597	2.46590
28.96821	2.46590
29.06377	2.46590
28.96821	2.46590
29.01597	2.47078
28.96821	2.47078
29.06377	2.47078
28.96821	2.48054
29.01597	2.47566
29.06377	2.48054
29.11161	2.47566
28.96821	2.48054
29.06377	2.48054
29.06377	2.48543
29.11161	2.48543
28.96821	2.48543
29.11161	2.48543
29.01597	2.48543
29.11161	2.49031
29.01597	2.50008
29.11161	2.49031
29.01597	2.50008
29.06377	2.50008
29.06377	2.50008
29.11161	2.50008
29.01597	2.50008
29.11161	2.50008
29.06377	2.50008
29.11161	2.50008
29.06377	2.50496
29.11161	2.50008
29.06377	2.50496
29.11161	2.50984
29.01597	2.50496
29.11161	2.50984
29.06377	2.50984
29.11161	2.50984
29.06377	2.51961
29.11161	2.51473
29.06377	2.51961
29.15948	2.51961
29.06377	2.51961
29.11161	2.51961
29.06377	2.52449
29.15948	2.52449
29.06377	2.52449
29.15948	2.52937
29.06377	2.52937
29.15948	2.52937
29.06377	2.52937
29.15948	2.53914
29.06377	2.53426
29.20738	2.53914
29.15948	2.53914
29.20738	2.53914
29.15948	2.53914
29.15948	2.53914
29.11161	2.53914
29.20738	2.54402
29.06377	2.54402
29.20738	2.54402
29.11161	2.54891
29.15948	2.54891
29.15948	2.55867
29.20738	2.54891
29.11161	2.55867
29.15948	2.55867
29.11161	2.55867
29.20738	2.55379
29.11161	2.55867
29.20738	2.55867
29.15948	2.56355
29.20738	2.56355
29.15948	2.56355
29.20738	2.56355
29.15948	2.56355
29.20738	2.56355
29.15948	2.56844
29.20738	2.56844
29.15948	2.57820
29.20738	2.57332
29.15948	2.57820
29.20738	2.57820
29.15948	2.57820
29.20738	2.57820
29.15948	2.57820
29.20738	2.57820
29.15948	2.58309
29.20738	2.57820
29.15948	2.58309
29.20738	2.58797
29.15948	2.59774
29.20738	2.59285
29.20738	2.59774
29.20738	2.59285
29.15948	2.59774
29.20738	2.59774
29.20738	2.59774
29.20738	2.59774
29.20738	2.60262
29.20738	2.59774
29.15948	2.60262
29.20738	2.60750
29.15948	2.60750
29.20738	2.61727
29.20738	2.60750
29.20738	2.60750
29.20738	2.60750
29.20738	2.61727
29.20738	2.61727
29.20738	2.61727
29.15948	2.61727
29.20738	2.61727
29.15948	2.61727
29.20738	2.62215
29.20738	2.62215
29.20738	2.62215
29.20738	2.62215
29.20738	2.62703
29.25532	2.63680
29.20738	2.62703
29.20738	2.62703
29.20738	2.63192
29.25532	2.63680
29.20738	2.63680
29.25532	2.63680
29.20738	2.63680
29.20738	2.64168
29.30329	2.63680
29.25532	2.64168
29.20738	2.64168
29.20738	2.64168
29.35130	2.64657
29.25532	2.64657
29.30329	2.64657
29.25532	2.64657
29.35130	2.65633
29.25532	2.65633
29.30329	2.65633
29.25532	2.65633
29.35130	2.65633
29.25532	2.65633
29.35130	2.65633
29.25532	2.66121
29.35130	2.66121
29.30329	2.66121
29.39935	2.66610
29.35130	2.66610
29.35130	2.66610
29.30329	2.67586
29.39935	2.67098
29.30329	2.67586
29.35130	2.67586
29.25532	2.67586
29.39935	2.67586
29.35130	2.67586
29.39935	2.67586
29.30329	2.68075
29.39935	2.67586
29.30329	2.68075
29.39935	2.68563
29.30329	2.68563
29.39935	2.69539
29.35130	2.68563
29.39935	2.69539
29.35130	2.69539
29.39935	2.69539
29.35130	2.69539
29.39935	2.69539
29.35130	2.69539
29.39935	2.70028
29.35130	2.70028
29.39935	2.70028
29.35130	2.70516
29.39935	2.70516
29.35130	2.70516
29.39935	2.70516
29.35130	2.71493
29.39935	2.70516
29.35130	2.71493
29.44743	2.71004
29.35130	2.71493
29.44743	2.71004
29.35130	2.71493
29.39935	2.71493
29.35130	2.71981
29.39935	2.71981
29.35130	2.71981
29.39935	2.72469
29.35130	2.71981
29.39935	2.72469
29.35130	2.73446
29.44743	2.72958
29.35130	2.73446
29.44743	2.73446
29.39935	2.73446
29.39935	2.73446
29.39935	2.73446
29.49554	2.73446
29.39935	2.73934
29.49554	2.73934
29.35130	2.73934
29.44743	2.74422
29.39935	2.73934
29.49554	2.74422
29.44743	2.75399
29.49554	2.74911
29.39935	2.75399
29.44743	2.74911
29.44743	2.75399
29.49554	2.75399
29.44743	2.75399
29.49554	2.75399
29.44743	2.75399
29.49554	2.75887
29.39935	2.75887
29.49554	2.76376
29.44743	2.76376
29.49554	2.76376
29.39935	2.76376
29.49554	2.77352
29.39935	2.76864
29.49554	2.77352
29.44743	2.77352
29.54369	2.77352
29.44743	2.77352
29.49554	2.77352
29.44743	2.77841
29.54369	2.77841
29.44743	2.77841
29.54369	2.78329
29.44743	2.79305
29.49554	2.78329
29.44743	2.79305
29.54369	2.78329
29.44743	2.79305
29.54369	2.78817
29.44743	2.79305
29.54369	2.79794
29.49554	2.79794
29.59188	2.79305
29.49554	2.79794
29.59188	2.79794
29.44743	2.79794
29.54369	2.81259
29.49554	2.79794
29.54369	2.81259
29.44743	2.81259
29.59188	2.81259
29.49554	2.81259
29.59188	2.81259
29.54369	2.81259
29.59188	2.81259
29.49554	2.81747
29.59188	2.81747
29.44743	2.81747
29.59188	2.81747
29.54369	2.81747
29.59188	2.82235
29.49554	2.82235
29.59188	2.82235
29.54369	2.82235
29.59188	2.82723
29.49554	2.83212
29.59188	2.83212
29.54369	2.83212
29.59188	2.83212
29.49554	2.83212
29.59188	2.83212
29.54369	2.83700
29.59188	2.84188
29.54369	2.83700
29.59188	2.84188
29.59188	2.84188
29.59188	2.85165
29.54369	2.84677
29.59188	2.85165
29.54369	2.84677
29.59188	2.85165
29.54369	2.85165
29.59188	2.85165
29.54369	2.85165
29.59188	2.85653
29.59188	2.85653
29.59188	2.85165
29.59188	2.86142
29.59188	2.86142
29.59188	2.86142
29.59188	2.86142
29.59188	2.86630
29.59188	2.86142
29.59188	2.87118
29.59188	2.86630
29.59188	2.87118
29.59188	2.86630
29.59188	2.87118
29.59188	2.87118
29.59188	2.87118
29.59188	2.88095
29.59188	2.87606
29.68836	2.88095
29.59188	2.88095
29.59188	2.89071
29.59188	2.89071
29.68836	2.88583
29.59188	2.89071
29.68836	2.89071
29.59188	2.89071
29.68836	2.89071
29.64011	2.89071
29.68836	2.89071
29.59188	2.89560
29.59188	2.90048
29.64011	2.89560
29.68836	2.90048
29.59188	2.91025
29.68836	2.90048
29.59188	2.91025
29.68836	2.90048
29.59188	2.91025
29.73666	2.90536
29.68836	2.91025
29.73666	2.90536
29.64011	2.91025
29.59188	2.91025
29.64011	2.91513
29.73666	2.92001
29.64011	2.91513
29.73666	2.92001
29.68836	2.92001
29.73666	2.92978
29.59188	2.92489
29.73666	2.92978
29.64011	2.92489
29.78499	2.92978
29.68836	2.92978
29.73666	2.92978
29.64011	2.92978
29.73666	2.93466
29.68836	2.93466
29.78499	2.93466
29.73666	2.93466
29.78499	2.93954
29.68836	2.93954
29.78499	2.93954
29.73666	2.94931
29.78499	2.94443
29.73666	2.94931
29.78499	2.94443
29.73666	2.94931
29.78499	2.94443
29.68836	2.94931
29.83336	2.95419
29.73666	2.95419
29.78499	2.95419
29.73666	2.95419
29.78499	2.95907
29.73666	2.95907
29.78499	2.95907
29.73666	2.96884
29.78499	2.96884
29.73666	2.96884
29.78499	2.96884
29.73666	2.96884
29.83336	2.96884
29.73666	2.96884
29.83336	2.96884
29.73666	2.97372
29.78499	2.97861
29.73666	2.97372
29.78499	2.97861
29.73666	2.97861
29.78499	2.97861
29.73666	2.97861
29.83336	2.97861
29.78499	2.98837
29.88177	2.98837
29.73666	2.98837
29.78499	2.98837
29.83336	2.98837
29.83336	2.98837
29.78499	2.99326
29.88177	2.99326
29.78499	2.99326
29.83336	2.99814
29.73666	3.00302
29.88177	3.00790
29.73666	3.00302
29.78499	3.00790
29.78499	3.00302
29.88177	3.00790
29.78499	3.00790
29.88177	3.00790
29.78499	3.01279
29.83336	3.01279
29.78499	3.01279
29.88177	3.01279
29.83336	3.01279
29.88177	3.01767
29.78499	3.02744
29.88177	3.01767
29.78499	3.02744
29.93021	3.02255
29.83336	3.02744
29.88177	3.02255
29.83336	3.02744
29.88177	3.02744
29.83336	3.03232
29.88177	3.02744
29.83336	3.03232
29.88177	3.03720
29.83336	3.03720
29.93021	3.03720
29.83336	3.04697
29.93021	3.03720
29.83336	3.04697
29.93021	3.04209
29.83336	3.04697
29.93021	3.04209
29.83336	3.04697
29.93021	3.04697
29.83336	3.04697
29.97869	3.05185
29.88177	3.05185
29.93021	3.05185
29.88177	3.05185
29.97869	3.05673
29.83336	3.06650
29.97869	3.05673
29.93021	3.06650
29.97869	3.05673
29.88177	3.06650
29.97869	3.06162
29.93021	3.06650
29.97869	3.06650
29.93021	3.06650
29.97869	3.06650
29.93021	3.07138
29.97869	3.07627
29.93021	3.07138
29.97869	3.07138
29.83336	3.07627
29.97869	3.08603
29.93021	3.08115
29.97869	3.08603
29.93021	3.08603
29.97869	3.08603
29.93021	3.08603
29.97869	3.08603
29.93021	3.09091
29.97869	3.08603
29.93021	3.09091
29.97869	3.09580
29.93021	3.09580
29.97869	3.09580
29.93021	3.09580
29.97869	3.10068
29.93021	3.10556
29.97869	3.10068
29.93021	3.10556
29.97869	3.10068
29.93021	3.10556
29.97869	3.10556
29.93021	3.11045
29.97869	3.10556
29.93021	3.11045
29.97869	3.11045
29.93021	3.12510
29.97869	3.11533
29.93021	3.12510
29.97869	3.12021
29.93021	3.12510
29.97869	3.12510
29.93021	3.12510
29.97869	3.12510
29.97869	3.12510
29.97869	3.12510
29.97869	3.12998
29.97869	3.12998
29.97869	3.12998
29.97869	3.12998
29.97869	3.14463
29.97869	3.13486
29.97869	3.13486
30.07576	3.13486
29.97869	3.14463
29.97869	3.14463
30.02720	3.14463
30.07576	3.14463
30.02720	3.14463
30.07576	3.14463
30.02720	3.14951
30.07576	3.14951
30.02720	3.14951
29.97869	3.15439
30.02720	3.15439
29.97869	3.15439
30.02720	3.15439
30.07576	3.16416
30.02720	3.16416
30.07576	3.16416
30.02720	3.15928
29.97869	3.16416
30.02720	3.16904
30.07576	3.16416
30.02720	3.16904
29.97869	3.16904
30.02720	3.16904
30.12435	3.17392
30.02720	3.18369
30.12435	3.17392
30.02720	3.18369
30.12435	3.18369
30.02720	3.18369
30.17298	3.17881
30.07576	3.18369
30.17298	3.18857
30.02720	3.18857
30.17298	3.18857
30.12435	3.18857
30.12435	3.18857
30.07576	3.19346
30.17298	3.19346
30.07576	3.19346
30.17298	3.19346
30.12435	3.20322
30.17298	3.20322
30.12435	3.20322
30.17298	3.20322
30.12435	3.20322
30.17298	3.20322
30.07576	3.20322
30.17298	3.20811
30.07576	3.20811
30.17298	3.21299
30.12435	3.21299
30.17298	3.21299
30.12435	3.22275
30.17298	3.21299
30.12435	3.22275
30.17298	3.21299
30.12435	3.22275
30.17298	3.22275
30.12435	3.22275
30.17298	3.22275
30.12435	3.22764
30.22164	3.22764
30.12435	3.22764
30.22164	3.23252
30.12435	3.23252
30.17298	3.24229
30.12435	3.23252
30.22164	3.24229
30.17298	3.23740
30.22164	3.24229
30.12435	3.23740
30.22164	3.24229
30.12435	3.24229
30.22164	3.24229
30.12435	3.24717
30.27035	3.25205
30.12435	3.24717
30.27035	3.25205
30.12435	3.25205
30.27035	3.25205
30.12435	3.26182
30.27035	3.25694
30.17298	3.26182
30.27035	3.25694
30.17298	3.26182
30.27035	3.26182
30.17298	3.26182
30.27035	3.26182
30.22164	3.26670
30.27035	3.27158
30.17298	3.26670
30.27035	3.27158
30.17298	3.27158
30.27035	3.28135
30.22164	3.28135
30.27035	3.28135
30.22164	3.28135
30.27035	3.28135
30.22164	3.28135
30.27035	3.28135
30.22164	3.28135
30.27035	3.28623
30.17298	3.28623
30.31909	3.29112
30.22164	3.28623
30.27035	3.29112
30.22164	3.29112
30.31909	3.29112
30.22164	3.30088
30.36787	3.29112
30.22164	3.30088
30.31909	3.29600
30.22164	3.30088
30.31909	3.30088
30.27035	3.30088
30.31909	3.30088
30.27035	3.30576
30.31909	3.31065
30.22164	3.31065
30.36787	3.31065
30.22164	3.32041
30.31909	3.32041
30.22164	3.32041
30.36787	3.32041
30.27035	3.32041
30.36787	3.32041
30.22164	3.32041
30.36787	3.32530
30.27035	3.32530
30.36787	3.32530
30.27035	3.32530
30.36787	3.33018
30.31909	3.33995
30.36787	3.33018
30.31909	3.33995
30.36787	3.33506
30.31909	3.33995
30.36787	3.33995
30.31909	3.33995
30.36787	3.33995
30.31909	3.34483
30.36787	3.34483
30.31909	3.34483
30.36787	3.34483
30.31909	3.34971
30.36787	3.34971
30.31909	3.34971
30.36787	3.34971
30.31909	3.35948
30.36787	3.35948
30.31909	3.35948
30.36787	3.35948
30.31909	3.35948
30.36787	3.35948
30.31909	3.36436
30.36787	3.36436
30.31909	3.36436
30.36787	3.36924
30.31909	3.36924
30.36787	3.36924
30.36787	3.37901
30.36787	3.37413
30.31909	3.37901
30.36787	3.37413
30.36787	3.37901
30.36787	3.37901
30.36787	3.37901
30.36787	3.38389
30.31909	3.38389
30.46555	3.38389
30.36787	3.38389
30.36787	3.39854
30.36787	3.38878
30.36787	3.39854
30.31909	3.39854
30.46555	3.39854
30.36787	3.39854
30.36787	3.39854
30.36787	3.40342
30.46555	3.39854
30.36787	3.40342
30.46555	3.40342
30.36787	3.40342
30.46555	3.40342
30.36787	3.40342
30.46555	3.40831
30.41669	3.41807
30.46555	3.41319
30.36787	3.41807
30.46555	3.41807
30.36787	3.41807
30.36787	3.41807
30.41669	3.41807
30.46555	3.42296
30.41669	3.42296
30.51445	3.43760
30.41669	3.42784
30.51445	3.42296
30.36787	3.42784
30.51445	3.43760
30.36787	3.43760
30.56338	3.43760
30.46555	3.43760
30.51445	3.43760
30.46555	3.43760
30.51445	3.43760
30.46555	3.44249
30.56338	3.44249
30.41669	3.44249
30.56338	3.44737
30.46555	3.44737
30.46555	3.44737
30.51445	3.45714
30.56338	3.44737
30.41669	3.45714
30.56338	3.45225
30.46555	3.45714
30.56338	3.45714
30.46555	3.45714
30.56338	3.45714
30.46555	3.46202
30.56338	3.46202
30.46555	3.46202
30.56338	3.46690
30.51445	3.46690
30.56338	3.46690
30.51445	3.47179
30.56338	3.47667
30.51445	3.47179
30.56338	3.47667
30.51445	3.47667
30.56338	3.47667
30.51445	3.48155
30.56338	3.48155
30.51445	3.48155
30.56338	3.48643
30.51445	3.48155
30.61236	3.48643
30.51445	3.48643
30.56338	3.49132
30.51445	3.49620
30.61236	3.49132
30.51445	3.49620
30.56338	3.49620
30.51445	3.49620
30.56338	3.49620
30.51445	3.50108
30.61236	3.49620
30.51445	3.50108
30.61236	3.50108
30.51445	3.50597
30.66137	3.50597
30.56338	3.50597
30.61236	3.50597
30.56338	3.51573
30.66137	3.51573
30.56338	3.51573
30.61236	3.51573
30.56338	3.51573
30.61236	3.51573
30.56338	3.52062
30.66137	3.52550
30.51445	3.52062
30.66137	3.52550
30.56338	3.52550
30.66137	3.52550
30.56338	3.53526
30.66137	3.53038
30.61236	3.53526
30.66137	3.53038
30.56338	3.53526
30.66137	3.53526
30.61236	3.53526
30.66137	3.53526
30.61236	3.54015
30.66137	3.54503
30.61236	3.54015
30.75951	3.54503
30.56338	3.54991
30.66137	3.55480
30.61236	3.54991
30.66137	3.55480
30.61236	3.55480
30.66137	3.55480
30.61236	3.55480
30.71042	3.55480
30.61236	3.55968
30.71042	3.55968
30.71042	3.55968
30.66137	3.56456
30.61236	3.56456
30.71042	3.56944
30.66137	3.56944
30.71042	3.56944
30.66137	3.57433
30.75951	3.57433
30.61236	3.57433
30.71042	3.57433
30.61236	3.57433
30.75951	3.57433
30.71042	3.57921
30.75951	3.58409
30.66137	3.58409
30.75951	3.58409
30.66137	3.58898
30.75951	3.58409
30.71042	3.58898
30.75951	3.59386
30.66137	3.59386
30.75951	3.59386
30.71042	3.59386
30.75951	3.59874
30.71042	3.59386
30.75951	3.59874
30.66137	3.59874
30.75951	3.60363
30.71042	3.59874
30.75951	3.60363
30.71042	3.61339
30.75951	3.60851
30.71042	3.61339
30.75951	3.61339
30.71042	3.61339
30.75951	3.61339
30.71042	3.61339
30.75951	3.61827
30.71042	3.61339
30.75951	3.61827
30.71042	3.62316
30.75951	3.63292
30.71042	3.62316
30.75951	3.63292
30.75951	3.62316
30.75951	3.63292
30.71042	3.63292
30.75951	3.63292
30.75951	3.63292
30.75951	3.63292
30.71042	3.63781
30.75951	3.63292
30.71042	3.63781
30.75951	3.64269
30.71042	3.65246
30.75951	3.64269
30.75951	3.65246
30.75951	3.64757
30.71042	3.65246
30.75951	3.64757
30.75951	3.65246
30.75951	3.65246
30.75951	3.65246
30.75951	3.65734
30.75951	3.65734
30.75951	3.66222
30.75951	3.65734
30.75951	3.66222
30.75951	3.66222
30.75951	3.66710
30.75951	3.67199
30.75951	3.66222
30.75951	3.67199
30.75951	3.67199
30.75951	3.67199
30.75951	3.67199
30.75951	3.67687
30.75951	3.67687
30.75951	3.68175
30.85782	3.68175
30.75951	3.68175
30.85782	3.68175
30.80864	3.69152
30.90703	3.68664
30.80864	3.69152
30.90703	3.68664
30.75951	3.69152
30.85782	3.68664
30.75951	3.69152
30.95628	3.69640
30.80864	3.69640
30.85782	3.69640
30.75951	3.70128
30.95628	3.71105
30.80864	3.70128
30.90703	3.71105
30.90703	3.70617
30.90703	3.71105
30.85782	3.71105
30.95628	3.71105
30.80864	3.71105
30.90703	3.71105
30.80864	3.71593
30.90703	3.71593
30.75951	3.72082
30.95628	3.72082
30.85782	3.73058
30.95628	3.72082
30.85782	3.73058
30.95628	3.72570
30.90703	3.73058
30.95628	3.72570
30.85782	3.73058
30.95628	3.73547
30.90703	3.73547
30.95628	3.73547
30.85782	3.75011
30.95628	3.74035
30.90703	3.73547
30.95628	3.74035
30.90703	3.75011
30.95628	3.75011
30.90703	3.75011
31.00557	3.75011
30.90703	3.75011
30.95628	3.75011
30.90703	3.75011
31.00557	3.75011
30.90703	3.75500
30.95628	3.75011
30.90703	3.75500
30.95628	3.75500
30.90703	3.75988
30.95628	3.75988
30.95628	3.76965
31.00557	3.75988
30.95628	3.76965
31.00557	3.76476
30.90703	3.76965
31.05490	3.76965
30.90703	3.77453
31.05490	3.76965
30.95628	3.77453
31.05490	3.77941
30.95628	3.77941
31.05490	3.78918
30.90703	3.77941
30.95628	3.78918
30.95628	3.78430
31.05490	3.78918
30.95628	3.78918
31.05490	3.78918
31.00557	3.78918
31.05490	3.78918
30.95628	3.79406
31.05490	3.79894
30.95628	3.79406
31.05490	3.79894
31.00557	3.79894
31.05490	3.79894
31.00557	3.80383
31.05490	3.80383
31.00557	3.80871
31.05490	3.80383
31.00557	3.80871
31.05490	3.80871
31.00557	3.80871
31.05490	3.80871
31.00557	3.81359
31.05490	3.81359
31.00557	3.81359
31.10427	3.81359
31.00557	3.81848
31.10427	3.81848
31.00557	3.82824
31.15369	3.82336
31.00557	3.82824
31.10427	3.82824
31.00557	3.82824
31.10427	3.82824
31.00557	3.83312
31.10427	3.82824
31.00557	3.83312
31.10427	3.83801
31.05490	3.83801
31.15369	3.83801
31.00557	3.84289
31.15369	3.83801
31.00557	3.84777
31.15369	3.84289
31.10427	3.84777
31.15369	3.84777
31.10427	3.85266
31.15369	3.85266
31.10427	3.85266
31.15369	3.85266
31.05490	3.85266
31.15369	3.85266
31.10427	3.85266
31.15369	3.86731
31.05490	3.86242
31.15369	3.86731
31.10427	3.86242
31.15369	3.86731
31.10427	3.86731
31.15369	3.86731
31.10427	3.86731
31.15369	3.86731
31.10427	3.87219
31.15369	3.87707
31.10427	3.87219
31.15369	3.87707
31.10427	3.88684
31.15369	3.88195
31.10427	3.88684
31.15369	3.88195
31.10427	3.88684
31.15369	3.88684
31.10427	3.88684
31.15369	3.89172
31.10427	3.89172
31.15369	3.89172
31.15369	3.89172
31.15369	3.89660
31.10427	3.89660
31.15369	3.89660
31.15369	3.90637
31.20314	3.90637
31.10427	3.90637
31.15369	3.90637
31.15369	3.90637
31.15369	3.90637
31.15369	3.91125
31.15369	3.90637
31.15369	3.91125
31.15369	3.91125
31.15369	3.92590
31.15369	3.91614
31.15369	3.92590
31.25264	3.92102
31.15369	3.92590
31.15369	3.92590
31.15369	3.92590
31.25264	3.92102
31.15369	3.93078
31.25264	3.92590
31.15369	3.93078
31.15369	3.93078
31.15369	3.93567
31.30217	3.93078
31.20314	3.93567
31.30217	3.93567
31.15369	3.94543
31.25264	3.94543
31.15369	3.94543
31.30217	3.94543
31.15369	3.94543
31.30217	3.94543
31.20314	3.94543
31.30217	3.94543
31.15369	3.95032
31.30217	3.95032
31.20314	3.95520
31.30217	3.95520
31.20314	3.96496
31.35175	3.95520
31.25264	3.96496
31.35175	3.95520
31.25264	3.96496
31.30217	3.96008
31.25264	3.96496
31.35175	3.96496
31.30217	3.96496
31.30217	3.96985
31.30217	3.96985
31.35175	3.97473
31.30217	3.97473
31.35175	3.97473
31.30217	3.98450
31.35175	3.97961
31.30217	3.98450
31.35175	3.98450
31.30217	3.98450
31.35175	3.98450
31.30217	3.98938
31.40137	3.98938
31.30217	3.98938
31.35175	3.99426
31.25264	3.98938
31.35175	3.98938
31.30217	3.99426
31.35175	3.99426
31.30217	4.00403
31.40137	4.00403
31.30217	4.00403
31.35175	4.00403
31.30217	4.00403
31.35175	4.00403
31.30217	4.00891
31.35175	4.00891
31.30217	4.01379
31.35175	4.01379
31.30217	4.01379
31.45103	4.02356
31.30217	4.01868
31.40137	4.02356
31.35175	4.02356
31.40137	4.02356
31.30217	4.02356
31.35175	4.02356
31.30217	4.02844
31.45103	4.02844
31.30217	4.02844
31.40137	4.02844
31.35175	4.03333
31.45103	4.03333
31.35175	4.03333
31.45103	4.03821
31.35175	4.04309
31.45103	4.04309
31.35175	4.04309
31.45103	4.04309
31.35175	4.04309
31.45103	4.04798
31.40137	4.04798
31.45103	4.04309
31.35175	4.04798
31.45103	4.05286
31.40137	4.05286
31.45103	4.06262
31.40137	4.06262
31.45103	4.06262
31.40137	4.06262
31.50073	4.06262
31.40137	4.06262
31.50073	4.06262
31.40137	4.06262
31.50073	4.06262
31.40137	4.06751
31.45103	4.06751
31.40137	4.07239
31.50073	4.07239
31.40137	4.07239
31.55048	4.07239
31.40137	4.08216
31.45103	4.07727
31.40137	4.08216
31.50073	4.07727
31.40137	4.08216
31.55048	4.08216
31.40137	4.08216
31.45103	4.08216
31.40137	4.08704
31.50073	4.09192
31.50073	4.09192
31.50073	4.10169
31.50073	4.09680
31.55048	4.10169
31.45103	4.09680
31.55048	4.10169
31.50073	4.10169
31.50073	4.10169
31.50073	4.10169
31.55048	4.10169
31.45103	4.10657
31.50073	4.10657
31.45103	4.10657
31.55048	4.11145
31.50073	4.12122
31.55048	4.11145
31.50073	4.12122
31.55048	4.11634
31.50073	4.12122
31.55048	4.12122
31.50073	4.12122
31.55048	4.12122
31.50073	4.12610
31.55048	4.12610
31.50073	4.13099
31.55048	4.13099
31.50073	4.13099
31.55048	4.13099
31.50073	4.14075
31.55048	4.14075
31.50073	4.14075
31.55048	4.14075
31.50073	4.14075
31.55048	4.14075
31.50073	4.14075
31.55048	4.14563
31.50073	4.14563
31.55048	4.15052
31.50073	4.15052
31.55048	4.15052
31.50073	4.16028
31.55048	4.15540
31.55048	4.16028
31.55048	4.16028
31.50073	4.16028
31.55048	4.16028
31.55048	4.16028
31.65009	4.16028
31.60026	4.16517
31.55048	4.16517
31.60026	4.16517
31.55048	4.17005
31.55048	4.17493
31.55048	4.17982
31.55048	4.17982
31.55048	4.17982
31.60026	4.17493
31.55048	4.17982
31.55048	4.17982
31.55048	4.17982
31.55048	4.17982
31.55048	4.18470
31.60026	4.18958
31.69996	4.18958
31.60026	4.19935
31.65009	4.18470
31.60026	4.19935
31.69996	4.19446
31.60026	4.19935
31.69996	4.19446
31.60026	4.19935
31.69996	4.19935
31.60026	4.19935
31.65009	4.20423
31.60026	4.20423
31.69996	4.20423
31.60026	4.20423
31.69996	4.20911
31.65009	4.21400
31.74988	4.21888
31.60026	4.21888
31.69996	4.21888
31.65009	4.21888
31.74988	4.21888
31.60026	4.21888
31.74988	4.21888
31.65009	4.22376
31.74988	4.22376
31.69996	4.22864
31.74988	4.22864
31.65009	4.23841
31.74988	4.23353
31.65009	4.23841
31.74988	4.23353
31.69996	4.23841
31.74988	4.23841
31.69996	4.23841
31.74988	4.23841
31.69996	4.24329
31.74988	4.24329
31.69996	4.24818
31.69996	4.25794
31.69996	4.24818
31.79983	4.25794
31.69996	4.24818
31.74988	4.25794
31.69996	4.25794
31.79983	4.25794
31.69996	4.25794
31.74988	4.25794
31.69996	4.26283
31.79983	4.26771
31.69996	4.26283
31.74988	4.26771
31.69996	4.26771
31.79983	4.26771
31.69996	4.27747
31.84983	4.27259
31.69996	4.27747
31.74988	4.27259
31.74988	4.27747
31.79983	4.27747
31.69996	4.27747
31.84983	4.28236
31.69996	4.28236
31.84983	4.28236
31.79983	4.28236
31.84983	4.28724
31.74988	4.29701
31.84983	4.29212
31.74988	4.29701
31.84983	4.29701
31.79983	4.30189
31.84983	4.29701
31.74988	4.29701
31.84983	4.29701
31.74988	4.30189
31.84983	4.30677
31.74988	4.30677
31.84983	4.30677
31.79983	4.30677
31.84983	4.30677
31.74988	4.31654
31.84983	4.31654
31.79983	4.31654
31.84983	4.31166
31.79983	4.32142
31.84983	4.32142
31.79983	4.32142
31.84983	4.31654
31.79983	4.32142
31.89987	4.32630
31.79983	4.32630
31.84983	4.33607
31.79983	4.33119
31.84983	4.33607
31.79983	4.33607
31.89987	4.33607
31.79983	4.33607
31.84983	4.33607
31.79983	4.34095
31.89987	4.34095
31.79983	4.34095
31.89987	4.34584
31.84983	4.34584
31.89987	4.34584
31.84983	4.35560
31.89987	4.35072
31.84983	4.35560
31.94996	4.35560
31.84983	4.35560
31.94996	4.35560
31.79983	4.36048
31.94996	4.36048
31.79983	4.37513
31.94996	4.36537
31.84983	4.37513
31.94996	4.37513
31.89987	4.37513
31.94996	4.37513
31.89987	4.37513
31.94996	4.37513
31.89987	4.37513
31.94996	4.37513
31.89987	4.38002
31.94996	4.38002
31.89987	4.38002
31.94996	4.38002
31.89987	4.39467
31.94996	4.38490
31.89987	4.39467
31.94996	4.38490
31.89987	4.39467
31.94996	4.39467
31.89987	4.39467
31.94996	4.39467
31.89987	4.39955
31.94996	4.39467
31.89987	4.39955
31.94996	4.39955
31.89987	4.40443
31.94996	4.41420
31.94996	4.40931
31.94996	4.41420
31.94996	4.40931
31.94996	4.41420
31.94996	4.41420
31.94996	4.41420
31.94996	4.41420
31.94996	4.41420
31.89987	4.41908
31.94996	4.41908
31.94996	4.42396
31.94996	4.42396
31.94996	4.42396
31.94996	4.42396
31.94996	4.43373
32.05026	4.42885
31.94996	4.43373
31.94996	4.42885
31.94996	4.43373
32.05026	4.43373
31.89987	4.43861
32.05026	4.43861
31.94996	4.43861
31.94996	4.44349
31.94996	4.45326
32.05026	4.44349
31.94996	4.45326
32.05026	4.44349
32.00009	4.45326
32.05026	4.45326
31.94996	4.45326
31.94996	4.45326
31.94996	4.45326
32.10048	4.45326
31.94996	4.45814
32.05026	4.46303
31.94996	4.45814
32.10048	4.46303
31.94996	4.47279
32.10048	4.46303
32.00009	4.47279
32.15074	4.47279
32.00009	4.47279
32.10048	4.47279
32.05026	4.47279
32.15074	4.47279
31.94996	4.47768
32.10048	4.48256
32.05026	4.48256
32.15074	4.48256
32.05026	4.48256
32.10048	4.49232
32.05026	4.49232
32.15074	4.49232
32.05026	4.48744
32.15074	4.49232
32.05026	4.49232
32.15074	4.49721
32.05026	4.49721
32.15074	4.49721
32.05026	4.50209
32.15074	4.50209
32.05026	4.51186
32.15074	4.50209
32.10048	4.51186
32.15074	4.50697
32.10048	4.51186
32.15074	4.51186
32.10048	4.51186
32.15074	4.51674
32.10048	4.51674
32.20104	4.51674
32.10048	4.51674
32.15074	4.52162
32.10048	4.53139
32.15074	4.53139
32.10048	4.52162
32.15074	4.53139
32.10048	4.53139
32.20104	4.53139
32.10048	4.53139
32.20104	4.53139
32.10048	4.53627
32.15074	4.53627
32.10048	4.53627
32.25139	4.54115
32.10048	4.55092
32.20104	4.54115
32.15074	4.54604
32.20104	4.54604
32.10048	4.55092
32.25139	4.54604
32.15074	4.55092
32.15074	4.55092
32.20104	4.55580
32.25139	4.55580
32.10048	4.55580
32.25139	4.57045
32.15074	4.56069
32.25139	4.57045
32.15074	4.56557
32.25139	4.57045
32.15074	4.57045
32.25139	4.57045
32.15074	4.57045
32.25139	4.57045
32.15074	4.57533
32.25139	4.58022
32.15074	4.57533
32.25139	4.58022
32.20104	4.58510
32.25139	4.58022
32.20104	4.58998
32.25139	4.58998
32.20104	4.58998
32.25139	4.58510
32.20104	4.58998
32.25139	4.58998
32.20104	4.59487
32.30179	4.59487
32.20104	4.59975
32.30179	4.59975
32.20104	4.59975
32.25139	4.60463
32.20104	4.60952
32.30179	4.60952
32.25139	4.60952
32.35223	4.60952
32.20104	4.60952
32.30179	4.61440
32.20104	4.61440
32.30179	4.61440
32.25139	4.61440
32.35223	4.61928
32.25139	4.61928
32.35223	4.61928
32.25139	4.62905
32.30179	4.62905
32.25139	4.62905
32.35223	4.62416
32.25139	4.62905
32.35223	4.63393
32.30179	4.63393
32.35223	4.62905
32.30179	4.63393
32.35223	4.64858
32.30179	4.63881
32.35223	4.64858
32.30179	4.64370
32.35223	4.64858
32.30179	4.64858
32.35223	4.64858
32.30179	4.64858
32.35223	4.64858
32.30179	4.65346
32.35223	4.65346
32.30179	4.65835
32.35223	4.65835
32.30179	4.65835
32.35223	4.65835
32.30179	4.66811
32.35223	4.66811
32.30179	4.66811
32.35223	4.66323
32.30179	4.66811
32.35223	4.66811
32.30179	4.67299
32.35223	4.67299
32.35223	4.67788
32.35223	4.68764
32.35223	4.68764
32.35223	4.68764
32.35223	4.68764
32.35223	4.68764
32.35223	4.68764
32.35223	4.68764
32.30179	4.68764
32.35223	4.68764
32.35223	4.69253
32.35223	4.69253
32.35223	4.69253
32.35223	4.69741
32.35223	4.69741
32.35223	4.69741
32.35223	4.70717
32.35223	4.70717
32.35223	4.70717
32.35223	4.70717
32.40271	4.70717
32.35223	4.70717
32.40271	4.71206
32.35223	4.70717
32.45324	4.71206
32.35223	4.72671
32.35223	4.71694
32.35223	4.72671
32.40271	4.72182
32.50381	4.72671
32.40271	4.72671
32.35223	4.72671
32.45324	4.72671
32.50381	4.72671
32.40271	4.73159
32.50381	4.73159
32.40271	4.74624
32.50381	4.73647
32.45324	4.73647
32.50381	4.73647
32.40271	4.74624
32.50381	4.74136
32.45324	4.74624
32.55443	4.74624
32.40271	4.75112
32.55443	4.75112
32.45324	4.74624
32.50381	4.75112
32.45324	4.75112
32.55443	4.75600
32.45324	4.75600
32.50381	4.76089
32.40271	4.76577
32.50381	4.76089
32.50381	4.76577
32.55443	4.76577
32.50381	4.76577
32.55443	4.76577
32.45324	4.77065
32.55443	4.76577
32.50381	4.77065
32.55443	4.77554
32.50381	4.77554
32.55443	4.78042
32.45324	4.78530
32.55443	4.78042
32.50381	4.78530
32.55443	4.78530
32.50381	4.78530
32.55443	4.78530
32.50381	4.79019
32.55443	4.79019
32.50381	4.79019
32.55443	4.80483
32.50381	4.79507
32.60509	4.79507
32.50381	4.79995
32.55443	4.80483
32.55443	4.80483
32.60509	4.80483
32.50381	4.80483
32.65580	4.80483
32.55443	4.80972
32.65580	4.80972
32.50381	4.80972
32.65580	4.81460
32.55443	4.82437
32.60509	4.81460
32.55443	4.82437
32.65580	4.81948
32.55443	4.82437
32.65580	4.82437
32.55443	4.82437
32.65580	4.81948
32.55443	4.82925
32.65580	4.82925
32.55443	4.82925
32.65580	4.83413
32.60509	4.83413
32.65580	4.83901
32.60509	4.84390
32.65580	4.84390
32.60509	4.84390
32.65580	4.84390
32.55443	4.84390
32.65580	4.84878
32.60509	4.84390
32.65580	4.84878
32.60509	4.85366
32.70656	4.84878
32.60509	4.86343
32.65580	4.85366
32.60509	4.86343
32.65580	4.85855
32.60509	4.86343
32.70656	4.86343
32.65580	4.86343
32.65580	4.86343
32.60509	4.86343
32.70656	4.86831
32.60509	4.86831
32.70656	4.87320
32.65580	4.87320
32.75736	4.88296
32.60509	4.87808
32.75736	4.88296
32.65580	4.88296
32.75736	4.88296
32.60509	4.88296
32.75736	4.88296
32.70656	4.88784
32.75736	4.88296
32.65580	4.89273
32.75736	4.89273
32.70656	4.90249
32.75736	4.89761
32.70656	4.90249
32.75736	4.89761
32.65580	4.90249
32.75736	4.90249
32.70656	4.90249
32.75736	4.90249
32.70656	4.90249
32.75736	4.90249
32.70656	4.90738
32.75736	4.90738
32.70656	4.91226
32.75736	4.91226
32.70656	4.92203
32.75736	4.91226
32.70656	4.92203
32.75736	4.92203
32.70656	4.92203
32.75736	4.92203
32.75736	4.92691
32.75736	4.92203
32.70656	4.92691
32.75736	4.92691
32.70656	4.93179
32.75736	4.93179
32.70656	4.93179
32.75736	4.93667
32.70656	4.94156
32.75736	4.94156
32.70656	4.94156
32.75736	4.94156
32.75736	4.94156
32.75736	4.94644
32.75736	4.94644
32.75736	4.94644
32.75736	4.95132
32.75736	4.96109
32.70656	4.95621
32.85910	4.96109
32.75736	4.96109
32.85910	4.96109
32.75736	4.96109
32.75736	4.96109
32.75736	4.96109
32.75736	4.97085
32.75736	4.96597
32.85910	4.97085
32.75736	4.97085
32.91005	4.97085
32.75736	4.98062
32.75736	4.97574
32.75736	4.98062
32.91005	4.98062
32.80821	4.98062
32.85910	4.98062
32.75736	4.98550
32.85910	4.99039
32.75736	5.00015
32.75736	4.99039
32.75736	5.00015
32.91005	5.00015
32.91005	5.00015
32.96103	5.00015
32.80821	5.00015
32.96103	5.00015
32.85910	5.00015
32.96103	5.00015
32.85910	5.00015
32.91005	5.00504
32.75736	5.00504
32.96103	5.00992
32.85910	5.01968
32.91005	5.00992
32.85910	5.01968
32.96103	5.00992
32.85910	5.01968
32.96103	5.01968
32.91005	5.01968
32.96103	5.02457
32.91005	5.02457
32.96103	5.02457
32.85910	5.02457
32.96103	5.02457
32.91005	5.03433
32.96103	5.03922
32.91005	5.02945
32.96103	5.03922
32.91005	5.03433
32.96103	5.03922
32.91005	5.03922
32.96103	5.04410
32.91005	5.04410
32.96103	5.04410
32.91005	5.04410
32.96103	5.04898
32.91005	5.04410
32.96103	5.04898
32.91005	5.05875
33.06315	5.05387
32.96103	5.05875
33.01207	5.05387
32.91005	5.05875
33.01207	5.05875
32.91005	5.06363
32.96103	5.06363
32.91005	5.06363
33.01207	5.06851
32.91005	5.06851
33.01207	5.06851
32.96103	5.07828
33.01207	5.07340
32.96103	5.07828
33.06315	5.07828
33.01207	5.07828
33.06315	5.07828
32.96103	5.08316
33.06315	5.07828
32.96103	5.08316
33.06315	5.08805
32.96103	5.08805
33.06315	5.08805
32.96103	5.09781
33.06315	5.09293
32.96103	5.09781
33.06315	5.09781
32.96103	5.09781
33.06315	5.09781
33.01207	5.10269
33.06315	5.10269
33.01207	5.10269
33.06315	5.10758
32.96103	5.10758
33.06315	5.11734
33.01207	5.10758
33.16546	5.11734
33.01207	5.11734
33.16546	5.11734
33.01207	5.11734
33.06315	5.11734
33.01207	5.12223
33.11428	5.12223
33.01207	5.12223
33.11428	5.12711
33.01207	5.12711
33.11428	5.12711
33.11428	5.13688
33.11428	5.13199
33.01207	5.13688
33.11428	5.13688
33.06315	5.13688
33.16546	5.13688
33.01207	5.13688
33.16546	5.14176
33.01207	5.14664
33.11428	5.14176
33.06315	5.14664
33.16546	5.14664
33.06315	5.15152
33.16546	5.15641
33.06315	5.15641
33.16546	5.15641
33.11428	5.15641
33.16546	5.15641
33.11428	5.16129
33.16546	5.16129
33.11428	5.16129
33.16546	5.16129
33.11428	5.16617
33.16546	5.16617
33.11428	5.17594
33.16546	5.17106
33.11428	5.17594
33.16546	5.17594
33.11428	5.17594
33.16546	5.17594
33.11428	5.18082
33.16546	5.17594
33.11428	5.18082
33.16546	5.18571
33.11428	5.18571
33.16546	5.19547
33.11428	5.18571
33.16546	5.19547
33.16546	5.19059
33.16546	5.19547
33.11428	5.19547
33.16546	5.19547
33.11428	5.20035
33.16546	5.19547
33.11428	5.20035
33.16546	5.20524
33.11428	5.20524
33.16546	5.21012
33.16546	5.21500
33.16546	5.21012
33.16546	5.21500
33.16546	5.21500
33.11428	5.21500
33.16546	5.21500
33.16546	5.21989
33.16546	5.21989
33.21668	5.21989
33.16546	5.22477
33.21668	5.22477
33.26795	5.22477
33.21668	5.23453
33.26795	5.23453
33.21668	5.23453
33.26795	5.23453
33.21668	5.23453
33.31927	5.23453
33.21668	5.23942
33.31927	5.23942
33.21668	5.23942
33.16546	5.24430
33.21668	5.25407
33.16546	5.24430
33.21668	5.25407
33.31927	5.24918
33.21668	5.25407
33.31927	5.25407
33.21668	5.25407
33.37064	5.25895
33.31927	5.25895
33.31927	5.27360
33.26795	5.26383
33.37064	5.26383
33.26795	5.26383
33.37064	5.27360
33.26795	5.27360
33.37064	5.27360
33.26795	5.27360
33.37064	5.27360
33.26795	5.27848
33.37064	5.27360
33.21668	5.27848
33.37064	5.28336
33.26795	5.27848
33.37064	5.28336
33.31927	5.29313
33.37064	5.28825
33.26795	5.29313
33.37064	5.29313
33.31927	5.29313
33.37064	5.29313
33.31927	5.29313
33.37064	5.29313
33.31927	5.29801
33.37064	5.29801
33.31927	5.30290
33.37064	5.31266
33.31927	5.31266
33.37064	5.31266
33.31927	5.31266
33.42206	5.31266
33.31927	5.31755
33.37064	5.31266
33.31927	5.31755
33.42206	5.31755
33.31927	5.31755
33.37064	5.32243
33.37064	5.33219
33.42206	5.32243
33.31927	5.33219
33.37064	5.32731
33.31927	5.33219
33.37064	5.33219
33.31927	5.33219
33.47353	5.33219
33.37064	5.33708
33.42206	5.34196
33.31927	5.33708
33.47353	5.34196
33.42206	5.34196
33.47353	5.35173
33.42206	5.35173
33.47353	5.35173
33.37064	5.34684
33.47353	5.35173
33.42206	5.35661
33.47353	5.36149
33.37064	5.35661
33.47353	5.36149
33.42206	5.37126
33.47353	5.36149
33.37064	5.37126
33.47353	5.36149
33.42206	5.37126
33.47353	5.37126
33.42206	5.37126
33.47353	5.37614
33.42206	5.37126
33.47353	5.37614
33.37064	5.38102
33.47353	5.38102
33.42206	5.37614
33.47353	5.38102
33.37064	5.39079
33.57661	5.39079
33.42206	5.39079
33.52504	5.39079
33.42206	5.39567
33.47353	5.39079
33.42206	5.40056
33.52504	5.39567
33.42206	5.40056
33.52504	5.40056
33.42206	5.40056
33.57661	5.40056
33.47353	5.41032
33.57661	5.41032
33.47353	5.41032
33.57661	5.41032
33.47353	5.41520
33.52504	5.41032
33.47353	5.41520
33.57661	5.42009
33.52504	5.42009
33.57661	5.42985
33.52504	5.42009
33.57661	5.42985
33.47353	5.42497
33.57661	5.42985
33.52504	5.42985
33.57661	5.42985
33.52504	5.43474
33.57661	5.42985
33.52504	5.43474
33.57661	5.43962
33.52504	5.44939
33.57661	5.43962
33.52504	5.44939
33.57661	5.44450
33.52504	5.44939
33.57661	5.44450
33.52504	5.44939
33.57661	5.44939
33.52504	5.45427
33.57661	5.45427
33.52504	5.45427
33.57661	5.45915
33.52504	5.45427
33.57661	5.45915
33.57661	5.46403
33.57661	5.46892
33.52504	5.46892
33.57661	5.46892
33.52504	5.46892
33.57661	5.46892
33.52504	5.47380
33.57661	5.47380
33.57661	5.47380
33.57661	5.47868
33.57661	5.48845
33.57661	5.48357
33.57661	5.48845
33.57661	5.47868
33.57661	5.48845
33.67988	5.48845
33.57661	5.48845
33.67988	5.49333
33.57661	5.48845
33.57661	5.49333
33.57661	5.49333
33.57661	5.49821
33.57661	5.50310
33.67988	5.50798
33.57661	5.50798
33.67988	5.50798
33.57661	5.50798
33.67988	5.50798
33.57661	5.50798
33.67988	5.51286
33.62822	5.51286
33.73159	5.51775
33.62822	5.51775
33.73159	5.51775
33.62822	5.52751
33.73159	5.52263
33.67988	5.52751
33.67988	5.52751
33.57661	5.52751
33.73159	5.52751
33.67988	5.52751
33.73159	5.52751
33.67988	5.53240
33.78335	5.53728
33.73159	5.53728
33.78335	5.53728
33.62822	5.54216
33.78335	5.53728
33.67988	5.54704
33.78335	5.54704
33.73159	5.54704
33.78335	5.55193
33.73159	5.54704
33.73159	5.55193
33.67988	5.55193
33.78335	5.55681
33.73159	5.56658
33.78335	5.55681
33.73159	5.56658
33.78335	5.56658
33.73159	5.56658
33.83517	5.56658
33.73159	5.56658
33.78335	5.56658
33.73159	5.57146
33.78335	5.57146
33.73159	5.57146
33.78335	5.57634
33.73159	5.57634
33.78335	5.57634
33.73159	5.58611
33.78335	5.58611
33.73159	5.58123
33.83517	5.58611
33.73159	5.58611
33.83517	5.58611
33.73159	5.59099
33.83517	5.59587
33.73159	5.59587
33.83517	5.59587
33.73159	5.60564
33.88703	5.60076
33.73159	5.60564
33.83517	5.60564
33.78335	5.60564
33.88703	5.60564
33.73159	5.60564
33.88703	5.60564
33.78335	5.61052
33.88703	5.61541
33.78335	5.61541
33.88703	5.61541
33.78335	5.62517
33.88703	5.62517
33.78335	5.62517
33.88703	5.62517
33.83517	5.62517
33.88703	5.62517
33.78335	5.62517
33.88703	5.63494
33.83517	5.63494
33.88703	5.63005
33.83517	5.63005
33.88703	5.63494
33.83517	5.64470
33.88703	5.63494
33.83517	5.64470
33.88703	5.64470
33.83517	5.64470
33.88703	5.64470
33.83517	5.64959
33.93894	5.65447
33.83517	5.64959
33.93894	5.65447
33.83517	5.65447
33.93894	5.66424
33.83517	5.65935
33.88703	5.66424
33.83517	5.66424
33.93894	5.66424
33.83517	5.66424
33.99090	5.66424
33.88703	5.66912
33.93894	5.66912
33.88703	5.66912
33.99090	5.67400
33.88703	5.68377
33.99090	5.67400
33.88703	5.68377
33.93894	5.67888
33.93894	5.68377
33.99090	5.67888
33.88703	5.68865
33.99090	5.68377
33.93894	5.68865
33.99090	5.69353
33.93894	5.69353
33.99090	5.69353
33.93894	5.70330
33.99090	5.69353
33.93894	5.70330
33.99090	5.69842
33.93894	5.70330
33.99090	5.70330
33.93894	5.70818
33.99090	5.70818
33.93894	5.71306
33.99090	5.71306
33.93894	5.72283
33.99090	5.71306
33.93894	5.72283
33.99090	5.71795
33.93894	5.72283
33.99090	5.72283
33.99090	5.72283
33.99090	5.72283
33.93894	5.72283
33.99090	5.72771
33.93894	5.72771
33.99090	5.72771
33.93894	5.73260
33.99090	5.74236
33.99090	5.73260
34.09498	5.74236
33.93894	5.74236
33.99090	5.74236
33.99090	5.74236
33.99090	5.74236
33.99090	5.74725
33.99090	5.74725
33.99090	5.75213
33.99090	5.75213
33.99090	5.75701
34.09498	5.75701
33.99090	5.76189
33.99090	5.75701
33.99090	5.76189
34.09498	5.76189
33.99090	5.76678
33.99090	5.76189
33.99090	5.76678
34.09498	5.77166
33.99090	5.76678
34.14709	5.78143
33.99090	5.77166
34.14709	5.78143
33.99090	5.78143
34.14709	5.78143
33.99090	5.78143
34.09498	5.78143
33.99090	5.78143
34.14709	5.78631
34.04291	5.78631
34.14709	5.78631
33.99090	5.80096
34.19926	5.79608
33.99090	5.80096
34.14709	5.80096
33.99090	5.80096
34.19926	5.80096
34.09498	5.80584
34.14709	5.80096
34.09498	5.80584
34.19926	5.81072
34.09498	5.81072
34.19926	5.82049
34.14709	5.81072
34.19926	5.82049
34.04291	5.82049
34.19926	5.82049
34.14709	5.82049
34.19926	5.82049
34.09498	5.82537
34.14709	5.82049
34.14709	5.82537
34.14709	5.83026
34.14709	5.84002
34.19926	5.83026
34.09498	5.84002
34.19926	5.84002
34.14709	5.84002
34.19926	5.84002
34.14709	5.84002
34.19926	5.84490
34.14709	5.84490
34.19926	5.84979
34.14709	5.85955
34.19926	5.84979
34.14709	5.85955
34.25148	5.84979
34.14709	5.85955
34.25148	5.85955
34.14709	5.85955
34.19926	5.85955
34.19926	5.86444
34.25148	5.86444
34.14709	5.86932
34.19926	5.86932
34.19926	5.87420
34.25148	5.86932
34.19926	5.87909
34.30375	5.87420
34.19926	5.87909
34.25148	5.87909
34.19926	5.87909
34.30375	5.88397
34.19926	5.88397
34.30375	5.88397
34.14709	5.88397
34.30375	5.88885
34.25148	5.89373
34.30375	5.89862
34.19926	5.89862
34.30375	5.89862
34.25148	5.89862
34.30375	5.89862
34.25148	5.90350
34.30375	5.89862
34.25148	5.90350
34.30375	5.90838
34.25148	5.90350
34.30375	5.90838
34.25148	5.91815
34.35607	5.91327
34.25148	5.91815
34.30375	5.91815
34.25148	5.91815
34.30375	5.91815
34.25148	5.92303
34.30375	5.92303
34.25148	5.92303
34.35607	5.93768
34.25148	5.92303
34.35607	5.93768
34.25148	5.93768
34.35607	5.93768
34.30375	5.93768
34.40844	5.93768
34.30375	5.94256
34.40844	5.93768
34.35607	5.94256
34.30375	5.94745
34.30375	5.94256
34.35607	5.95233
34.30375	5.95721
34.40844	5.95233
34.35607	5.95721
34.40844	5.95721
34.30375	5.95721
34.40844	5.95721
34.35607	5.96210
34.40844	5.95721
34.35607	5.96698
34.40844	5.96698
34.35607	5.96698
34.40844	5.97674
34.35607	5.97186
34.40844	5.97674
34.35607	5.97674
34.40844	5.97674
34.35607	5.97674
34.40844	5.97674
34.35607	5.98163
34.40844	5.98163
34.35607	5.98651
34.40844	5.98651
34.35607	5.98651
34.40844	5.99139
34.35607	5.99628
34.40844	5.99139
34.35607	5.99628
34.40844	5.99139
34.40844	6.00116
34.40844	5.99628
34.35607	6.00116
34.40844	6.00604
34.35607	6.00604
34.40844	6.00604
34.35607	6.00604
34.40844	6.00604
34.35607	6.01581
34.51335	6.01581
34.40844	6.01581
34.40844	6.02069
34.40844	6.02069
34.40844	6.02069
34.40844	6.02069
34.51335	6.02557
34.40844	6.02557
34.40844	6.03046
34.40844	6.03534
34.51335	6.03046
34.40844	6.03534
34.51335	6.03534
34.40844	6.03534
34.56588	6.04022
34.40844	6.04022
34.56588	6.04022
34.46087	6.04511
34.40844	6.05487
34.46087	6.04999
34.56588	6.05487
34.46087	6.04999
34.51335	6.05487
34.46087	6.05487
34.56588	6.05487
34.40844	6.05976
34.51335	6.05976
34.40844	6.05976
34.56588	6.05976
34.51335	6.06464
34.51335	6.06464
34.56588	6.07440
34.56588	6.06952
34.46087	6.07440
34.61847	6.06952
34.56588	6.07440
34.56588	6.07440
34.51335	6.07929
34.61847	6.07440
34.51335	6.07929
34.61847	6.08417
34.56588	6.08417
34.61847	6.08417
34.56588	6.08905
34.61847	6.09394
34.56588	6.09394
34.61847	6.09394
34.56588	6.09882
34.61847	6.09394
34.56588	6.09882
34.61847	6.09882
34.56588	6.09882
34.61847	6.10370
34.56588	6.11347
34.61847	6.10370
34.56588	6.11347
34.61847	6.11347
34.56588	6.11347
34.61847	6.11835
34.56588	6.11347
34.67110	6.11835
34.56588	6.11835
34.67110	6.11835
34.61847	6.12323
34.61847	6.13300
34.61847	6.12323
34.67110	6.13300
34.56588	6.13300
34.61847	6.13300
34.61847	6.13300
34.67110	6.13300
34.56588	6.13788
34.61847	6.13788
34.61847	6.14277
34.67110	6.13788
34.61847	6.14277
34.72380	6.14277
34.61847	6.15253
34.72380	6.14765
34.67110	6.15253
34.72380	6.15253
34.67110	6.15253
34.72380	6.15741
34.61847	6.15741
34.67110	6.15741
34.61847	6.16230
34.72380	6.16230
34.61847	6.17206
34.72380	6.16230
34.61847	6.17206
34.72380	6.17206
34.67110	6.17206
34.72380	6.17206
34.67110	6.17695
34.72380	6.17206
34.67110	6.17695
34.77654	6.18183
34.67110	6.18183
34.72380	6.18183
34.67110	6.19160
34.77654	6.19160
34.67110	6.19160
34.77654	6.18671
34.67110	6.19160
34.72380	6.19160
34.67110	6.19648
34.77654	6.19648
34.67110	6.19648
34.82934	6.19648
34.72380	6.20136
34.77654	6.21113
34.67110	6.21113
34.82934	6.21113
34.67110	6.20624
34.82934	6.21601
34.72380	6.21113
34.77654	6.21601
34.77654	6.21601
34.82934	6.22089
34.77654	6.23066
34.82934	6.22089
34.77654	6.23066
34.82934	6.22089
34.77654	6.23066
34.82934	6.22578
34.77654	6.23066
34.82934	6.23066
34.77654	6.23554
34.82934	6.23066
34.77654	6.23554
34.82934	6.23554
34.77654	6.24042
34.82934	6.25019
34.77654	6.25019
34.82934	6.25019
34.77654	6.25019
34.82934	6.25019
34.77654	6.25019
34.82934	6.25019
34.77654	6.25507
34.82934	6.25996
34.77654	6.25507
34.82934	6.25996
34.82934	6.25996
34.82934	6.25996
34.82934	6.26972
34.82934	6.26484
34.77654	6.26972
34.82934	6.26972
34.77654	6.26972
34.82934	6.26972
34.82934	6.27461
34.82934	6.27949
34.82934	6.27949
34.82934	6.28925
34.88219	6.27949
34.82934	6.28925
34.88219	6.28925
34.82934	6.28925
34.82934	6.28925
34.82934	6.29414
34.88219	6.29414
34.82934	6.29414
34.88219	6.29902
34.82934	6.29414
34.88219	6.30390
34.82934	6.29902
34.88219	6.30879
34.93510	6.30390
34.82934	6.30879
34.93510	6.30879
34.88219	6.30879
34.93510	6.30879
34.88219	6.31367
35.04107	6.31855
34.88219	6.31855
34.93510	6.31855
34.88219	6.32832
34.98806	6.31855
34.88219	6.32832
34.98806	6.32832
34.88219	6.32832
34.93510	6.32832
34.82934	6.33320
34.82934	6.33808
34.88219	6.33320
35.04107	6.33808
34.88219	6.34785
34.98806	6.33808
34.93510	6.34785
35.04107	6.34785
34.93510	6.34785
35.04107	6.34785
34.98806	6.35273
35.04107	6.34785
34.93510	6.35273
35.04107	6.35762
34.93510	6.36250
35.04107	6.35762
34.98806	6.35762
35.04107	6.36738
34.93510	6.36250
35.04107	6.36738
34.98806	6.36738
35.04107	6.36738
34.98806	6.36738
35.04107	6.37226
34.98806	6.37226
35.04107	6.37715
34.98806	6.38691
35.04107	6.37715
34.93510	6.38691
35.04107	6.38691
34.98806	6.38691
35.04107	6.38691
34.98806	6.38691
35.04107	6.39180
34.98806	6.39180
35.09414	6.39180
34.98806	6.39180
35.04107	6.40645
34.98806	6.40156
35.04107	6.40645
34.98806	6.40645
35.09414	6.40645
34.98806	6.40645
35.14727	6.41133
34.98806	6.41133
35.04107	6.41133
35.04107	6.41133
35.14727	6.41621
35.04107	6.42598
35.04107	6.41621
35.04107	6.42598
35.14727	6.42109
35.04107	6.42598
35.14727	6.42109
35.04107	6.43086
35.14727	6.42598
35.04107	6.43574
35.14727	6.43574
35.04107	6.43574
35.14727	6.44551
35.09414	6.44551
35.14727	6.44551
35.09414	6.44063
35.14727	6.44551
35.04107	6.44551
35.14727	6.44551
35.09414	6.44551
35.14727	6.45039
35.09414	6.45528
35.14727	6.45528
35.09414	6.46504
35.20045	6.45528
35.09414	6.46504
35.14727	6.46016
35.09414	6.46504
35.20045	6.46504
35.09414	6.46992
35.20045	6.46504
35.09414	6.46992
35.25369	6.46992
35.14727	6.48457
35.14727	6.47481
35.14727	6.47481
35.20045	6.47481
35.09414	6.48457
35.14727	6.48457
35.09414	6.48457
35.25369	6.48457
35.14727	6.48946
35.25369	6.49434
35.14727	6.48946
35.20045	6.49434
35.14727	6.50410
35.25369	6.48946
35.20045	6.50410
35.25369	6.49922
35.20045	6.50410
35.25369	6.49922
35.20045	6.50899
35.25369	6.50410
35.20045	6.50410
35.25369	6.51387
35.20045	6.51387
35.25369	6.51387
35.20045	6.51875
35.25369	6.52364
35.20045	6.52364
35.25369	6.52364
35.20045	6.52364
35.25369	6.52364
35.20045	6.52364
35.25369	6.52852
35.20045	6.52852
35.25369	6.52852
35.20045	6.53340
35.25369	6.53340
35.20045	6.54317
35.25369	6.53829
35.20045	6.54317
35.25369	6.54317
35.20045	6.54317
35.25369	6.54805
35.25369	6.54805
35.25369	6.56270
35.20045	6.55293
35.25369	6.56270
35.25369	6.55293
35.25369	6.56270
35.20045	6.56270
35.36033	6.56270
35.25369	6.56270
35.25369	6.56270
35.25369	6.56758
35.25369	6.56758
35.25369	6.56758
35.36033	6.57247
35.30698	6.58223
35.36033	6.57735
35.25369	6.58223
35.36033	6.57735
35.30698	6.58223
35.36033	6.57735
35.25369	6.58223
35.36033	6.58223
35.30698	6.58712
35.36033	6.59200
35.25369	6.59200
35.36033	6.58712
35.25369	6.59688
35.41373	6.60176
35.25369	6.59200
35.41373	6.60176
35.30698	6.60176
35.41373	6.60176
35.30698	6.60665
35.41373	6.60176
35.25369	6.60665
35.41373	6.60665
35.30698	6.62130
35.46719	6.61153
35.30698	6.62130
35.46719	6.61641
35.36033	6.62130
35.46719	6.62130
35.36033	6.62130
35.46719	6.62130
35.36033	6.62618
35.46719	6.62618
35.36033	6.63106
35.46719	6.63106
35.36033	6.63594
35.46719	6.63594
35.41373	6.64083
35.46719	6.64083
35.41373	6.64083
35.46719	6.64083
35.41373	6.64083
35.46719	6.64083
35.36033	6.64571
35.46719	6.65059
35.41373	6.65548
35.46719	6.65059
35.41373	6.66036
35.52071	6.65548
35.41373	6.66036
35.46719	6.66036
35.41373	6.66036
35.46719	6.66036
35.41373	6.66036
35.46719	6.66524
35.41373	6.66524
35.46719	6.66524
35.41373	6.67013
35.52071	6.67989
35.46719	6.67989
35.52071	6.67989
35.46719	6.67989
35.52071	6.67989
35.46719	6.68477
35.57428	6.68477
35.46719	6.68477
35.57428	6.68966
35.46719	6.68966
35.52071	6.68966
35.41373	6.69942
35.57428	6.69454
35.46719	6.69942
35.52071	6.69454
35.52071	6.69942
35.57428	6.70431
35.46719	6.70431
35.57428	6.70919
35.46719	6.70431
35.57428	6.71896
35.46719	6.71896
35.57428	6.71896
35.46719	6.71896
35.57428	6.71896
35.52071	6.71896
35.57428	6.71896
35.52071	6.72384
35.62791	6.72384
35.52071	6.72872
35.57428	6.72872
35.52071	6.73849
35.57428	6.73360
35.52071	6.73849
35.57428	6.73360
35.57428	6.73849
35.57428	6.73849
35.52071	6.73849
35.57428	6.74337
35.52071	6.74337
35.62791	6.74825
35.52071	6.74825
35.62791	6.74825
35.52071	6.75314
35.62791	6.75802
35.57428	6.75802
35.68160	6.75802
35.57428	6.75802
35.68160	6.75802
35.52071	6.76290
35.68160	6.76290
35.62791	6.76290
35.68160	6.76778
35.57428	6.77755
35.68160	6.77267
35.62791	6.77755
35.68160	6.77755
35.62791	6.77755
35.68160	6.77755
35.62791	6.78243
35.68160	6.78243
35.62791	6.78732
35.68160	6.78732
35.62791	6.78732
35.68160	6.79220
35.62791	6.79708
35.68160	6.79708
35.62791	6.79708
35.68160	6.79708
35.62791	6.79708
35.68160	6.80197
35.62791	6.80197
35.68160	6.80685
35.62791	6.80685
35.68160	6.80685
35.62791	6.81661
35.68160	6.81173
35.62791	6.81661
35.68160	6.81173
35.62791	6.81661
35.68160	6.82150
35.68160	6.82150
35.68160	6.81661
35.68160	6.82150
35.68160	6.82638
35.68160	6.82638
35.68160	6.83615
35.68160	6.83126
35.68160	6.83615
35.68160	6.83615
35.68160	6.83615
35.73535	6.83615
35.68160	6.83615
35.68160	6.84103
35.68160	6.84103
35.62791	6.84591
35.68160	6.84591
35.68160	6.85568
35.68160	6.85080
35.68160	6.85568
35.68160	6.85568
35.68160	6.85568
35.68160	6.85568
35.73535	6.86056
35.78915	6.86056
35.73535	6.86056
35.68160	6.86544
35.73535	6.87521
35.68160	6.87521
35.78915	6.87521
35.84301	6.87521
35.73535	6.87521
35.78915	6.87521
35.73535	6.87521
35.84301	6.87521
35.73535	6.88009
35.84301	6.88009
35.73535	6.89474
35.84301	6.88498
35.73535	6.89474
35.84301	6.88986
35.73535	6.89474
35.84301	6.89474
35.84301	6.89474
35.84301	6.89962
35.73535	6.89962
35.89693	6.89474
35.78915	6.89962
35.84301	6.91427
35.78915	6.90451
35.89693	6.90939
35.84301	6.91427
35.89693	6.91427
35.78915	6.91427
35.89693	6.91427
35.84301	6.91427
35.89693	6.91427
35.84301	6.91916
35.89693	6.91916
35.84301	6.93381
35.89693	6.92404
35.84301	6.93381
35.95091	6.92892
35.84301	6.93381
35.89693	6.93381
35.84301	6.93381
35.89693	6.93869
35.84301	6.93381
35.89693	6.93869
35.84301	6.93869
35.89693	6.94357
35.84301	6.94357
35.89693	6.94845
35.84301	6.95334
35.95091	6.95334
35.84301	6.95334
35.89693	6.95334
35.89693	6.95334
35.95091	6.95334
35.84301	6.96310
35.95091	6.96310
35.89693	6.96310
36.00494	6.96310
35.89693	6.97287
35.95091	6.96310
35.84301	6.97287
36.00494	6.97287
35.89693	6.97287
36.00494	6.97775
35.84301	6.97775
36.00494	6.98263
35.95091	6.98263
36.00494	6.99240
35.89693	6.98752
36.00494	6.99240
35.89693	6.98263
36.00494	6.99240
35.95091	6.99240
36.00494	6.99240
35.95091	6.99728
36.00494	6.99240
35.95091	6.99728
36.00494	7.00217
35.95091	7.01193
36.00494	7.00217
35.95091	7.01193
36.05904	7.00705
35.95091	7.01193
36.00494	7.01193
35.95091	7.01193
36.05904	7.01193
35.95091	7.01682
36.05904	7.02170
36.00494	7.02170
36.05904	7.02170
36.00494	7.03146
36.05904	7.03146
35.95091	7.03146
36.05904	7.03146
36.00494	7.03635
36.05904	7.03635
36.00494	7.03635
36.00494	7.03635
36.00494	7.03635
36.05904	7.04123
36.05904	7.04123
36.11319	7.04611
36.05904	7.05100
36.11319	7.04611
36.00494	7.05100
36.11319	7.05100
36.05904	7.05588
36.05904	7.05588
36.00494	7.05588
36.11319	7.07053
36.00494	7.06565
36.11319	7.07053
36.05904	7.06565
36.11319	7.07053
36.05904	7.07053
36.11319	7.07053
36.05904	7.07541
36.11319	7.07541
36.05904	7.07541
36.11319	7.08029
36.05904	7.07541
36.11319	7.08518
36.05904	7.09006
36.11319	7.08518
36.05904	7.09006
36.11319	7.08518
36.05904	7.09494
36.11319	7.09006
36.05904	7.09494
36.11319	7.09983
36.05904	7.09983
36.11319	7.09983
36.05904	7.10959
36.11319	7.10959
36.11319	7.10959
36.11319	7.10959
36.11319	7.10959
36.11319	7.10959
36.11319	7.11447
36.11319	7.11936
36.11319	7.11936
36.11319	7.11936
36.11319	7.12912
36.11319	7.12912
36.11319	7.12912
36.11319	7.12424
36.11319	7.12912
36.11319	7.12912
36.11319	7.13401
36.11319	7.12912
36.11319	7.13401
36.11319	7.13889
36.16740	7.14377
36.11319	7.14866
36.16740	7.14377
36.11319	7.14866
36.11319	7.14866
36.27601	7.14866
36.11319	7.14866
36.22168	7.14866
36.11319	7.15354
36.22168	7.15842
36.16740	7.16819
36.27601	7.15842
36.16740	7.15842
36.22168	7.15842
36.22168	7.16819
36.27601	7.16819
36.22168	7.16819
36.27601	7.17307
36.11319	7.17307
36.33040	7.17795
36.16740	7.17307
36.27601	7.18772
36.16740	7.18772
36.27601	7.18772
36.22168	7.18772
36.33040	7.18772
36.22168	7.18772
36.27601	7.18772
36.22168	7.19260
36.33040	7.19749
36.27601	7.19260
36.33040	7.19749
36.27601	7.19749
36.33040	7.19749
36.27601	7.20725
36.33040	7.20237
36.27601	7.20725
36.33040	7.21213
36.27601	7.21213
36.33040	7.20725
36.27601	7.21213
36.33040	7.21213
36.27601	7.22190
36.33040	7.21702
36.27601	7.22190
36.33040	7.22678
36.27601	7.22678
36.33040	7.22678
36.27601	7.22678
36.38485	7.22678
36.27601	7.23167
36.38485	7.23655
36.27601	7.24631
36.38485	7.23655
36.27601	7.24631
36.38485	7.23655
36.33040	7.24631
36.33040	7.24631
36.33040	7.24631
36.38485	7.24631
36.33040	7.25120
36.33040	7.25120
36.27601	7.25120
36.43937	7.25608
36.33040	7.26585
36.43937	7.26096
36.33040	7.26585
36.43937	7.26585
36.33040	7.26585
36.43937	7.26585
36.33040	7.26585
36.43937	7.27073
36.33040	7.27073
36.43937	7.27561
36.33040	7.28538
36.43937	7.27561
36.33040	7.28538
36.43937	7.28538
36.38485	7.28538
36.43937	7.28538
36.38485	7.28538
36.43937	7.29514
36.38485	7.29026
36.43937	7.29026
36.38485	7.29514
36.43937	7.30491
36.38485	7.30003
36.49394	7.30491
36.38485	7.30003
36.43937	7.30491
36.38485	7.30491
36.49394	7.30979
36.38485	7.30979
36.43937	7.31468
36.38485	7.30979
36.54857	7.31956
36.38485	7.32444
36.49394	7.31956
36.38485	7.32444
36.54857	7.32444
36.38485	7.32444
36.54857	7.32444
36.43937	7.32444
36.54857	7.34397
36.49394	7.32933
36.49394	7.33421
36.43937	7.32933
36.54857	7.34397
36.49394	7.34397
36.54857	7.34397
36.49394	7.34397
36.54857	7.34397
36.49394	7.34886
36.54857	7.34886
36.49394	7.34886
36.54857	7.34886
36.49394	7.35374
36.54857	7.35862
36.49394	7.36351
36.54857	7.35862
36.49394	7.36351
36.54857	7.36351
36.49394	7.36839
36.54857	7.36351
36.49394	7.36839
36.54857	7.38304
36.49394	7.37327
36.54857	7.37327
36.49394	7.37327
36.54857	7.38304
36.49394	7.38304
36.54857	7.38304
36.49394	7.38792
36.54857	7.38792
36.49394	7.38792
36.54857	7.39280
36.54857	7.39280
36.54857	7.39280
36.54857	7.39280
36.54857	7.39769
36.60327	7.40257
36.54857	7.40257
36.54857	7.40257
36.54857	7.40257
36.60327	7.40745
36.54857	7.41234
36.54857	7.40745
36.65803	7.40745
36.60327	7.41234
36.54857	7.41234
36.60327	7.42210
36.54857	7.42210
36.54857	7.42210
36.65803	7.42210
36.60327	7.42698
36.54857	7.42210
36.54857	7.42698
36.65803	7.43187
36.54857	7.44163
36.71285	7.43187
36.60327	7.44163
36.65803	7.43675
36.60327	7.44163
36.65803	7.43675
36.60327	7.44163
36.65803	7.44163
36.60327	7.44652
36.65803	7.44652
36.65803	7.45140
36.71285	7.45628
36.60327	7.45628
36.76773	7.46117
36.65803	7.46117
36.76773	7.46117
36.60327	7.46605
36.71285	7.46605
36.65803	7.46605
36.71285	7.47093
36.60327	7.46605
36.76773	7.47093
36.65803	7.48070
36.76773	7.47093
36.65803	7.48070
36.76773	7.48070
36.71285	7.48070
36.76773	7.48070
36.71285	7.48070
36.76773	7.48070
36.65803	7.50023
36.76773	7.49046
36.71285	7.50023
36.76773	7.50023
36.71285	7.50023
36.76773	7.50023
36.71285	7.50023
36.76773	7.50023
36.71285	7.50511
36.82267	7.50023
36.71285	7.50511
36.76773	7.50999
36.71285	7.50999
36.76773	7.50999
36.71285	7.51976
36.76773	7.51488
36.71285	7.51976
36.76773	7.51976
36.71285	7.51976
36.76773	7.51976
36.76773	7.51976
36.87768	7.52464
36.71285	7.52953
36.87768	7.53929
36.71285	7.53441
36.87768	7.53929
36.76773	7.53929
36.87768	7.53929
36.76773	7.53929
36.82267	7.53929
36.76773	7.54418
36.87768	7.54906
36.76773	7.54418
36.87768	7.54906
36.76773	7.55882
36.87768	7.54906
36.82267	7.55882
36.87768	7.55394
36.76773	7.55882
36.87768	7.55882
36.82267	7.55882
36.87768	7.55882
36.76773	7.56371
36.87768	7.56859
36.82267	7.56859
36.87768	7.56859
36.82267	7.57836
36.98787	7.56859
36.82267	7.57836
36.93274	7.57836
36.82267	7.57836
36.87768	7.57836
36.82267	7.58324
36.87768	7.58812
36.82267	7.58812
36.93274	7.59301
36.82267	7.59789
36.93274	7.59301
36.82267	7.59789
36.93274	7.59301
36.82267	7.59789
36.87768	7.60277
36.82267	7.60277
36.93274	7.60765
36.82267	7.60277
36.98787	7.60765
36.87768	7.60765
36.93274	7.61742
36.93274	7.61742
36.98787	7.61742
36.93274	7.61742
36.93274	7.61742
36.87768	7.62230
36.98787	7.62230
36.93274	7.62230
36.98787	7.62719
36.93274	7.62719
36.98787	7.63207
36.93274	7.63695
36.98787	7.63695
36.93274	7.64183
36.98787	7.63695
36.93274	7.63695
36.98787	7.64183
36.93274	7.64183
36.98787	7.64672
36.93274	7.64672
36.98787	7.64672
36.93274	7.65160
36.98787	7.65648
36.93274	7.65648
36.98787	7.65648
36.93274	7.65648
36.98787	7.66137
36.93274	7.66625
36.98787	7.66625
36.93274	7.67602
36.98787	7.67113
36.93274	7.67602
36.98787	7.66625
36.93274	7.67602
36.98787	7.67602
36.93274	7.67602
36.98787	7.67602
36.93274	7.68090
37.09833	7.68090
36.98787	7.68578
36.98787	7.69555
36.93274	7.69066
36.98787	7.68578
36.93274	7.69555
37.09833	7.69555
36.98787	7.69555
36.98787	7.69555
36.98787	7.70043
37.09833	7.70043
36.98787	7.70043
37.15365	7.70531
37.04307	7.71508
37.09833	7.70531
36.98787	7.71508
37.09833	7.71020
36.98787	7.71508
37.09833	7.71508
36.98787	7.71508
37.09833	7.71996
36.98787	7.71996
37.15365	7.72485
36.98787	7.72485
37.09833	7.73461
37.04307	7.73461
37.15365	7.73461
36.98787	7.73461
37.15365	7.73461
37.04307	7.73949
37.09833	7.73949
37.04307	7.73949
37.20903	7.73949
37.04307	7.74438
37.15365	7.74438
37.09833	7.75414
37.20903	7.74438
37.09833	7.75414
37.15365	7.75414
37.09833	7.75414
37.20903	7.75414
37.09833	7.75903
37.20903	7.76391
37.15365	7.76391
37.20903	7.76391
37.15365	7.75903
37.20903	7.77367
37.15365	7.77367
37.20903	7.77367
37.09833	7.77367
37.20903	7.77367
37.15365	7.77367
37.20903	7.77856
37.15365	7.77856
37.20903	7.78344
37.15365	7.78344
37.20903	7.78832
37.15365	7.79321
37.20903	7.78832
37.09833	7.79321
37.20903	7.79321
37.15365	7.79321
37.26448	7.79321
37.15365	7.79809
37.20903	7.81274
37.15365	7.80297
37.20903	7.81274
37.15365	7.81274
37.20903	7.81274
37.15365	7.81762
37.20903	7.81274
37.15365	7.81274
37.26448	7.81762
37.15365	7.81762
37.31999	7.82250
37.15365	7.81762
37.31999	7.82250
37.20903	7.83227
37.31999	7.82739
37.20903	7.83227
37.20903	7.83227
37.26448	7.83227
37.26448	7.83227
37.20903	7.83715
37.31999	7.83715
37.20903	7.83715
37.31999	7.85180
37.20903	7.84204
37.31999	7.85180
37.20903	7.85180
37.31999	7.85180
37.20903	7.85180
37.31999	7.85180
37.26448	7.85669
37.31999	7.85669
37.26448	7.85669
37.31999	7.85669
37.26448	7.86157
37.31999	7.86157
37.26448	7.87133
37.37557	7.86645
37.26448	7.87133
37.37557	7.87622
37.31999	7.87133
37.31999	7.87622
37.26448	7.87622
37.31999	7.88110
37.26448	7.89087
37.43122	7.88110
37.26448	7.89087
37.43122	7.88598
37.26448	7.89087
37.37557	7.89087
37.26448	7.89575
37.43122	7.89575
37.26448	7.89575
37.43122	7.90063
37.31999	7.91040
37.43122	7.90063
37.37557	7.91040
37.43122	7.91040
37.31999	7.91040
37.43122	7.91040
37.31999	7.91528
37.43122	7.92016
37.37557	7.91528
37.43122	7.92016
37.37557	7.92016
37.43122	7.92993
37.37557	7.92016
37.43122	7.92993
37.37557	7.92993
37.43122	7.92993
37.37557	7.93481
37.43122	7.92993
37.37557	7.93481
37.43122	7.93481
37.37557	7.94946
37.43122	7.94458
37.37557	7.94946
37.43122	7.93970
37.37557	7.94946
37.43122	7.94946
37.37557	7.94946
37.43122	7.94946
37.37557	7.95434
37.43122	7.95923
37.37557	7.95923
37.43122	7.95923
37.43122	7.95923
37.43122	7.96899
37.43122	7.96899
37.43122	7.96899
37.37557	7.96899
37.43122	7.96899
37.43122	7.97388
37.43122	7.97388
37.43122	7.97876
37.54270	7.97876
37.43122	7.97876
37.43122	7.98364
37.43122	7.98853
37.43122	7.98364
37.43122	7.98853
37.43122	7.99341
37.43122	7.98853
37.43122	7.99341
37.43122	7.99829
37.43122	7.99829
37.43122	7.99829
37.43122	8.00806
37.43122	8.00317
37.54270	8.00806
37.43122	8.00806
37.43122	8.00806
37.43122	8.01294
37.43122	8.01294
37.43122	8.01294
37.43122	8.01782
37.43122	8.02271
37.54270	8.02271
37.43122	8.02759
37.59854	8.02271
37.43122	8.02759
37.59854	8.02759
37.48692	8.02759
37.59854	8.03247
37.43122	8.03735
37.65444	8.03735
37.48692	8.03735
37.54270	8.03735
37.48692	8.04712
37.65444	8.04712
37.48692	8.04712
37.59854	8.04712
37.48692	8.05200
37.65444	8.04712
37.54270	8.05200
37.65444	8.05200
37.59854	8.06665
37.65444	8.05689
37.43122	8.06665
37.65444	8.05689
37.48692	8.06665
37.65444	8.06665
37.43122	8.06665
37.65444	8.06665
37.54270	8.07154
37.65444	8.07642
37.59854	8.07642
37.65444	8.08618
37.59854	8.07642
37.65444	8.08618
37.59854	8.08130
37.71041	8.08618
37.59854	8.08618
37.71041	8.08618
37.65444	8.09107
37.71041	8.09107
37.59854	8.09107
37.71041	8.09107
37.59854	8.10572
37.71041	8.10083
37.59854	8.10572
37.71041	8.10083
37.59854	8.11060
37.65444	8.10572
37.65444	8.10572
37.71041	8.11060
37.65444	8.11060
37.71041	8.11548
37.59854	8.12525
37.76645	8.12525
37.59854	8.12525
37.71041	8.12525
37.65444	8.12525
37.71041	8.12525
37.65444	8.13013
37.76645	8.12525
37.71041	8.13013
37.76645	8.13013
37.65444	8.14478
37.71041	8.13501
37.71041	8.14478
37.76645	8.13990
37.65444	8.14478
37.76645	8.13990
37.71041	8.14478
37.76645	8.14478
37.71041	8.14966
37.76645	8.14966
37.71041	8.15455
37.76645	8.16431
37.71041	8.15455
37.82256	8.16431
37.65444	8.15943
37.76645	8.16431
37.71041	8.16431
37.82256	8.16431
37.71041	8.16919
37.82256	8.16919
37.71041	8.17408
37.76645	8.16919
37.71041	8.17408
37.82256	8.17408
37.76645	8.18384
37.87873	8.17896
37.71041	8.18384
37.87873	8.18384
37.76645	8.18384
37.82256	8.18384
37.82256	8.18873
37.87873	8.18873
37.71041	8.19361
37.87873	8.19361
37.76645	8.20338
37.87873	8.19361
37.82256	8.20338
37.87873	8.20338
37.82256	8.20338
37.87873	8.20338
37.82256	8.20826
37.87873	8.20338
37.76645	8.22291
37.87873	8.21314
37.82256	8.21802
37.87873	8.21802
37.82256	8.22291
37.87873	8.22291
37.82256	8.22291
37.87873	8.22291
37.82256	8.22779
37.87873	8.22779
37.82256	8.23267
37.87873	8.24244
37.82256	8.23267
37.87873	8.24244
37.87873	8.23756
37.87873	8.24244
37.82256	8.24732
37.87873	8.24244
37.82256	8.24732
37.87873	8.24732
37.87873	8.24732
37.87873	8.24732
37.82256	8.26197
37.87873	8.25709
37.82256	8.26197
37.87873	8.25709
37.87873	8.26685
37.87873	8.26197
37.82256	8.26197
37.87873	8.26685
37.87873	8.26685
37.99127	8.27174
37.87873	8.27662
37.87873	8.28150
37.82256	8.28150
37.87873	8.28150
37.87873	8.28150
37.87873	8.28150
37.87873	8.28150
37.99127	8.28150
37.87873	8.28639
37.99127	8.29127
37.87873	8.30103
37.99127	8.29127
37.87873	8.30103
37.87873	8.29615
37.87873	8.30103
37.87873	8.29615
37.87873	8.30592
37.99127	8.30103
37.93497	8.30592
38.04765	8.31080
37.87873	8.31080
37.99127	8.31080
37.93497	8.31080
37.99127	8.32057
37.93497	8.32057
38.04765	8.32057
37.93497	8.32057
38.04765	8.32057
37.93497	8.32545
38.04765	8.32545
37.99127	8.32545
38.10409	8.33033
37.99127	8.34010
38.04765	8.33522
37.99127	8.34010
38.10409	8.34010
37.99127	8.34010
38.10409	8.34498
37.99127	8.34010
38.10409	8.34986
38.04765	8.34986
38.10409	8.34986
37.99127	8.35963
38.10409	8.35963
38.04765	8.35963
38.10409	8.35963
38.04765	8.35963
38.10409	8.35963
38.04765	8.35963
38.10409	8.35963
37.99127	8.36451
38.10409	8.36940
38.04765	8.36940
38.16060	8.36940
38.04765	8.37916
38.10409	8.37428
38.04765	8.37916
38.16060	8.37428
38.04765	8.38404
38.16060	8.38404
38.04765	8.38404
38.16060	8.38893
38.04765	8.38893
38.10409	8.38893
38.04765	8.39381
38.21718	8.39869
38.04765	8.39869
38.10409	8.39869
38.10409	8.39869
38.16060	8.40358
38.10409	8.40358
38.16060	8.40846
38.04765	8.41823
38.16060	8.40846
38.04765	8.41823
38.21718	8.41334
38.10409	8.41823
38.21718	8.41823
38.10409	8.41823
38.21718	8.42311
38.16060	8.42311
38.16060	8.42311
38.10409	8.42799
38.21718	8.43776
38.10409	8.42799
38.27383	8.43776
38.16060	8.43776
38.21718	8.43776
38.16060	8.43776
38.21718	8.43776
38.16060	8.44264
38.21718	8.44264
38.10409	8.44264
38.27383	8.44752
38.10409	8.45241
38.21718	8.45241
38.10409	8.45729
38.21718	8.45241
38.16060	8.45729
38.27383	8.45729
38.16060	8.46217
38.21718	8.46217
38.16060	8.46706
38.27383	8.46706
38.16060	8.47682
38.27383	8.47682
38.21718	8.46706
38.21718	8.47682
38.16060	8.47682
38.33054	8.47682
38.21718	8.48170
38.33054	8.48170
38.21718	8.48659
38.27383	8.48659
38.21718	8.49147
38.27383	8.48659
38.16060	8.49635
38.33054	8.49147
38.21718	8.49635
38.33054	8.49635
38.27383	8.50124
38.33054	8.50612
38.27383	8.50124
38.33054	8.50612
38.27383	8.50612
38.33054	8.50612
38.21718	8.50612
38.33054	8.51588
38.21718	8.51588
38.33054	8.51588
38.27383	8.51588
38.33054	8.52077
38.21718	8.52077
38.33054	8.52565
38.27383	8.52565
38.33054	8.52565
38.27383	8.53542
38.33054	8.53053
38.27383	8.53542
38.33054	8.53053
38.27383	8.53542
38.33054	8.53542
38.27383	8.54518
38.33054	8.54030
38.27383	8.54518
38.33054	8.55495
38.33054	8.55007
38.33054	8.55495
38.27383	8.55495
38.33054	8.55495
38.27383	8.55495
38.33054	8.55495
38.33054	8.55495
38.33054	8.55983
38.38733	8.56471
38.33054	8.56471
38.33054	8.57448
38.33054	8.56471
38.38733	8.57448
38.33054	8.56960
38.38733	8.57936
38.33054	8.57936
38.33054	8.57936
38.44419	8.57936
38.38733	8.57936
38.33054	8.58425
38.38733	8.58425
38.33054	8.59401
38.38733	8.59401
38.44419	8.59401
38.38733	8.59401
38.50111	8.59401
38.38733	8.59401
38.44419	8.60378
38.38733	8.60378
38.33054	8.60378
38.38733	8.61354
38.33054	8.60378
38.38733	8.61354
38.50111	8.60866
38.38733	8.61354
38.44419	8.61354
38.38733	8.61843
38.50111	8.61354
38.38733	8.61843
38.50111	8.62331
38.44419	8.62331
38.44419	8.63308
38.38733	8.62819
38.50111	8.63308
38.44419	8.63308
38.50111	8.63308
38.44419	8.63796
38.50111	8.63796
38.44419	8.63796
38.55811	8.64284
38.50111	8.65261
38.55811	8.64284
38.50111	8.65261
38.55811	8.65261
38.44419	8.65261
38.55811	8.65261
38.50111	8.65261
38.55811	8.65749
38.50111	8.65749
38.55811	8.66237
38.50111	8.66237
38.55811	8.66726
38.50111	8.67214
38.55811	8.67214
38.50111	8.67214
38.55811	8.67214
38.50111	8.67702
38.55811	8.67702
38.55811	8.67702
38.55811	8.68191
38.50111	8.68191
38.61518	8.68191
38.50111	8.69167
38.67232	8.69167
38.50111	8.69167
38.55811	8.69167
38.50111	8.69167
38.55811	8.69167
38.50111	8.69655
38.55811	8.70144
38.50111	8.70144
38.55811	8.71120
38.50111	8.70632
38.67232	8.71120
38.55811	8.71120
38.67232	8.71120
38.61518	8.71120
38.61518	8.71120
38.55811	8.71609
38.67232	8.72097
38.55811	8.72097
38.67232	8.72097
38.55811	8.73074
38.67232	8.72585
38.55811	8.73074
38.67232	8.73074
38.55811	8.73562
38.72953	8.73074
38.61518	8.73562
38.67232	8.73562
38.61518	8.73562
38.67232	8.74050
38.61518	8.75027
38.67232	8.75027
38.55811	8.75027
38.67232	8.75027
38.61518	8.75027
38.67232	8.75515
38.61518	8.75515
38.72953	8.75515
38.61518	8.75515
38.72953	8.76003
38.61518	8.76980
38.72953	8.76003
38.61518	8.76980
38.72953	8.76492
38.61518	8.76980
38.72953	8.77468
38.61518	8.77468
38.67232	8.77468
38.67232	8.77468
38.67232	8.77956
38.67232	8.78445
38.78681	8.78933
38.67232	8.78933
38.67232	8.78933
38.67232	8.78933
38.78681	8.78933
38.61518	8.79421
38.78681	8.79421
38.61518	8.79421
38.78681	8.79910
38.72953	8.80886
38.78681	8.80886
38.72953	8.80886
38.78681	8.80886
38.72953	8.80886
38.78681	8.80886
38.72953	8.81375
38.72953	8.81375
38.72953	8.81375
38.78681	8.81863
38.72953	8.82839
38.78681	8.82351
38.72953	8.82839
38.78681	8.82839
38.72953	8.82839
38.78681	8.83328
38.72953	8.82839
38.78681	8.82839
38.72953	8.83816
38.78681	8.83816
38.72953	8.84793
38.78681	8.83816
38.72953	8.84793
38.78681	8.84793
38.78681	8.84793
38.78681	8.84793
38.72953	8.85281
38.78681	8.85281
38.72953	8.85769
38.78681	8.85769
38.78681	8.85769
38.78681	8.85769
38.72953	8.86258
38.78681	8.86746
38.72953	8.86258
38.78681	8.87234
38.78681	8.87234
38.78681	8.87722
38.78681	8.87234
38.78681	8.87722
38.78681	8.87722
38.78681	8.88211
38.78681	8.88699
38.78681	8.88699
38.78681	8.88699
38.90158	8.88211
38.78681	8.88699
38.90158	8.89187
38.84416	8.89187
38.90158	8.89676
38.78681	8.90652
38.90158	8.90652
38.78681	8.90652
38.90158	8.90652
38.78681	8.90652
38.90158	8.90652
38.84416	8.90652
38.90158	8.91140
38.84416	8.91629
38.95908	8.91140
38.78681	8.92605
38.90158	8.91629
38.78681	8.92605
38.95908	8.91629
38.84416	8.92605
38.95908	8.93094
38.90158	8.93094
38.95908	8.93582
38.84416	8.93094
38.95908	8.93582
38.90158	8.93582
38.95908	8.94559
38.90158	8.94070
38.95908	8.94559
38.90158	8.94559
39.01665	8.94559
38.95908	8.95047
39.01665	8.94559
38.84416	8.95535
38.95908	8.95535
38.84416	8.95535
39.01665	8.95535
38.90158	8.96512
39.01665	8.96023
38.95908	8.96512
39.01665	8.96023
38.90158	8.97000
39.01665	8.97000
38.90158	8.97000
39.01665	8.97488
38.95908	8.97000
39.01665	8.97488
38.95908	8.98465
39.01665	8.98465
38.95908	8.98465
39.01665	8.98465
38.95908	8.98953
39.07429	8.98465
38.95908	8.99442
39.01665	8.99442
38.95908	8.98953
39.01665	8.99442
38.95908	9.00418
39.13201	8.99930
38.95908	9.00418
39.07429	9.00418
38.95908	9.00906
39.07429	9.00418
38.95908	9.00906
39.13201	9.01395
39.01665	9.01883
39.13201	9.02371
38.95908	9.01883
39.13201	9.02371
39.01665	9.02371
39.13201	9.02371
39.01665	9.02860
39.13201	9.02371
39.01665	9.02860
39.07429	9.03348
39.01665	9.04324
39.13201	9.03348
39.01665	9.04324
39.07429	9.03836
39.07429	9.04324
39.13201	9.04324
39.07429	9.04813
39.13201	9.04813
39.07429	9.05301
39.18980	9.04813
39.07429	9.05301
39.13201	9.06278
39.01665	9.05789
39.13201	9.06278
39.07429	9.06278
39.13201	9.06278
39.07429	9.06278
39.13201	9.06278
39.07429	9.06766
39.18980	9.06766
39.07429	9.06766
39.13201	9.07254
39.07429	9.08231
39.18980	9.07743
39.13201	9.08231
39.18980	9.08231
39.07429	9.08231
39.24766	9.08719
39.07429	9.08719
39.18980	9.08719
39.13201	9.09207
39.18980	9.09207
39.18980	9.09696
39.24766	9.09207
39.13201	9.09696
39.24766	9.10672
39.18980	9.10672
39.24766	9.10184
39.13201	9.10672
39.24766	9.10672
39.18980	9.12137
39.24766	9.11161
39.18980	9.11161
39.24766	9.11649
39.18980	9.12137
39.24766	9.12137
39.18980	9.12137
39.24766	9.12626
39.18980	9.12626
39.24766	9.13114
39.18980	9.13114
39.24766	9.13114
39.18980	9.14090
39.24766	9.14090
39.18980	9.14090
39.24766	9.14090
39.18980	9.14579
39.24766	9.14090
39.18980	9.14579
39.24766	9.15067
39.24766	9.15067
39.24766	9.15067
39.18980	9.16044
39.24766	9.15555
39.24766	9.16044
39.24766	9.16044
39.24766	9.16532
39.24766	9.16044
39.24766	9.16532
39.24766	9.17020
39.18980	9.17020
39.24766	9.17997
39.18980	9.17508
39.24766	9.17997
39.18980	9.17997
39.24766	9.17997
39.24766	9.18485
39.24766	9.18485
39.24766	9.18485
39.24766	9.18485
39.24766	9.19950
39.24766	9.18973
39.24766	9.19950
39.24766	9.19462
39.30560	9.19950
39.24766	9.19950
39.24766	9.20438
39.24766	9.20438
39.30560	9.20438
39.24766	9.20927
39.30560	9.21903
39.36361	9.20927
39.30560	9.21903
39.24766	9.21903
39.30560	9.21903
39.24766	9.21903
39.30560	9.21903
39.42170	9.21903
39.30560	9.22880
39.36361	9.22880
39.30560	9.22391
39.42170	9.23368
39.36361	9.23856
39.47986	9.23368
39.30560	9.23856
39.47986	9.23856
39.30560	9.24345
39.42170	9.25810
39.30560	9.24833
39.42170	9.25810
39.36361	9.24833
39.47986	9.25810
39.42170	9.25810
39.47986	9.25810
39.36361	9.25810
39.47986	9.25810
39.36361	9.25810
39.47986	9.26298
39.36361	9.26298
39.47986	9.26786
39.42170	9.27274
39.47986	9.26786
39.36361	9.27763
39.47986	9.27274
39.42170	9.27763
39.47986	9.28251
39.42170	9.27763
39.47986	9.28251
39.42170	9.28251
39.47986	9.28739
39.42170	9.29716
39.47986	9.29716
39.42170	9.29716
39.47986	9.29716
39.42170	9.29716
39.47986	9.30204
39.42170	9.30204
39.47986	9.30692
39.42170	9.30692
39.47986	9.30692
39.47986	9.31669
39.47986	9.31181
39.42170	9.31669
39.47986	9.31669
39.47986	9.32157
39.59641	9.31669
39.42170	9.32646
39.53809	9.32157
39.42170	9.32646
39.53809	9.33622
39.42170	9.32646
39.47986	9.33622
39.42170	9.33622
39.47986	9.33622
39.47986	9.34111
39.59641	9.34599
39.47986	9.34111
39.59641	9.34599
39.47986	9.34599
39.59641	9.34599
39.47986	9.35575
39.59641	9.35087
39.47986	9.35575
39.59641	9.35575
39.47986	9.35575
39.59641	9.36064
39.47986	9.36064
39.59641	9.36552
39.53809	9.37529
39.59641	9.37040
39.53809	9.37529
39.59641	9.37529
39.53809	9.37529
39.59641	9.37529
39.53809	9.37529
39.59641	9.38017
39.53809	9.38017
39.65479	9.38505
39.53809	9.39482
39.59641	9.38993
39.53809	9.39482
39.65479	9.38993
39.53809	9.39482
39.71326	9.39482
39.53809	9.39970
39.65479	9.39970
39.59641	9.40458
39.65479	9.40458
39.53809	9.40458
39.71326	9.41435
39.53809	9.40947
39.71326	9.41435
39.65479	9.41435
39.71326	9.41435
39.59641	9.41923
39.71326	9.41923
39.59641	9.41923
39.71326	9.42412
39.53809	9.42412
39.71326	9.42412
39.65479	9.42900
39.71326	9.43388
39.65479	9.43388
39.71326	9.43388
39.65479	9.43876
39.71326	9.43876
39.65479	9.44365
39.71326	9.44365
39.65479	9.45341
39.71326	9.44853
39.65479	9.45341
39.71326	9.45341
39.65479	9.45341
39.71326	9.45341
39.65479	9.45341
39.71326	9.46318
39.65479	9.45830
39.71326	9.46318
39.65479	9.47295
39.71326	9.46318
39.65479	9.47295
39.71326	9.46806
39.65479	9.47295
39.71326	9.47295
39.71326	9.47783
39.71326	9.47295
39.65479	9.48759
39.71326	9.49248
39.65479	9.48271
39.71326	9.49248
39.71326	9.49248
39.71326	9.49248
39.65479	9.49248
39.71326	9.49248
39.65479	9.49736
39.71326	9.49736
39.71326	9.50224
39.71326	9.50224
39.71326	9.50224
39.71326	9.50224
39.71326	9.51201
39.83042	9.50713
39.71326	9.51201
39.83042	9.51201
39.71326	9.51201
39.71326	9.52177
39.71326	9.51689
39.83042	9.52177
39.77180	9.52666
39.83042	9.53154
39.71326	9.53154
39.83042	9.53154
39.71326	9.53154
39.71326	9.53154
39.71326	9.53642
39.71326	9.54131
39.71326	9.54131
39.83042	9.54131
39.83042	9.55107
39.88911	9.54131
39.77180	9.55107
39.88911	9.54619
39.71326	9.55596
39.88911	9.55107
39.77180	9.55596
39.88911	9.56084
39.83042	9.55596
39.88911	9.57060
39.83042	9.56084
39.88911	9.57060
39.83042	9.57060
39.88911	9.57060
39.83042	9.57549
39.88911	9.57060
39.88911	9.57549
39.88911	9.58037
39.88911	9.59014
39.88911	9.58037
39.83042	9.59014
39.94788	9.58525
39.88911	9.59014
39.94788	9.59014
39.83042	9.59502
39.94788	9.58525
39.88911	9.59502
39.94788	9.59990
39.88911	9.59990
39.94788	9.59990
39.88911	9.60479
39.94788	9.60479
39.88911	9.60967
39.94788	9.60967
39.88911	9.60967
39.94788	9.60967
39.88911	9.62920
39.94788	9.61943
39.88911	9.61943
40.00673	9.62432
39.88911	9.62920
39.94788	9.62432
39.88911	9.62920
39.94788	9.62432
39.94788	9.62920
40.00673	9.62920
39.94788	9.63408
40.00673	9.63408
39.88911	9.63897
40.06566	9.63897
39.88911	9.64385
40.00673	9.64873
39.94788	9.64385
40.06566	9.64873
39.88911	9.65361
40.06566	9.64873
39.94788	9.65361
40.06566	9.65361
39.94788	9.66826
40.06566	9.65850
39.94788	9.66826
40.06566	9.65850
39.94788	9.66826
40.06566	9.66826
40.00673	9.66826
40.00673	9.67315
39.94788	9.67803
40.06566	9.68780
40.00673	9.67803
40.06566	9.68780
40.00673	9.68780
40.06566	9.68780
39.94788	9.68780
40.06566	9.68780
40.00673	9.69268
40.06566	9.69268
40.00673	9.69268
40.12467	9.69756
40.00673	9.69268
40.06566	9.69756
40.00673	9.70733
40.06566	9.70733
40.00673	9.70733
40.12467	9.70733
40.00673	9.71221
40.12467	9.71221
40.00673	9.71709
40.06566	9.71709
40.06566	9.71709
40.12467	9.72686
40.00673	9.72198
40.18375	9.72686
40.06566	9.72686
40.18375	9.72686
40.06566	9.72686
40.18375	9.73174
40.00673	9.73174
40.18375	9.73663
40.06566	9.73663
40.18375	9.74151
40.12467	9.74639
40.18375	9.74151
40.12467	9.74639
40.18375	9.74639
40.12467	9.75127
40.18375	9.75127
40.12467	9.75616
40.18375	9.76104
40.12467	9.76592
40.18375	9.76104
40.12467	9.76592
40.18375	9.76592
40.12467	9.76592
40.18375	9.76592
40.12467	9.77081
40.18375	9.77081
40.12467	9.77569
40.18375	9.77569
40.12467	9.78545
40.18375	9.78057
40.12467	9.78545
40.18375	9.78057
40.12467	9.79034
40.18375	9.78545
40.12467	9.79034
40.18375	9.79034
40.18375	9.79522
40.18375	9.80499
40.12467	9.79522
40.18375	9.80499
40.12467	9.80499
40.18375	9.80499
40.12467	9.80499
40.18375	9.80987
40.24292	9.80987
40.18375	9.81475
40.18375	9.81475
40.18375	9.81964
40.18375	9.81964
40.18375	9.81964
40.24292	9.82452
40.18375	9.82452
40.24292	9.82452
40.18375	9.82452
40.24292	9.83428
40.18375	9.83428
40.24292	9.84405
40.18375	9.84405
40.24292	9.83428
40.30216	9.84405
40.24292	9.84405
40.18375	9.84405
40.24292	9.84405
40.18375	9.84893
40.24292	9.84405
40.18375	9.84893
40.24292	9.85382
40.30216	9.85870
40.24292	9.86358
40.30216	9.85870
40.24292	9.86358
40.36149	9.86358
40.24292	9.86847
40.36149	9.86847
40.24292	9.86847
40.36149	9.87335
40.24292	9.87823
40.30216	9.88311
40.24292	9.88311
40.36149	9.88311
40.30216	9.88311
40.42089	9.88311
40.24292	9.88311
40.36149	9.88311
40.30216	9.88800
40.36149	9.89288
40.30216	9.90265
40.36149	9.89288
40.30216	9.90265
40.42089	9.90265
40.30216	9.90265
40.42089	9.89776
40.36149	9.90265
40.42089	9.90265
40.36149	9.90753
40.42089	9.91241
40.36149	9.91241
40.42089	9.91241
40.36149	9.92218
40.42089	9.91241
40.36149	9.92218
40.42089	9.92218
40.36149	9.92218
40.42089	9.92706
40.36149	9.92706
40.42089	9.92706
40.36149	9.94171
40.42089	9.93194
40.36149	9.93683
40.42089	9.93683
40.36149	9.94171
40.48038	9.94171
40.36149	9.94659
40.42089	9.94171
40.36149	9.94659
40.48038	9.94659
40.36149	9.95636
40.53994	9.96124
40.36149	9.95636
40.42089	9.96124
40.36149	9.95636
40.53994	9.96124
40.36149	9.96124
40.53994	9.96124
40.42089	9.96612
40.48038	9.96612
40.36149	9.97101
40.53994	9.97101
40.42089	9.98077
40.48038	9.97589
40.42089	9.98077
40.53994	9.98077
40.42089	9.98077
40.53994	9.98077
40.42089	9.98566
40.53994	9.99054
40.48038	9.98566
40.53994	9.99054
40.42089	9.99542
40.53994	9.99542
40.48038	9.99542
40.53994	9.99542
40.42089	9.99542
40.53994	9.99542
40.48038	9.99542
40.59959	9.99542
40.48038	9.99542
40.53994	9.99542
40.48038	9.99542
40.53994	9.99542
40.42089	9.99542
40.59959	9.99542
40.48038	9.99542
40.53994	9.99542
40.48038	9.99542
40.53994	9.99542
40.48038	9.99542
40.59959	9.99542
40.48038	9.99542
40.59959	9.99542
40.48038	9.99542
40.59959	9.99542
40.53994	9.99542
40.65931	9.99542
40.48038	9.99542
40.65931	9.99542
40.48038	9.99542
40.65931	9.99542
40.59959	9.99542
40.65931	9.99542
40.53994	9.99542
40.59959	9.99542
40.59959	9.99542
40.65931	9.99542
40.53994	9.99542
40.65931	9.99542
40.59959	9.99542
40.65931	9.99542
40.59959	9.99542
40.65931	9.99542
40.59959	9.99542
40.65931	9.99542
40.59959	9.99542
40.65931	9.99542
40.59959	9.99542
40.65931	9.99542
40.59959	9.99542
40.65931	9.99542
40.59959	9.99542
40.65931	9.99542
40.59959	9.99542
40.65931	9.99542
40.59959	9.99542
40.65931	9.99542
40.59959	9.99542
40.65931	9.99542
40.59959	9.99542
40.65931	9.99542
40.59959	9.99542
40.65931	9.99542
40.65931	9.99542
40.65931	9.99542
40.59959	9.99542
40.65931	9.99542
40.59959	9.99542
40.65931	9.99542
40.59959	9.99542
40.65931	9.99542
40.65931	9.99542
40.77901	9.99542
40.59959	9.99542
40.65931	9.99542
40.59959	9.99542
40.65931	9.99542
40.65931	9.99542
40.65931	9.99542
40.65931	9.99542
40.77901	9.99542
40.65931	9.99542
40.65931	9.99542
40.65931	9.99542
40.77901	9.99542
40.65931	9.99542
40.83899	9.99542
40.65931	9.99542
40.65931	9.99542
40.71912	9.99542
40.83899	9.99542
40.65931	9.99542
40.65931	9.99542
40.71912	9.99542
40.83899	9.99542
40.65931	9.99542
40.77901	9.99542
40.71912	9.99542
40.77901	9.99542
