Temperatura. Can B ( C )	Posizione. Can 1 e 2 ( m )
27.31699	0.00000
27.31699	0.00000
27.31699	0.00000
27.31699	0.00000
27.31699	0.00000
27.31699	0.00000
27.36364	0.00000
27.41032	0.00000
27.27038	0.00000
27.41032	0.00000
27.31699	0.00000
27.31699	0.00000
27.31699	0.00000
27.41032	0.00000
27.31699	0.00000
27.41032	0.00000
27.31699	0.00000
27.31699	0.00000
27.31699	0.00000
27.31699	0.00000
27.31699	0.00000
27.41032	0.00000
27.31699	0.00000
27.31699	0.00000
27.31699	0.00000
27.31699	0.00000
27.31699	0.00000
27.41032	0.00000
27.31699	0.00000
27.31699	0.00000
27.31699	0.00000
27.31699	0.00000
27.31699	0.00000
27.41032	0.00000
27.31699	0.00000
27.31699	0.00000
27.31699	0.00000
27.41032	0.00000
27.31699	0.00000
27.31699	0.00000
27.31699	0.00000
27.31699	0.00000
27.31699	0.00000
27.41032	0.00000
27.31699	0.00000
27.41032	0.00000
27.31699	0.00000
27.41032	0.00000
27.31699	0.00000
27.45703	0.00000
27.31699	0.00000
27.41032	0.00000
27.31699	0.00000
27.41032	0.00000
27.31699	0.00000
27.31699	0.00000
27.31699	0.00000
27.41032	0.00000
27.31699	0.00000
27.41032	0.00000
27.31699	0.00000
27.31699	0.00000
27.31699	0.00000
27.31699	0.00000
27.31699	0.00000
27.31699	0.00000
27.27038	0.00000
27.31699	0.00000
27.31699	0.00000
27.31699	0.00000
27.31699	0.00000
27.31699	0.00000
27.31699	0.00000
27.41032	0.00000
27.31699	0.00000
27.31699	0.00000
27.31699	0.00000
27.41032	0.00000
27.31699	0.00000
27.41032	0.00000
27.31699	0.00000
27.31699	0.00000
27.31699	0.00000
27.31699	0.00000
27.31699	0.00000
27.41032	0.00000
27.31699	0.00000
27.41032	0.00000
27.31699	0.00000
27.41032	0.00000
27.31699	0.00000
27.41032	0.00000
27.31699	0.00000
27.31699	0.00000
27.31699	0.00000
27.31699	0.00000
27.31699	0.00000
27.31699	0.00000
27.31699	0.00000
27.31699	0.00000
27.31699	0.00000
27.31699	0.00000
27.31699	0.00000
27.31699	0.00000
27.31699	0.00000
27.31699	0.00000
27.31699	0.00000
27.31699	0.00000
27.31699	0.00000
27.31699	0.00000
27.31699	0.00000
27.31699	0.00000
27.31699	0.00000
27.31699	0.00000
27.27038	0.00000
27.31699	0.00000
27.31699	0.00000
27.31699	0.00000
27.31699	0.00000
27.31699	0.00000
27.31699	0.00000
27.41032	0.00000
27.31699	0.00000
27.31699	0.00000
27.31699	0.00000
27.31699	0.00000
27.31699	0.00000
27.41032	0.00000
27.31699	0.00000
27.41032	0.00000
27.31699	0.00000
27.31699	0.00000
27.31699	0.00000
27.31699	0.00000
27.31699	0.00000
27.31699	0.00000
27.31699	0.00000
27.31699	0.00000
27.31699	0.00000
27.31699	0.00000
27.31699	0.00000
27.31699	0.00000
27.27038	0.00000
27.31699	0.00000
27.31699	0.00000
27.31699	0.00000
27.27038	0.00000
27.31699	0.00000
27.31699	0.00000
27.31699	0.00000
27.31699	0.00000
27.41032	0.00000
27.31699	0.00000
27.31699	0.00000
27.31699	0.00000
27.31699	0.00000
27.31699	0.00000
27.31699	0.00000
27.27038	0.00000
27.31699	0.00000
27.31699	0.00000
27.31699	0.00000
27.31699	0.00000
27.41032	0.00000
27.31699	0.00000
27.41032	0.00000
27.31699	0.00000
27.41032	0.00000
27.31699	0.00000
27.41032	0.00000
27.31699	0.00000
27.41032	0.00000
27.31699	0.00000
27.31699	0.00000
27.31699	0.00000
27.31699	0.00000
27.31699	0.00000
27.41032	0.00000
27.31699	0.00000
27.31699	0.00000
27.31699	0.00000
27.31699	0.00000
27.31699	0.00000
27.31699	0.00000
27.31699	0.00000
27.31699	0.00000
27.31699	0.00000
27.31699	0.00000
27.31699	0.00000
27.31699	0.00000
27.27038	0.00000
27.31699	0.00000
27.31699	0.00000
27.31699	0.00000
27.31699	0.00000
27.41032	0.00000
27.31699	0.00000
27.31699	0.00000
27.31699	0.00000
27.31699	0.00000
27.27038	0.00000
27.31699	0.00000
27.31699	0.00000
27.31699	0.00000
27.31699	0.00000
27.41032	0.00000
27.31699	0.00000
27.41032	0.00000
27.31699	0.00000
27.31699	0.00000
27.31699	0.00000
27.31699	0.00000
27.31699	0.00000
27.41032	0.00000
27.31699	0.00000
27.31699	0.00000
27.31699	0.00000
27.31699	0.00000
27.31699	0.00000
27.31699	0.00000
27.31699	0.00000
27.31699	0.00000
27.31699	0.00000
27.41032	0.00000
27.31699	0.00000
27.31699	0.00000
27.31699	0.00000
27.31699	0.00000
27.31699	0.00000
27.31699	0.00000
27.31699	0.00000
27.31699	0.00000
27.31699	0.00000
27.41032	0.00000
27.31699	0.00000
27.41032	0.00000
27.31699	0.00000
27.31699	0.00000
27.31699	0.00000
27.31699	0.00000
27.27038	0.00000
27.31699	0.00000
27.31699	0.00000
27.31699	0.00000
27.31699	0.00000
27.41032	0.00000
27.31699	0.00000
27.31699	0.00000
27.31699	0.00000
27.41032	0.00000
27.31699	0.00000
27.41032	0.00000
27.31699	0.00000
27.31699	0.00000
27.31699	0.00000
27.31699	0.00000
27.31699	0.00000
27.31699	0.00000
27.31699	0.00000
27.31699	0.00000
27.31699	0.00000
27.31699	0.00000
27.31699	0.00000
27.36364	0.00000
27.27038	0.00000
27.31699	0.00000
27.31699	0.00000
27.31699	0.00000
27.31699	0.00000
27.31699	0.00000
27.31699	0.00000
27.31699	0.00000
27.31699	0.00000
27.31699	0.00000
27.31699	0.00000
27.31699	0.00000
27.27038	0.00000
27.31699	0.00000
27.31699	0.00000
27.41032	0.00000
27.27038	0.00000
27.31699	0.00000
27.31699	0.00000
27.31699	0.00000
27.31699	0.00000
27.31699	0.00000
27.31699	0.00000
27.31699	0.00000
27.31699	0.00000
27.31699	0.00000
27.31699	0.00000
27.31699	0.00000
27.31699	0.00000
27.31699	0.00000
27.31699	0.00000
27.31699	0.00000
27.31699	0.00000
27.31699	0.00000
27.31699	0.00000
27.31699	0.00000
27.31699	0.00000
27.41032	0.00000
27.31699	0.00000
27.31699	0.00000
27.31699	0.00000
27.31699	0.00000
27.31699	0.00000
27.31699	0.00000
27.31699	0.00000
27.41032	0.00000
27.31699	0.00000
27.31699	0.00000
27.31699	0.00000
27.31699	0.00000
27.31699	0.00000
27.31699	0.00000
27.31699	0.00000
27.31699	0.00000
27.27038	0.00000
27.31699	0.00000
27.31699	0.00000
27.31699	0.00000
27.31699	0.00000
27.31699	0.00000
27.31699	0.00000
27.31699	0.00000
27.31699	0.00000
27.41032	0.00000
27.31699	0.00000
27.41032	0.00000
27.31699	0.00000
27.31699	0.00000
27.31699	0.00000
27.31699	0.00000
27.31699	0.00000
27.31699	0.00000
27.31699	0.00000
27.31699	0.00000
27.31699	0.00000
27.31699	0.00000
27.31699	0.00000
27.31699	0.00000
27.31699	0.00000
27.31699	0.00000
27.31699	0.00000
27.31699	0.00000
27.31699	0.00000
27.41032	0.00000
27.31699	0.00000
27.31699	0.00000
27.27038	0.00000
27.31699	0.00000
27.31699	0.00000
27.41032	0.00000
27.31699	0.00000
27.31699	0.00000
27.31699	0.00000
27.31699	0.00000
27.31699	0.00000
27.31699	0.00000
27.31699	0.00000
27.31699	0.00000
27.27038	0.00000
27.31699	0.00000
27.31699	0.00000
27.36364	0.00000
27.31699	0.00000
27.41032	0.00000
27.27038	0.00000
27.41032	0.00000
27.31699	0.00000
27.31699	0.00000
27.31699	0.00000
27.31699	0.00000
27.31699	0.00000
27.31699	0.00000
27.31699	0.00000
27.31699	0.00000
27.31699	0.00000
27.41032	0.00000
27.31699	0.00000
27.31699	0.00000
27.31699	0.00000
27.36364	0.00000
27.31699	0.00000
27.31699	0.00000
27.31699	6.25000E-5
27.31699	6.25000E-5
27.31699	6.25000E-5
27.31699	6.25000E-5
27.31699	6.25000E-5
27.31699	6.25000E-5
27.31699	6.25000E-5
27.41032	6.25000E-5
27.31699	6.25000E-5
27.36364	6.25000E-5
27.31699	6.25000E-5
27.31699	6.25000E-5
27.31699	6.25000E-5
27.31699	6.25000E-5
27.31699	6.25000E-5
27.31699	6.25000E-5
27.31699	6.25000E-5
27.31699	6.25000E-5
27.31699	6.25000E-5
27.41032	6.25000E-5
27.31699	6.25000E-5
27.31699	6.25000E-5
27.31699	6.25000E-5
27.31699	6.25000E-5
27.31699	6.25000E-5
27.31699	6.25000E-5
27.31699	6.25000E-5
27.31699	6.25000E-5
27.31699	6.25000E-5
27.41032	6.25000E-5
27.31699	6.25000E-5
27.31699	6.25000E-5
27.31699	6.25000E-5
27.31699	6.25000E-5
27.27038	6.25000E-5
27.31699	6.25000E-5
27.31699	6.25000E-5
27.31699	6.25000E-5
27.27038	6.25000E-5
27.31699	6.25000E-5
27.31699	6.25000E-5
27.31699	6.25000E-5
27.27038	6.25000E-5
27.31699	6.25000E-5
27.31699	6.25000E-5
27.31699	6.25000E-5
27.31699	6.25000E-5
27.31699	6.25000E-5
27.27038	6.25000E-5
27.41032	6.25000E-5
27.31699	6.25000E-5
27.36364	6.25000E-5
27.27038	6.25000E-5
27.31699	6.25000E-5
27.27038	6.25000E-5
27.31699	6.25000E-5
27.31699	6.25000E-5
27.31699	6.25000E-5
27.27038	6.25000E-5
27.41032	6.25000E-5
27.31699	6.25000E-5
27.31699	6.25000E-5
27.31699	6.25000E-5
27.31699	6.25000E-5
27.27038	6.25000E-5
27.31699	6.25000E-5
27.31699	6.25000E-5
27.31699	6.25000E-5
27.27038	6.25000E-5
27.31699	6.25000E-5
27.31699	6.25000E-5
27.31699	6.25000E-5
27.27038	6.25000E-5
27.31699	6.25000E-5
27.31699	6.25000E-5
27.31699	6.25000E-5
27.27038	6.25000E-5
27.41032	6.25000E-5
27.31699	6.25000E-5
27.31699	6.25000E-5
27.31699	6.25000E-5
27.31699	6.25000E-5
27.27038	6.25000E-5
27.41032	6.25000E-5
27.31699	6.25000E-5
27.31699	6.25000E-5
27.27038	6.25000E-5
27.31699	6.25000E-5
27.31699	6.25000E-5
27.31699	6.25000E-5
27.31699	6.25000E-5
27.31699	6.25000E-5
27.31699	6.25000E-5
27.41032	6.25000E-5
27.31699	6.25000E-5
27.31699	6.25000E-5
27.27038	6.25000E-5
27.31699	6.25000E-5
27.27038	6.25000E-5
27.31699	6.25000E-5
27.31699	6.25000E-5
27.31699	6.25000E-5
27.27038	6.25000E-5
27.31699	6.25000E-5
27.31699	6.25000E-5
27.31699	1.25000E-4
27.31699	1.25000E-4
27.31699	1.25000E-4
27.31699	1.25000E-4
27.41032	1.25000E-4
27.31699	1.25000E-4
27.31699	1.25000E-4
27.31699	1.25000E-4
27.31699	1.25000E-4
27.27038	1.25000E-4
27.31699	1.25000E-4
27.31699	1.25000E-4
27.31699	1.25000E-4
27.31699	1.25000E-4
27.31699	1.25000E-4
27.31699	1.25000E-4
27.31699	1.25000E-4
27.27038	1.25000E-4
27.31699	1.25000E-4
27.31699	1.25000E-4
27.31699	1.25000E-4
27.27038	1.25000E-4
27.31699	1.25000E-4
27.31699	1.25000E-4
27.31699	1.25000E-4
27.31699	1.25000E-4
27.31699	1.25000E-4
27.27038	1.25000E-4
27.31699	1.25000E-4
27.31699	1.25000E-4
27.31699	1.25000E-4
27.31699	1.25000E-4
27.31699	1.25000E-4
27.31699	1.25000E-4
27.31699	1.25000E-4
27.31699	1.25000E-4
27.31699	1.25000E-4
27.27038	1.25000E-4
27.31699	1.25000E-4
27.31699	1.25000E-4
27.31699	1.25000E-4
27.31699	1.25000E-4
27.31699	1.25000E-4
27.31699	1.25000E-4
27.31699	1.25000E-4
27.31699	1.25000E-4
27.31699	1.25000E-4
27.31699	1.25000E-4
27.31699	1.25000E-4
27.31699	1.25000E-4
27.31699	1.25000E-4
27.27038	1.25000E-4
27.31699	1.25000E-4
27.31699	1.25000E-4
27.41032	1.25000E-4
27.31699	1.25000E-4
27.31699	1.25000E-4
27.31699	1.25000E-4
27.31699	1.25000E-4
27.31699	1.25000E-4
27.31699	1.25000E-4
27.27038	1.25000E-4
27.31699	1.25000E-4
27.31699	1.25000E-4
27.31699	1.25000E-4
27.31699	1.25000E-4
27.31699	1.25000E-4
27.31699	1.25000E-4
27.41032	1.87500E-4
27.27038	1.87500E-4
27.41032	1.87500E-4
27.27038	1.87500E-4
27.31699	1.87500E-4
27.31699	1.87500E-4
27.31699	1.87500E-4
27.31699	1.87500E-4
27.41032	1.87500E-4
27.27038	1.87500E-4
27.31699	1.87500E-4
27.31699	1.87500E-4
27.31699	1.87500E-4
27.27038	1.87500E-4
27.31699	1.87500E-4
27.27038	1.87500E-4
27.31699	1.87500E-4
27.31699	1.87500E-4
27.31699	1.87500E-4
27.27038	1.87500E-4
27.31699	1.87500E-4
27.31699	1.87500E-4
27.31699	1.87500E-4
27.31699	1.87500E-4
27.31699	1.87500E-4
27.31699	1.87500E-4
27.31699	1.87500E-4
27.27038	1.87500E-4
27.31699	1.87500E-4
27.27038	1.87500E-4
27.41032	1.87500E-4
27.31699	1.87500E-4
27.31699	1.87500E-4
27.31699	1.87500E-4
27.31699	1.87500E-4
27.31699	1.87500E-4
27.31699	1.87500E-4
27.31699	1.87500E-4
27.31699	1.87500E-4
27.31699	1.87500E-4
27.41032	1.87500E-4
27.27038	1.87500E-4
27.31699	1.87500E-4
27.31699	1.87500E-4
27.31699	1.87500E-4
27.31699	1.87500E-4
27.31699	1.87500E-4
27.31699	1.87500E-4
27.31699	1.87500E-4
27.31699	1.87500E-4
27.31699	1.87500E-4
27.31699	1.87500E-4
27.31699	1.87500E-4
27.31699	1.87500E-4
27.31699	1.87500E-4
27.27038	1.87500E-4
27.41032	1.87500E-4
27.27038	1.87500E-4
27.31699	1.87500E-4
27.31699	1.87500E-4
27.31699	1.87500E-4
27.31699	1.87500E-4
27.31699	1.87500E-4
27.31699	2.50000E-4
27.31699	2.50000E-4
27.31699	2.50000E-4
27.36364	2.50000E-4
27.31699	2.50000E-4
27.31699	2.50000E-4
27.31699	2.50000E-4
27.41032	2.50000E-4
27.31699	2.50000E-4
27.31699	2.50000E-4
27.27038	2.50000E-4
27.31699	2.50000E-4
27.27038	2.50000E-4
27.31699	2.50000E-4
27.31699	2.50000E-4
27.31699	2.50000E-4
27.31699	2.50000E-4
27.31699	2.50000E-4
27.31699	2.50000E-4
27.31699	2.50000E-4
27.31699	2.50000E-4
27.31699	2.50000E-4
27.31699	2.50000E-4
27.31699	2.50000E-4
27.31699	2.50000E-4
27.41032	2.50000E-4
27.31699	2.50000E-4
27.31699	2.50000E-4
27.31699	2.50000E-4
27.31699	2.50000E-4
27.31699	2.50000E-4
27.41032	2.50000E-4
27.31699	2.50000E-4
27.31699	2.50000E-4
27.31699	2.50000E-4
27.31699	2.50000E-4
27.31699	2.50000E-4
27.31699	2.50000E-4
27.31699	2.50000E-4
27.41032	2.50000E-4
27.31699	2.50000E-4
27.41032	2.50000E-4
27.31699	2.50000E-4
27.31699	2.50000E-4
27.31699	2.50000E-4
27.31699	2.50000E-4
27.31699	2.50000E-4
27.41032	2.50000E-4
27.31699	2.50000E-4
27.31699	2.50000E-4
27.31699	2.50000E-4
27.31699	2.50000E-4
27.31699	2.50000E-4
27.31699	2.50000E-4
27.31699	2.50000E-4
27.31699	2.50000E-4
27.31699	2.50000E-4
27.31699	2.50000E-4
27.31699	2.50000E-4
27.31699	2.50000E-4
27.31699	2.50000E-4
27.31699	2.50000E-4
27.31699	2.50000E-4
27.41032	2.50000E-4
27.31699	3.12500E-4
27.31699	3.12500E-4
27.31699	3.12500E-4
27.41032	3.12500E-4
27.31699	3.12500E-4
27.41032	3.12500E-4
27.31699	3.12500E-4
27.41032	3.12500E-4
27.31699	3.12500E-4
27.31699	3.12500E-4
27.31699	3.12500E-4
27.31699	3.12500E-4
27.31699	3.12500E-4
27.31699	3.12500E-4
27.31699	3.12500E-4
27.31699	3.12500E-4
27.31699	3.12500E-4
27.31699	3.12500E-4
27.31699	3.12500E-4
27.31699	3.12500E-4
27.31699	3.12500E-4
27.31699	3.12500E-4
27.31699	3.12500E-4
27.41032	3.12500E-4
27.31699	3.12500E-4
27.31699	3.12500E-4
27.31699	3.12500E-4
27.31699	3.12500E-4
27.31699	3.12500E-4
27.31699	3.12500E-4
27.36364	3.12500E-4
27.31699	3.12500E-4
27.31699	3.12500E-4
27.31699	3.12500E-4
27.31699	3.12500E-4
27.41032	3.12500E-4
27.31699	3.12500E-4
27.41032	3.12500E-4
27.31699	3.12500E-4
27.31699	3.12500E-4
27.31699	3.12500E-4
27.31699	3.12500E-4
27.31699	3.12500E-4
27.31699	3.12500E-4
27.31699	3.12500E-4
27.45703	3.12500E-4
27.31699	3.12500E-4
27.41032	3.12500E-4
27.36364	3.12500E-4
27.31699	3.12500E-4
27.36364	3.12500E-4
27.36364	3.12500E-4
27.31699	3.12500E-4
27.41032	3.12500E-4
27.31699	3.12500E-4
27.41032	3.12500E-4
27.31699	3.12500E-4
27.41032	3.12500E-4
27.31699	3.75000E-4
27.41032	3.75000E-4
27.31699	3.75000E-4
27.41032	3.75000E-4
27.31699	3.75000E-4
27.31699	3.75000E-4
27.31699	3.75000E-4
27.31699	3.75000E-4
27.36364	3.75000E-4
27.31699	3.75000E-4
27.36364	3.75000E-4
27.41032	3.75000E-4
27.36364	3.75000E-4
27.41032	3.75000E-4
27.31699	3.75000E-4
27.31699	3.75000E-4
27.31699	3.75000E-4
27.31699	3.75000E-4
27.31699	3.75000E-4
27.41032	3.75000E-4
27.31699	3.75000E-4
27.41032	3.75000E-4
27.31699	3.75000E-4
27.45703	3.75000E-4
27.31699	3.75000E-4
27.41032	3.75000E-4
27.31699	3.75000E-4
27.41032	3.75000E-4
27.31699	3.75000E-4
27.41032	3.75000E-4
27.31699	3.75000E-4
27.45703	3.75000E-4
27.31699	3.75000E-4
27.41032	3.75000E-4
27.31699	3.75000E-4
27.31699	3.75000E-4
27.36364	3.75000E-4
27.41032	3.75000E-4
27.36364	3.75000E-4
27.31699	3.75000E-4
27.36364	3.75000E-4
27.31699	3.75000E-4
27.31699	3.75000E-4
27.41032	3.75000E-4
27.31699	4.37500E-4
27.41032	4.37500E-4
27.31699	4.37500E-4
27.41032	4.37500E-4
27.31699	4.37500E-4
27.41032	4.37500E-4
27.31699	4.37500E-4
27.41032	4.37500E-4
27.31699	4.37500E-4
27.41032	4.37500E-4
27.31699	4.37500E-4
27.45703	4.37500E-4
27.36364	5.00000E-4
27.31699	4.37500E-4
27.41032	4.37500E-4
27.41032	4.37500E-4
27.31699	4.37500E-4
27.41032	4.37500E-4
27.31699	4.37500E-4
27.45703	4.37500E-4
27.31699	4.37500E-4
27.45703	4.37500E-4
27.31699	4.37500E-4
27.45703	4.37500E-4
27.31699	4.37500E-4
27.41032	4.37500E-4
27.31699	4.37500E-4
27.45703	4.37500E-4
27.31699	4.37500E-4
27.45703	4.37500E-4
27.36364	4.37500E-4
27.41032	4.37500E-4
27.36364	4.37500E-4
27.41032	4.37500E-4
27.36364	4.37500E-4
27.41032	4.37500E-4
27.31699	4.37500E-4
27.41032	4.37500E-4
27.36364	4.37500E-4
27.41032	4.37500E-4
27.36364	4.37500E-4
27.45703	4.37500E-4
27.31699	4.37500E-4
27.41032	4.37500E-4
27.36364	4.37500E-4
27.41032	4.37500E-4
27.36364	4.37500E-4
27.45703	4.37500E-4
27.31699	4.37500E-4
27.45703	5.00000E-4
27.41032	5.00000E-4
27.31699	5.00000E-4
27.36364	5.00000E-4
27.45703	5.00000E-4
27.36364	5.00000E-4
27.45703	5.00000E-4
27.36364	5.00000E-4
27.41032	5.00000E-4
27.36364	5.00000E-4
27.45703	5.00000E-4
27.31699	5.00000E-4
27.45703	5.00000E-4
27.36364	5.00000E-4
27.41032	5.00000E-4
27.36364	5.00000E-4
27.45703	5.00000E-4
27.41032	5.00000E-4
27.41032	5.00000E-4
27.36364	5.00000E-4
27.45703	5.00000E-4
27.31699	5.00000E-4
27.45703	5.00000E-4
27.36364	5.00000E-4
27.45703	5.00000E-4
27.45703	5.00000E-4
27.45703	5.00000E-4
27.41032	5.00000E-4
27.45703	5.00000E-4
27.41032	5.00000E-4
27.50376	5.00000E-4
27.36364	5.00000E-4
27.45703	5.00000E-4
27.36364	5.00000E-4
27.41032	5.00000E-4
27.36364	5.00000E-4
27.45703	5.00000E-4
27.36364	5.00000E-4
27.45703	5.00000E-4
27.41032	5.00000E-4
27.45703	5.00000E-4
27.41032	5.00000E-4
27.45703	5.00000E-4
27.41032	5.00000E-4
27.45703	5.00000E-4
27.36364	5.00000E-4
27.45703	5.00000E-4
27.31699	5.00000E-4
27.45703	5.00000E-4
27.41032	5.00000E-4
27.45703	5.00000E-4
27.36364	5.00000E-4
27.45703	5.00000E-4
27.41032	5.00000E-4
27.50376	5.00000E-4
27.36364	5.00000E-4
27.45703	5.00000E-4
27.41032	5.00000E-4
27.45703	5.00000E-4
27.41032	5.00000E-4
27.50376	5.00000E-4
27.41032	5.62500E-4
27.45703	5.62500E-4
27.45703	5.62500E-4
27.50376	5.62500E-4
27.41032	5.62500E-4
27.45703	5.62500E-4
27.45703	5.62500E-4
27.45703	5.62500E-4
27.41032	5.62500E-4
27.45703	5.62500E-4
27.45703	5.62500E-4
27.50376	5.62500E-4
27.36364	5.62500E-4
27.50376	5.62500E-4
27.41032	5.62500E-4
27.45703	5.62500E-4
27.45703	5.62500E-4
27.41032	5.62500E-4
27.41032	5.62500E-4
27.41032	5.62500E-4
27.41032	5.62500E-4
27.45703	5.62500E-4
27.45703	5.62500E-4
27.50376	5.62500E-4
27.45703	5.62500E-4
27.50376	5.62500E-4
27.41032	5.62500E-4
27.45703	5.62500E-4
27.45703	5.62500E-4
27.50376	5.62500E-4
27.41032	5.62500E-4
27.50376	5.62500E-4
27.41032	5.62500E-4
27.50376	5.62500E-4
27.45703	5.62500E-4
27.45703	5.62500E-4
27.45703	5.62500E-4
27.50376	5.62500E-4
27.41032	5.62500E-4
27.50376	5.62500E-4
27.41032	5.62500E-4
27.50376	5.62500E-4
27.45703	5.62500E-4
27.50376	5.62500E-4
27.45703	5.62500E-4
27.50376	5.62500E-4
27.45703	5.62500E-4
27.50376	5.62500E-4
27.45703	5.62500E-4
27.50376	5.62500E-4
27.45703	5.62500E-4
27.50376	5.62500E-4
27.45703	5.62500E-4
27.50376	5.62500E-4
27.45703	5.62500E-4
27.50376	6.25000E-4
27.45703	6.25000E-4
27.50376	6.25000E-4
27.45703	6.25000E-4
27.50376	6.25000E-4
27.41032	6.25000E-4
27.50376	6.25000E-4
27.45703	6.25000E-4
27.50376	6.25000E-4
27.45703	6.25000E-4
27.50376	6.25000E-4
27.45703	6.25000E-4
27.50376	6.25000E-4
27.45703	6.25000E-4
27.50376	6.25000E-4
27.45703	6.25000E-4
27.50376	6.25000E-4
27.45703	6.25000E-4
27.50376	6.25000E-4
27.45703	6.25000E-4
27.50376	6.25000E-4
27.45703	6.25000E-4
27.50376	6.25000E-4
27.45703	6.25000E-4
27.50376	6.25000E-4
27.45703	6.25000E-4
27.55053	6.25000E-4
27.45703	6.25000E-4
27.50376	6.25000E-4
27.45703	6.25000E-4
27.50376	6.25000E-4
27.45703	6.25000E-4
27.50376	6.25000E-4
27.45703	6.25000E-4
27.50376	6.25000E-4
27.45703	6.25000E-4
27.55053	6.25000E-4
27.45703	6.25000E-4
27.50376	6.25000E-4
27.45703	6.25000E-4
27.50376	6.25000E-4
27.45703	6.25000E-4
27.50376	6.25000E-4
27.45703	6.25000E-4
27.50376	6.25000E-4
27.45703	6.25000E-4
27.50376	6.25000E-4
27.45703	6.25000E-4
27.50376	6.25000E-4
27.45703	6.25000E-4
27.50376	6.25000E-4
27.45703	6.25000E-4
27.50376	6.25000E-4
27.45703	6.25000E-4
27.50376	6.25000E-4
27.45703	6.25000E-4
27.55053	6.25000E-4
27.45703	6.25000E-4
27.50376	6.87500E-4
27.45703	6.87500E-4
27.55053	6.87500E-4
27.45703	6.87500E-4
27.55053	6.87500E-4
27.45703	6.87500E-4
27.50376	6.87500E-4
27.45703	6.87500E-4
27.59733	6.87500E-4
27.45703	6.87500E-4
27.55053	6.87500E-4
27.45703	6.87500E-4
27.50376	6.87500E-4
27.45703	6.87500E-4
27.50376	6.87500E-4
27.45703	6.87500E-4
27.50376	6.87500E-4
27.50376	6.87500E-4
27.55053	6.87500E-4
27.45703	6.87500E-4
27.50376	6.87500E-4
27.50376	6.87500E-4
27.55053	6.87500E-4
27.50376	6.87500E-4
27.55053	6.87500E-4
27.45703	6.87500E-4
27.55053	6.87500E-4
27.45703	6.87500E-4
27.59733	6.87500E-4
27.50376	6.87500E-4
27.55053	6.87500E-4
27.45703	6.87500E-4
27.50376	6.87500E-4
27.45703	6.87500E-4
27.50376	6.87500E-4
27.55053	6.87500E-4
27.50376	6.87500E-4
27.50376	6.87500E-4
27.55053	6.87500E-4
27.45703	6.87500E-4
27.55053	6.87500E-4
27.50376	6.87500E-4
27.50376	6.87500E-4
27.50376	6.87500E-4
27.59733	6.87500E-4
27.50376	6.87500E-4
27.55053	6.87500E-4
27.45703	6.87500E-4
27.59733	6.87500E-4
27.50376	6.87500E-4
27.59733	6.87500E-4
27.50376	6.87500E-4
27.59733	7.50000E-4
27.50376	7.50000E-4
27.59733	7.50000E-4
27.50376	7.50000E-4
27.59733	7.50000E-4
27.55053	7.50000E-4
27.59733	7.50000E-4
27.50376	7.50000E-4
27.59733	7.50000E-4
27.50376	7.50000E-4
27.55053	7.50000E-4
27.50376	7.50000E-4
27.55053	7.50000E-4
27.55053	7.50000E-4
27.59733	7.50000E-4
27.55053	7.50000E-4
27.59733	7.50000E-4
27.55053	7.50000E-4
27.59733	7.50000E-4
27.50376	7.50000E-4
27.59733	7.50000E-4
27.50376	7.50000E-4
27.59733	7.50000E-4
27.50376	7.50000E-4
27.59733	7.50000E-4
27.50376	7.50000E-4
27.55053	7.50000E-4
27.55053	7.50000E-4
27.59733	7.50000E-4
27.55053	7.50000E-4
27.59733	7.50000E-4
27.55053	7.50000E-4
27.59733	7.50000E-4
27.55053	7.50000E-4
27.59733	7.50000E-4
27.55053	7.50000E-4
27.59733	7.50000E-4
27.55053	7.50000E-4
27.59733	7.50000E-4
27.50376	7.50000E-4
27.64416	7.50000E-4
27.50376	7.50000E-4
27.59733	8.12500E-4
27.55053	7.50000E-4
27.59733	7.50000E-4
27.55053	7.50000E-4
27.64416	7.50000E-4
27.50376	7.50000E-4
27.59733	7.50000E-4
27.50376	7.50000E-4
27.59733	7.50000E-4
27.55053	7.50000E-4
27.59733	7.50000E-4
27.55053	7.50000E-4
27.64416	8.12500E-4
27.55053	8.12500E-4
27.59733	8.12500E-4
27.55053	8.12500E-4
27.64416	8.12500E-4
27.55053	8.12500E-4
27.59733	8.12500E-4
27.55053	8.12500E-4
27.59733	8.12500E-4
27.55053	8.12500E-4
27.64416	8.12500E-4
27.55053	8.12500E-4
27.64416	8.12500E-4
27.55053	8.12500E-4
27.59733	8.12500E-4
27.55053	8.12500E-4
27.64416	8.12500E-4
27.55053	8.12500E-4
27.59733	8.12500E-4
27.55053	8.12500E-4
27.59733	8.12500E-4
27.59733	8.12500E-4
27.64416	8.12500E-4
27.59733	8.12500E-4
27.59733	8.12500E-4
27.55053	8.12500E-4
27.59733	8.12500E-4
27.55053	8.12500E-4
27.64416	8.12500E-4
27.55053	8.12500E-4
27.59733	8.12500E-4
27.55053	8.12500E-4
27.69102	8.12500E-4
27.55053	8.12500E-4
27.59733	8.12500E-4
27.55053	8.12500E-4
27.64416	8.12500E-4
27.55053	8.12500E-4
27.64416	8.12500E-4
27.55053	8.12500E-4
27.59733	8.12500E-4
27.59733	8.12500E-4
27.64416	8.12500E-4
27.59733	8.12500E-4
27.69102	8.12500E-4
27.55053	8.12500E-4
27.64416	8.75000E-4
27.59733	8.12500E-4
27.69102	8.12500E-4
27.59733	8.12500E-4
27.64416	8.12500E-4
27.59733	8.12500E-4
27.69102	8.12500E-4
27.59733	8.12500E-4
27.64416	8.12500E-4
27.59733	8.75000E-4
27.69102	8.75000E-4
27.59733	8.75000E-4
27.69102	8.75000E-4
27.64416	8.75000E-4
27.64416	8.75000E-4
27.64416	8.75000E-4
27.69102	8.75000E-4
27.59733	8.75000E-4
27.69102	8.75000E-4
27.59733	8.75000E-4
27.64416	8.75000E-4
27.64416	8.75000E-4
27.69102	8.75000E-4
27.64416	8.75000E-4
27.69102	8.75000E-4
27.59733	8.75000E-4
27.69102	8.75000E-4
27.64416	8.75000E-4
27.69102	8.75000E-4
27.59733	8.75000E-4
27.69102	8.75000E-4
27.64416	8.75000E-4
27.69102	8.75000E-4
27.59733	8.75000E-4
27.69102	8.75000E-4
27.64416	8.75000E-4
27.69102	8.75000E-4
27.64416	8.75000E-4
27.69102	8.75000E-4
27.64416	8.75000E-4
27.69102	8.75000E-4
27.64416	8.75000E-4
27.69102	8.75000E-4
27.64416	8.75000E-4
27.69102	8.75000E-4
27.64416	8.75000E-4
27.69102	8.75000E-4
27.64416	8.75000E-4
27.69102	8.75000E-4
27.64416	8.75000E-4
27.69102	8.75000E-4
27.64416	8.75000E-4
27.69102	8.75000E-4
27.64416	8.75000E-4
27.69102	8.75000E-4
27.64416	8.75000E-4
27.69102	8.75000E-4
27.64416	8.75000E-4
27.69102	8.75000E-4
27.64416	8.75000E-4
27.69102	8.75000E-4
27.64416	8.75000E-4
27.69102	8.75000E-4
27.64416	8.75000E-4
27.69102	8.75000E-4
27.64416	8.75000E-4
27.69102	8.75000E-4
27.64416	8.75000E-4
27.69102	8.75000E-4
27.64416	9.37500E-4
27.69102	9.37500E-4
27.64416	9.37500E-4
27.69102	9.37500E-4
27.64416	9.37500E-4
27.69102	9.37500E-4
27.64416	9.37500E-4
27.69102	9.37500E-4
27.64416	9.37500E-4
27.69102	9.37500E-4
27.69102	9.37500E-4
27.69102	9.37500E-4
27.64416	9.37500E-4
27.69102	9.37500E-4
27.69102	9.37500E-4
27.69102	9.37500E-4
27.64416	9.37500E-4
27.69102	9.37500E-4
27.69102	9.37500E-4
27.69102	9.37500E-4
27.69102	9.37500E-4
27.69102	9.37500E-4
27.64416	9.37500E-4
27.69102	9.37500E-4
27.69102	9.37500E-4
27.69102	9.37500E-4
27.69102	9.37500E-4
27.69102	9.37500E-4
27.64416	9.37500E-4
27.69102	9.37500E-4
27.69102	9.37500E-4
27.69102	9.37500E-4
27.64416	9.37500E-4
27.69102	9.37500E-4
27.69102	9.37500E-4
27.69102	9.37500E-4
27.69102	9.37500E-4
27.69102	9.37500E-4
27.69102	9.37500E-4
27.69102	9.37500E-4
27.69102	9.37500E-4
27.69102	9.37500E-4
27.69102	9.37500E-4
27.78483	9.37500E-4
27.69102	9.37500E-4
27.69102	9.37500E-4
27.69102	9.37500E-4
27.78483	9.37500E-4
27.69102	9.37500E-4
27.69102	9.37500E-4
27.69102	0.00100
27.69102	0.00100
27.69102	0.00100
27.78483	0.00100
27.69102	0.00100
27.69102	0.00100
27.69102	0.00100
27.78483	0.00100
27.69102	0.00100
27.69102	0.00100
27.69102	0.00100
27.69102	0.00100
27.69102	0.00100
27.69102	0.00100
27.69102	0.00100
27.69102	0.00100
27.69102	0.00100
27.78483	0.00100
27.69102	0.00100
27.78483	0.00100
27.69102	0.00100
27.69102	0.00100
27.69102	0.00100
27.78483	0.00100
27.69102	0.00100
27.78483	0.00100
27.69102	0.00100
27.78483	0.00100
27.69102	0.00100
27.69102	0.00100
27.69102	0.00100
27.78483	0.00100
27.69102	0.00100
27.78483	0.00100
27.69102	0.00100
27.78483	0.00100
27.73791	0.00100
27.83178	0.00100
27.69102	0.00100
27.83178	0.00100
27.69102	0.00100
27.78483	0.00100
27.69102	0.00100
27.78483	0.00100
27.69102	0.00100
27.83178	0.00100
27.78483	0.00100
27.83178	0.00100
27.69102	0.00100
27.78483	0.00100
27.69102	0.00100
27.83178	0.00100
27.69102	0.00100
27.83178	0.00100
27.73791	0.00100
27.83178	0.00100
27.73791	0.00100
27.83178	0.00100
27.73791	0.00100
27.83178	0.00106
27.69102	0.00106
27.83178	0.00106
27.78483	0.00106
27.83178	0.00106
27.73791	0.00106
27.87876	0.00106
27.78483	0.00106
27.87876	0.00106
27.78483	0.00106
27.83178	0.00106
27.78483	0.00106
27.87876	0.00106
27.78483	0.00106
27.87876	0.00106
27.73791	0.00106
27.78483	0.00106
27.73791	0.00106
27.83178	0.00106
27.73791	0.00106
27.87876	0.00106
27.78483	0.00106
27.87876	0.00106
27.83178	0.00106
27.87876	0.00106
27.83178	0.00106
27.87876	0.00106
27.83178	0.00106
27.87876	0.00106
27.83178	0.00106
27.87876	0.00106
27.78483	0.00106
27.87876	0.00106
27.83178	0.00106
27.87876	0.00106
27.83178	0.00106
27.87876	0.00106
27.83178	0.00106
27.87876	0.00106
27.83178	0.00106
27.87876	0.00106
27.83178	0.00106
27.87876	0.00106
27.83178	0.00106
27.87876	0.00106
27.83178	0.00106
27.87876	0.00112
27.83178	0.00112
27.87876	0.00112
27.83178	0.00106
27.87876	0.00112
27.83178	0.00112
27.87876	0.00112
27.83178	0.00112
27.87876	0.00112
27.83178	0.00112
27.87876	0.00112
27.83178	0.00112
27.87876	0.00112
27.83178	0.00112
27.87876	0.00112
27.83178	0.00112
27.87876	0.00112
27.83178	0.00112
27.87876	0.00112
27.83178	0.00112
27.87876	0.00112
27.83178	0.00112
27.92577	0.00112
27.83178	0.00112
27.92577	0.00112
27.87876	0.00112
27.92577	0.00112
27.83178	0.00112
27.92577	0.00112
27.83178	0.00112
27.87876	0.00112
27.83178	0.00112
27.87876	0.00112
27.83178	0.00112
27.87876	0.00112
27.87876	0.00112
27.87876	0.00112
27.87876	0.00112
27.97282	0.00112
27.92577	0.00112
27.97282	0.00112
27.83178	0.00112
27.97282	0.00112
27.87876	0.00112
27.97282	0.00112
27.83178	0.00112
27.97282	0.00112
27.83178	0.00112
27.97282	0.00112
27.87876	0.00112
27.97282	0.00112
27.83178	0.00112
27.97282	0.00112
27.87876	0.00112
27.97282	0.00112
27.87876	0.00112
27.97282	0.00112
27.87876	0.00112
27.97282	0.00112
27.87876	0.00112
27.97282	0.00112
27.87876	0.00112
27.97282	0.00112
27.87876	0.00119
27.97282	0.00119
27.87876	0.00119
27.97282	0.00119
27.87876	0.00119
27.97282	0.00119
27.92577	0.00119
27.92577	0.00119
27.92577	0.00119
27.97282	0.00119
27.92577	0.00119
27.97282	0.00119
27.87876	0.00119
27.97282	0.00119
27.87876	0.00119
27.97282	0.00119
27.87876	0.00119
27.97282	0.00119
27.92577	0.00119
27.97282	0.00119
27.92577	0.00119
28.01989	0.00119
27.87876	0.00119
27.97282	0.00119
27.92577	0.00119
27.97282	0.00119
27.92577	0.00119
27.97282	0.00119
27.92577	0.00119
27.97282	0.00119
27.92577	0.00119
27.97282	0.00119
27.92577	0.00119
27.97282	0.00119
27.92577	0.00119
28.01989	0.00119
27.92577	0.00119
28.01989	0.00119
27.92577	0.00119
27.97282	0.00119
27.92577	0.00119
28.01989	0.00119
27.92577	0.00119
28.01989	0.00119
27.92577	0.00119
28.01989	0.00119
27.92577	0.00119
28.01989	0.00119
27.92577	0.00119
28.06700	0.00119
28.01989	0.00119
28.01989	0.00125
27.92577	0.00125
28.06700	0.00125
27.92577	0.00125
28.01989	0.00125
27.92577	0.00125
27.97282	0.00125
27.97282	0.00125
28.01989	0.00125
28.01989	0.00125
28.01989	0.00125
27.97282	0.00125
28.06700	0.00125
27.97282	0.00125
28.06700	0.00125
27.92577	0.00125
28.06700	0.00125
28.01989	0.00125
28.06700	0.00125
28.01989	0.00125
28.01989	0.00125
28.01989	0.00125
28.06700	0.00125
28.01989	0.00125
28.06700	0.00125
28.01989	0.00125
28.06700	0.00125
28.01989	0.00125
28.01989	0.00125
28.01989	0.00125
28.06700	0.00125
28.01989	0.00125
28.06700	0.00125
28.01989	0.00125
28.06700	0.00125
28.01989	0.00125
28.06700	0.00125
28.01989	0.00125
28.06700	0.00125
28.01989	0.00125
28.06700	0.00125
28.01989	0.00125
28.06700	0.00125
28.01989	0.00125
28.06700	0.00125
28.01989	0.00125
28.06700	0.00125
28.01989	0.00125
28.06700	0.00125
28.01989	0.00125
28.06700	0.00125
28.01989	0.00125
28.06700	0.00125
28.01989	0.00125
28.06700	0.00125
28.01989	0.00125
28.06700	0.00131
28.01989	0.00131
28.06700	0.00131
28.01989	0.00131
28.06700	0.00131
28.06700	0.00131
28.06700	0.00131
28.01989	0.00131
28.06700	0.00131
28.01989	0.00131
28.06700	0.00131
28.06700	0.00131
28.06700	0.00131
28.01989	0.00131
28.06700	0.00131
28.01989	0.00131
28.06700	0.00131
28.06700	0.00131
28.06700	0.00131
28.01989	0.00131
28.06700	0.00131
28.01989	0.00131
28.06700	0.00131
28.06700	0.00131
28.06700	0.00131
28.06700	0.00131
28.16131	0.00131
28.01989	0.00131
28.06700	0.00131
28.06700	0.00131
28.16131	0.00131
28.06700	0.00131
28.06700	0.00131
28.06700	0.00131
28.06700	0.00131
28.01989	0.00131
28.16131	0.00131
28.11414	0.00131
28.16131	0.00131
28.06700	0.00131
28.06700	0.00131
28.06700	0.00131
28.06700	0.00131
28.06700	0.00131
28.06700	0.00131
28.06700	0.00131
28.16131	0.00131
28.06700	0.00131
28.16131	0.00131
28.06700	0.00131
28.06700	0.00131
28.06700	0.00131
28.16131	0.00131
28.11414	0.00131
28.06700	0.00137
28.11414	0.00137
28.16131	0.00137
28.06700	0.00137
28.20851	0.00137
28.06700	0.00137
28.16131	0.00137
28.11414	0.00137
28.20851	0.00137
28.06700	0.00137
28.16131	0.00137
28.11414	0.00137
28.20851	0.00137
28.11414	0.00137
28.16131	0.00137
28.11414	0.00137
28.16131	0.00137
28.06700	0.00137
28.20851	0.00137
28.11414	0.00137
28.16131	0.00137
28.16131	0.00137
28.20851	0.00137
28.16131	0.00137
28.20851	0.00137
28.11414	0.00137
28.20851	0.00137
28.20851	0.00137
28.25575	0.00137
28.11414	0.00137
28.20851	0.00137
28.16131	0.00137
28.25575	0.00137
28.16131	0.00137
28.25575	0.00137
28.16131	0.00137
28.25575	0.00137
28.16131	0.00137
28.20851	0.00137
28.16131	0.00137
28.25575	0.00137
28.11414	0.00137
28.25575	0.00137
28.16131	0.00137
28.20851	0.00137
28.20851	0.00137
28.25575	0.00137
28.16131	0.00137
28.25575	0.00137
28.20851	0.00137
28.25575	0.00137
28.16131	0.00137
28.25575	0.00137
28.20851	0.00137
28.25575	0.00137
28.16131	0.00137
28.25575	0.00144
28.20851	0.00144
28.25575	0.00144
28.20851	0.00144
28.25575	0.00144
28.20851	0.00144
28.25575	0.00144
28.20851	0.00144
28.25575	0.00144
28.20851	0.00144
28.25575	0.00144
28.20851	0.00144
28.30301	0.00144
28.16131	0.00144
28.25575	0.00144
28.20851	0.00144
28.25575	0.00144
28.20851	0.00144
28.30301	0.00144
28.20851	0.00144
28.25575	0.00144
28.20851	0.00144
28.25575	0.00144
28.20851	0.00144
28.30301	0.00144
28.20851	0.00144
28.25575	0.00144
28.20851	0.00144
28.25575	0.00144
28.20851	0.00144
28.30301	0.00144
28.20851	0.00144
28.30301	0.00144
28.20851	0.00144
28.25575	0.00144
28.25575	0.00144
28.25575	0.00144
28.25575	0.00144
28.30301	0.00144
28.20851	0.00144
28.30301	0.00144
28.25575	0.00144
28.30301	0.00144
28.25575	0.00144
28.35031	0.00144
28.20851	0.00144
28.35031	0.00144
28.25575	0.00144
28.35031	0.00144
28.25575	0.00144
28.30301	0.00144
28.25575	0.00144
28.35031	0.00150
28.25575	0.00150
28.35031	0.00150
28.25575	0.00150
28.35031	0.00150
28.25575	0.00150
28.30301	0.00150
28.25575	0.00150
28.35031	0.00150
28.25575	0.00150
28.35031	0.00150
28.30301	0.00150
28.35031	0.00150
28.25575	0.00150
28.35031	0.00150
28.25575	0.00150
28.35031	0.00150
28.30301	0.00150
28.35031	0.00150
28.25575	0.00150
28.35031	0.00150
28.25575	0.00150
28.35031	0.00150
28.25575	0.00150
28.35031	0.00150
28.25575	0.00150
28.35031	0.00150
28.30301	0.00150
28.35031	0.00150
28.30301	0.00150
28.39765	0.00150
28.30301	0.00150
28.35031	0.00150
28.30301	0.00150
28.39765	0.00150
28.30301	0.00150
28.39765	0.00150
28.30301	0.00150
28.35031	0.00150
28.35031	0.00150
28.39765	0.00150
28.25575	0.00150
28.39765	0.00150
28.30301	0.00150
28.44501	0.00150
28.39765	0.00150
28.35031	0.00150
28.35031	0.00150
28.44501	0.00150
28.30301	0.00150
28.39765	0.00150
28.30301	0.00150
28.44501	0.00150
28.35031	0.00150
28.39765	0.00150
28.35031	0.00150
28.39765	0.00156
28.39765	0.00156
28.44501	0.00156
28.35031	0.00156
28.44501	0.00156
28.39765	0.00156
28.44501	0.00156
28.39765	0.00156
28.44501	0.00156
28.35031	0.00156
28.44501	0.00156
28.35031	0.00156
28.44501	0.00156
28.35031	0.00156
28.44501	0.00156
28.39765	0.00156
28.44501	0.00156
28.39765	0.00156
28.44501	0.00156
28.39765	0.00156
28.44501	0.00156
28.39765	0.00156
28.44501	0.00156
28.39765	0.00156
28.44501	0.00156
28.39765	0.00156
28.44501	0.00156
28.39765	0.00156
28.44501	0.00156
28.39765	0.00156
28.44501	0.00156
28.39765	0.00156
28.44501	0.00156
28.39765	0.00156
28.44501	0.00156
28.39765	0.00156
28.44501	0.00156
28.39765	0.00156
28.44501	0.00156
28.39765	0.00156
28.44501	0.00156
28.39765	0.00156
28.44501	0.00156
28.39765	0.00156
28.44501	0.00156
28.39765	0.00156
28.44501	0.00156
28.39765	0.00156
28.44501	0.00156
28.44501	0.00156
28.44501	0.00156
28.44501	0.00156
28.44501	0.00156
28.44501	0.00156
28.44501	0.00156
28.44501	0.00162
28.44501	0.00162
28.44501	0.00162
28.44501	0.00162
28.44501	0.00162
28.44501	0.00162
28.44501	0.00162
28.44501	0.00162
28.39765	0.00162
28.44501	0.00162
28.44501	0.00162
28.44501	0.00162
28.44501	0.00162
28.44501	0.00162
28.49241	0.00162
28.44501	0.00162
28.49241	0.00162
28.44501	0.00162
28.39765	0.00162
28.44501	0.00162
28.44501	0.00162
28.53984	0.00162
28.49241	0.00162
28.58730	0.00162
28.49241	0.00162
28.53984	0.00162
28.44501	0.00162
28.53984	0.00162
28.49241	0.00162
28.44501	0.00162
28.49241	0.00162
28.44501	0.00162
28.44501	0.00162
28.44501	0.00162
28.49241	0.00162
28.53984	0.00162
28.49241	0.00162
28.44501	0.00162
28.49241	0.00162
28.58730	0.00162
28.49241	0.00162
28.58730	0.00162
28.49241	0.00162
28.53984	0.00162
28.49241	0.00162
28.58730	0.00162
28.49241	0.00162
28.58730	0.00162
28.49241	0.00162
28.53984	0.00162
28.53984	0.00162
28.58730	0.00162
28.49241	0.00162
28.58730	0.00162
28.53984	0.00162
28.58730	0.00162
28.53984	0.00169
28.58730	0.00169
28.53984	0.00169
28.63480	0.00169
28.49241	0.00169
28.58730	0.00169
28.53984	0.00169
28.63480	0.00169
28.49241	0.00169
28.63480	0.00169
28.49241	0.00169
28.63480	0.00169
28.49241	0.00169
28.63480	0.00169
28.49241	0.00169
28.58730	0.00169
28.53984	0.00169
28.63480	0.00169
28.53984	0.00169
28.63480	0.00169
28.53984	0.00169
28.63480	0.00169
28.58730	0.00169
28.63480	0.00169
28.58730	0.00169
28.63480	0.00169
28.58730	0.00169
28.58730	0.00169
28.58730	0.00169
28.63480	0.00169
28.58730	0.00169
28.63480	0.00169
28.58730	0.00169
28.63480	0.00169
28.58730	0.00169
28.63480	0.00169
28.58730	0.00169
28.68233	0.00169
28.58730	0.00169
28.63480	0.00169
28.58730	0.00169
28.63480	0.00169
28.58730	0.00169
28.63480	0.00169
28.58730	0.00169
28.63480	0.00169
28.58730	0.00169
28.63480	0.00169
28.63480	0.00169
28.68233	0.00169
28.58730	0.00175
28.68233	0.00175
28.58730	0.00175
28.68233	0.00175
28.58730	0.00175
28.68233	0.00175
28.63480	0.00175
28.68233	0.00175
28.58730	0.00175
28.63480	0.00175
28.63480	0.00175
28.68233	0.00175
28.63480	0.00175
28.72989	0.00175
28.58730	0.00175
28.68233	0.00175
28.63480	0.00175
28.72989	0.00175
28.58730	0.00175
28.72989	0.00175
28.63480	0.00175
28.68233	0.00175
28.63480	0.00175
28.72989	0.00175
28.63480	0.00175
28.72989	0.00175
28.63480	0.00175
28.72989	0.00175
28.63480	0.00175
28.72989	0.00175
28.68233	0.00175
28.72989	0.00175
28.63480	0.00175
28.72989	0.00175
28.68233	0.00175
28.72989	0.00175
28.63480	0.00175
28.72989	0.00175
28.63480	0.00175
28.72989	0.00175
28.63480	0.00175
28.72989	0.00175
28.68233	0.00175
28.72989	0.00175
28.68233	0.00175
28.72989	0.00175
28.68233	0.00175
28.72989	0.00175
28.68233	0.00175
28.77748	0.00175
28.68233	0.00175
28.77748	0.00175
28.68233	0.00175
28.77748	0.00175
28.68233	0.00181
28.77748	0.00181
28.68233	0.00181
28.77748	0.00181
28.68233	0.00181
28.72989	0.00181
28.68233	0.00181
28.77748	0.00181
28.68233	0.00181
28.77748	0.00181
28.72989	0.00181
28.82511	0.00181
28.72989	0.00181
28.77748	0.00181
28.72989	0.00181
28.77748	0.00181
28.72989	0.00181
28.82511	0.00181
28.72989	0.00181
28.82511	0.00181
28.72989	0.00181
28.77748	0.00181
28.72989	0.00181
28.82511	0.00181
28.72989	0.00181
28.82511	0.00181
28.72989	0.00181
28.82511	0.00181
28.77748	0.00181
28.82511	0.00181
28.77748	0.00181
28.82511	0.00181
28.77748	0.00181
28.82511	0.00181
28.72989	0.00181
28.82511	0.00181
28.77748	0.00181
28.82511	0.00181
28.77748	0.00181
28.82511	0.00181
28.77748	0.00181
28.82511	0.00181
28.77748	0.00181
28.82511	0.00181
28.77748	0.00181
28.82511	0.00181
28.77748	0.00181
28.82511	0.00181
28.77748	0.00181
28.82511	0.00181
28.77748	0.00181
28.82511	0.00181
28.77748	0.00181
28.82511	0.00181
28.77748	0.00181
28.82511	0.00181
28.77748	0.00187
28.82511	0.00187
28.77748	0.00187
28.82511	0.00187
28.77748	0.00187
28.82511	0.00187
28.77748	0.00187
28.82511	0.00187
28.82511	0.00187
28.82511	0.00187
28.82511	0.00187
28.82511	0.00187
28.82511	0.00187
28.82511	0.00187
28.82511	0.00187
28.82511	0.00187
28.82511	0.00187
28.82511	0.00187
28.77748	0.00187
28.82511	0.00187
28.82511	0.00187
28.82511	0.00187
28.77748	0.00187
28.92048	0.00187
28.82511	0.00187
28.82511	0.00187
28.82511	0.00187
28.82511	0.00187
28.82511	0.00187
28.82511	0.00187
28.82511	0.00187
28.92048	0.00187
28.82511	0.00187
28.92048	0.00187
28.82511	0.00187
28.92048	0.00187
28.82511	0.00187
28.92048	0.00187
28.82511	0.00187
28.82511	0.00187
28.87278	0.00187
28.92048	0.00187
28.82511	0.00187
28.92048	0.00187
28.87278	0.00187
28.92048	0.00187
28.82511	0.00187
28.92048	0.00187
28.87278	0.00187
28.96821	0.00187
28.87278	0.00187
28.92048	0.00187
28.87278	0.00187
28.96821	0.00194
28.87278	0.00194
28.96821	0.00194
28.82511	0.00194
28.92048	0.00194
28.87278	0.00194
28.96821	0.00194
28.82511	0.00194
28.96821	0.00194
28.92048	0.00194
28.96821	0.00194
28.87278	0.00194
28.96821	0.00194
28.82511	0.00194
28.96821	0.00194
28.96821	0.00194
29.01597	0.00194
28.92048	0.00194
29.01597	0.00194
28.92048	0.00194
29.01597	0.00194
28.82511	0.00194
28.96821	0.00194
28.92048	0.00194
29.01597	0.00194
28.92048	0.00194
29.01597	0.00194
28.92048	0.00194
29.01597	0.00194
28.96821	0.00194
29.01597	0.00194
28.92048	0.00194
29.01597	0.00194
28.96821	0.00194
29.01597	0.00194
28.96821	0.00194
29.01597	0.00194
28.96821	0.00194
29.01597	0.00194
28.96821	0.00194
29.01597	0.00194
28.96821	0.00194
29.01597	0.00194
28.96821	0.00194
29.01597	0.00194
28.96821	0.00194
29.01597	0.00194
28.96821	0.00194
29.06377	0.00194
28.96821	0.00194
29.06377	0.00194
29.01597	0.00194
29.06377	0.00194
28.96821	0.00194
29.01597	0.00194
28.96821	0.00200
29.06377	0.00200
28.96821	0.00200
29.06377	0.00200
29.01597	0.00200
29.06377	0.00200
28.96821	0.00200
29.11161	0.00200
28.96821	0.00200
29.06377	0.00200
29.01597	0.00200
29.01597	0.00200
29.01597	0.00200
29.06377	0.00200
29.01597	0.00200
29.06377	0.00200
29.01597	0.00200
29.01597	0.00200
29.06377	0.00200
29.11161	0.00200
28.96821	0.00200
29.11161	0.00200
29.01597	0.00200
29.11161	0.00200
29.01597	0.00200
29.11161	0.00200
29.06377	0.00200
29.11161	0.00200
29.01597	0.00200
29.06377	0.00200
29.06377	0.00200
29.11161	0.00200
29.01597	0.00200
29.11161	0.00200
29.06377	0.00200
29.11161	0.00200
29.01597	0.00200
29.11161	0.00200
29.06377	0.00200
29.11161	0.00200
29.01597	0.00200
29.11161	0.00200
29.06377	0.00200
29.15948	0.00200
29.06377	0.00200
29.11161	0.00200
29.06377	0.00200
29.11161	0.00200
29.06377	0.00200
29.15948	0.00200
29.06377	0.00200
29.11161	0.00200
29.06377	0.00200
29.11161	0.00206
29.06377	0.00206
29.15948	0.00206
29.06377	0.00206
29.15948	0.00206
29.06377	0.00206
29.11161	0.00206
29.06377	0.00206
29.15948	0.00206
29.11161	0.00206
29.20738	0.00206
29.11161	0.00206
29.20738	0.00206
29.15948	0.00206
29.20738	0.00206
29.15948	0.00206
29.20738	0.00206
29.11161	0.00206
29.20738	0.00206
29.11161	0.00206
29.20738	0.00206
29.15948	0.00206
29.20738	0.00206
29.15948	0.00206
29.20738	0.00206
29.15948	0.00206
29.20738	0.00206
29.15948	0.00206
29.20738	0.00206
29.15948	0.00206
29.20738	0.00206
29.15948	0.00206
29.20738	0.00206
29.15948	0.00206
29.20738	0.00206
29.15948	0.00206
29.20738	0.00206
29.15948	0.00206
29.20738	0.00206
29.15948	0.00206
29.20738	0.00206
29.15948	0.00206
29.20738	0.00206
29.15948	0.00206
29.20738	0.00206
29.15948	0.00206
29.20738	0.00206
29.15948	0.00206
29.20738	0.00206
29.15948	0.00206
29.20738	0.00206
29.20738	0.00206
29.20738	0.00206
29.15948	0.00206
29.20738	0.00206
29.15948	0.00206
29.20738	0.00206
29.20738	0.00212
29.20738	0.00212
29.15948	0.00212
29.20738	0.00212
29.20738	0.00212
29.20738	0.00212
29.15948	0.00212
29.20738	0.00212
29.15948	0.00212
29.20738	0.00212
29.20738	0.00212
29.20738	0.00212
29.20738	0.00212
29.20738	0.00212
29.20738	0.00212
29.20738	0.00212
29.20738	0.00212
29.20738	0.00212
29.20738	0.00212
29.20738	0.00212
29.20738	0.00212
29.20738	0.00212
29.25532	0.00212
29.20738	0.00212
29.25532	0.00212
29.20738	0.00212
29.25532	0.00212
29.20738	0.00212
29.25532	0.00212
29.30329	0.00212
29.25532	0.00212
29.20738	0.00212
29.25532	0.00212
29.20738	0.00212
29.25532	0.00212
29.20738	0.00212
29.25532	0.00212
29.30329	0.00212
29.25532	0.00212
29.35130	0.00212
29.25532	0.00212
29.35130	0.00212
29.30329	0.00212
29.35130	0.00212
29.25532	0.00212
29.39935	0.00212
29.25532	0.00212
29.39935	0.00212
29.25532	0.00212
29.30329	0.00212
29.30329	0.00212
29.30329	0.00212
29.25532	0.00212
29.35130	0.00212
29.25532	0.00219
29.39935	0.00219
29.25532	0.00219
29.35130	0.00219
29.35130	0.00219
29.39935	0.00219
29.35130	0.00219
29.39935	0.00219
29.30329	0.00219
29.39935	0.00219
29.35130	0.00219
29.39935	0.00219
29.35130	0.00219
29.39935	0.00219
29.25532	0.00219
29.39935	0.00219
29.35130	0.00219
29.39935	0.00219
29.35130	0.00219
29.39935	0.00219
29.35130	0.00219
29.39935	0.00219
29.35130	0.00219
29.39935	0.00219
29.35130	0.00219
29.39935	0.00219
29.35130	0.00219
29.39935	0.00219
29.35130	0.00219
29.39935	0.00219
29.30329	0.00219
29.44743	0.00219
29.35130	0.00219
29.39935	0.00219
29.35130	0.00219
29.39935	0.00219
29.35130	0.00219
29.39935	0.00219
29.35130	0.00219
29.39935	0.00219
29.35130	0.00219
29.39935	0.00219
29.39935	0.00219
29.49554	0.00219
29.35130	0.00219
29.49554	0.00219
29.35130	0.00219
29.44743	0.00225
29.39935	0.00225
29.44743	0.00225
29.35130	0.00225
29.44743	0.00225
29.35130	0.00225
29.44743	0.00225
29.39935	0.00225
29.49554	0.00225
29.35130	0.00225
29.44743	0.00225
29.39935	0.00225
29.49554	0.00225
29.39935	0.00225
29.49554	0.00225
29.44743	0.00225
29.49554	0.00225
29.39935	0.00225
29.44743	0.00225
29.44743	0.00225
29.49554	0.00225
29.44743	0.00225
29.49554	0.00225
29.39935	0.00225
29.44743	0.00225
29.44743	0.00225
29.49554	0.00225
29.44743	0.00225
29.49554	0.00225
29.44743	0.00225
29.49554	0.00225
29.44743	0.00225
29.49554	0.00225
29.44743	0.00225
29.49554	0.00225
29.44743	0.00225
29.54369	0.00225
29.44743	0.00225
29.54369	0.00225
29.44743	0.00225
29.49554	0.00225
29.44743	0.00225
29.59188	0.00225
29.44743	0.00225
29.59188	0.00225
29.44743	0.00225
29.54369	0.00225
29.49554	0.00225
29.59188	0.00225
29.49554	0.00225
29.54369	0.00225
29.49554	0.00225
29.59188	0.00225
29.49554	0.00225
29.59188	0.00225
29.44743	0.00225
29.59188	0.00231
29.49554	0.00231
29.59188	0.00231
29.54369	0.00231
29.59188	0.00231
29.49554	0.00231
29.59188	0.00231
29.54369	0.00231
29.54369	0.00231
29.54369	0.00231
29.59188	0.00231
29.54369	0.00231
29.59188	0.00231
29.54369	0.00231
29.59188	0.00231
29.54369	0.00231
29.59188	0.00231
29.54369	0.00231
29.59188	0.00231
29.54369	0.00231
29.59188	0.00231
29.54369	0.00231
29.59188	0.00231
29.54369	0.00231
29.59188	0.00231
29.54369	0.00231
29.59188	0.00231
29.54369	0.00231
29.59188	0.00231
29.54369	0.00231
29.59188	0.00231
29.54369	0.00231
29.59188	0.00231
29.59188	0.00231
29.59188	0.00231
29.54369	0.00231
29.59188	0.00231
29.54369	0.00231
29.59188	0.00231
29.54369	0.00231
29.59188	0.00231
29.54369	0.00231
29.59188	0.00231
29.59188	0.00231
29.68836	0.00231
29.54369	0.00231
29.59188	0.00231
29.59188	0.00231
29.59188	0.00231
29.54369	0.00231
29.59188	0.00237
29.59188	0.00237
29.59188	0.00237
29.59188	0.00237
29.68836	0.00237
29.59188	0.00237
29.68836	0.00237
29.59188	0.00237
29.59188	0.00237
29.54369	0.00237
29.59188	0.00237
29.59188	0.00237
29.68836	0.00237
29.59188	0.00237
29.59188	0.00237
29.64011	0.00237
29.68836	0.00237
29.59188	0.00237
29.73666	0.00237
29.59188	0.00237
29.68836	0.00237
29.59188	0.00237
29.73666	0.00237
29.64011	0.00237
29.68836	0.00237
29.64011	0.00237
29.68836	0.00237
29.59188	0.00237
29.73666	0.00237
29.64011	0.00237
29.68836	0.00237
29.59188	0.00237
29.68836	0.00237
29.59188	0.00237
29.68836	0.00237
29.68836	0.00237
29.73666	0.00237
29.68836	0.00237
29.73666	0.00237
29.68836	0.00237
29.78499	0.00237
29.68836	0.00237
29.73666	0.00237
29.64011	0.00237
29.78499	0.00237
29.68836	0.00237
29.78499	0.00237
29.68836	0.00237
29.78499	0.00237
29.64011	0.00237
29.78499	0.00237
29.68836	0.00237
29.78499	0.00237
29.73666	0.00237
29.73666	0.00244
29.73666	0.00244
29.78499	0.00244
29.73666	0.00244
29.78499	0.00244
29.68836	0.00244
29.78499	0.00244
29.73666	0.00244
29.78499	0.00244
29.73666	0.00244
29.78499	0.00244
29.73666	0.00244
29.78499	0.00244
29.73666	0.00244
29.78499	0.00244
29.73666	0.00244
29.78499	0.00244
29.73666	0.00244
29.83336	0.00244
29.73666	0.00244
29.78499	0.00244
29.73666	0.00244
29.78499	0.00244
29.73666	0.00244
29.78499	0.00244
29.73666	0.00244
29.78499	0.00244
29.73666	0.00244
29.83336	0.00244
29.73666	0.00244
29.83336	0.00244
29.78499	0.00244
29.78499	0.00244
29.73666	0.00244
29.83336	0.00244
29.73666	0.00244
29.88177	0.00244
29.78499	0.00244
29.83336	0.00244
29.78499	0.00244
29.88177	0.00244
29.78499	0.00244
29.88177	0.00244
29.73666	0.00244
29.88177	0.00244
29.83336	0.00244
29.88177	0.00244
29.78499	0.00244
29.88177	0.00244
29.83336	0.00244
29.88177	0.00244
29.78499	0.00244
29.88177	0.00244
29.83336	0.00244
29.88177	0.00244
29.83336	0.00244
29.88177	0.00244
29.83336	0.00244
29.88177	0.00244
29.83336	0.00250
29.88177	0.00250
29.78499	0.00250
29.88177	0.00250
29.78499	0.00250
29.88177	0.00250
29.83336	0.00250
29.88177	0.00250
29.83336	0.00250
29.88177	0.00250
29.83336	0.00250
29.88177	0.00250
29.83336	0.00250
29.93021	0.00250
29.83336	0.00250
29.93021	0.00250
29.83336	0.00250
29.93021	0.00250
29.88177	0.00250
29.93021	0.00250
29.88177	0.00250
29.93021	0.00250
29.88177	0.00250
29.88177	0.00250
29.88177	0.00250
29.97869	0.00250
29.88177	0.00250
29.97869	0.00250
29.88177	0.00250
29.97869	0.00250
29.93021	0.00250
29.93021	0.00250
29.83336	0.00250
29.97869	0.00250
29.88177	0.00250
29.97869	0.00250
29.93021	0.00250
29.97869	0.00250
29.93021	0.00250
29.97869	0.00250
29.88177	0.00250
29.93021	0.00250
29.93021	0.00250
29.97869	0.00250
29.93021	0.00250
29.97869	0.00250
29.93021	0.00250
29.97869	0.00250
29.93021	0.00250
29.97869	0.00250
29.93021	0.00250
29.97869	0.00250
29.93021	0.00250
29.97869	0.00250
29.93021	0.00250
29.97869	0.00250
29.93021	0.00250
29.97869	0.00250
29.93021	0.00250
29.97869	0.00256
29.93021	0.00256
29.97869	0.00256
29.93021	0.00256
29.97869	0.00256
29.93021	0.00256
29.97869	0.00256
29.97869	0.00256
29.97869	0.00256
29.97869	0.00256
29.97869	0.00256
29.97869	0.00256
29.97869	0.00256
30.02720	0.00256
29.97869	0.00256
29.97869	0.00256
29.97869	0.00256
29.97869	0.00256
29.97869	0.00256
29.97869	0.00256
29.97869	0.00256
29.97869	0.00256
29.97869	0.00256
29.97869	0.00256
29.97869	0.00256
30.02720	0.00256
29.97869	0.00256
30.02720	0.00256
30.07576	0.00256
30.02720	0.00256
29.97869	0.00256
30.02720	0.00256
30.07576	0.00256
30.02720	0.00256
30.07576	0.00256
30.02720	0.00256
29.97869	0.00256
30.02720	0.00256
30.07576	0.00256
30.02720	0.00256
30.07576	0.00256
30.02720	0.00256
29.97869	0.00256
30.02720	0.00256
29.97869	0.00256
30.02720	0.00256
30.07576	0.00256
30.07576	0.00256
30.12435	0.00262
30.07576	0.00262
30.17298	0.00262
30.07576	0.00262
30.12435	0.00262
30.02720	0.00262
30.17298	0.00262
30.02720	0.00262
30.12435	0.00262
30.02720	0.00262
30.12435	0.00262
30.07576	0.00262
30.17298	0.00262
30.07576	0.00262
30.17298	0.00262
30.07576	0.00262
30.17298	0.00262
30.07576	0.00262
30.17298	0.00262
30.12435	0.00262
30.17298	0.00262
30.12435	0.00262
30.17298	0.00262
30.07576	0.00262
30.17298	0.00262
30.12435	0.00262
30.17298	0.00262
30.12435	0.00262
30.17298	0.00262
30.12435	0.00262
30.17298	0.00262
30.12435	0.00262
30.17298	0.00262
30.12435	0.00262
30.17298	0.00262
30.12435	0.00262
30.17298	0.00262
30.12435	0.00262
30.17298	0.00262
30.12435	0.00262
30.17298	0.00262
30.12435	0.00262
30.17298	0.00262
30.12435	0.00262
30.22164	0.00262
30.12435	0.00262
30.22164	0.00262
30.12435	0.00262
30.22164	0.00262
30.17298	0.00262
30.22164	0.00262
30.17298	0.00262
30.27035	0.00262
30.12435	0.00262
30.22164	0.00262
30.12435	0.00262
30.22164	0.00262
30.17298	0.00262
30.22164	0.00262
30.17298	0.00262
30.17298	0.00262
30.17298	0.00269
30.27035	0.00269
30.17298	0.00269
30.22164	0.00269
30.17298	0.00269
30.27035	0.00269
30.22164	0.00269
30.27035	0.00269
30.17298	0.00269
30.27035	0.00269
30.17298	0.00269
30.27035	0.00269
30.17298	0.00269
30.27035	0.00269
30.22164	0.00269
30.27035	0.00269
30.17298	0.00269
30.27035	0.00269
30.17298	0.00269
30.27035	0.00269
30.22164	0.00269
30.27035	0.00269
30.22164	0.00269
30.27035	0.00269
30.22164	0.00269
30.31909	0.00269
30.22164	0.00269
30.31909	0.00269
30.22164	0.00269
30.31909	0.00269
30.22164	0.00269
30.31909	0.00269
30.27035	0.00269
30.31909	0.00269
30.22164	0.00269
30.31909	0.00269
30.27035	0.00269
30.31909	0.00269
30.27035	0.00269
30.31909	0.00269
30.27035	0.00269
30.36787	0.00269
30.27035	0.00269
30.36787	0.00269
30.27035	0.00269
30.36787	0.00269
30.27035	0.00269
30.36787	0.00269
30.31909	0.00269
30.36787	0.00269
30.27035	0.00269
30.31909	0.00269
30.31909	0.00275
30.36787	0.00275
30.31909	0.00275
30.36787	0.00275
30.27035	0.00275
30.36787	0.00275
30.31909	0.00275
30.36787	0.00275
30.31909	0.00275
30.36787	0.00275
30.31909	0.00275
30.36787	0.00275
30.31909	0.00275
30.36787	0.00275
30.31909	0.00275
30.36787	0.00275
30.31909	0.00275
30.36787	0.00275
30.31909	0.00275
30.36787	0.00275
30.31909	0.00275
30.36787	0.00275
30.36787	0.00275
30.36787	0.00275
30.31909	0.00275
30.36787	0.00275
30.31909	0.00275
30.36787	0.00275
30.31909	0.00275
30.36787	0.00275
30.36787	0.00275
30.36787	0.00275
30.36787	0.00275
30.36787	0.00275
30.36787	0.00275
30.36787	0.00275
30.36787	0.00275
30.36787	0.00275
30.36787	0.00275
30.36787	0.00275
30.36787	0.00275
30.46555	0.00275
30.36787	0.00275
30.36787	0.00275
30.36787	0.00275
30.46555	0.00275
30.36787	0.00275
30.36787	0.00275
30.36787	0.00275
30.36787	0.00275
30.36787	0.00275
30.46555	0.00275
30.36787	0.00275
30.46555	0.00275
30.36787	0.00275
30.46555	0.00275
30.41669	0.00281
30.51445	0.00281
30.41669	0.00281
30.46555	0.00281
30.41669	0.00281
30.46555	0.00281
30.36787	0.00281
30.46555	0.00281
30.46555	0.00281
30.56338	0.00281
30.36787	0.00281
30.46555	0.00281
30.36787	0.00281
30.36787	0.00281
30.41669	0.00281
30.51445	0.00281
30.41669	0.00281
30.51445	0.00281
30.41669	0.00281
30.51445	0.00281
30.46555	0.00281
30.56338	0.00281
30.51445	0.00281
30.56338	0.00281
30.46555	0.00281
30.56338	0.00281
30.46555	0.00281
30.56338	0.00281
30.46555	0.00281
30.56338	0.00281
30.46555	0.00281
30.56338	0.00281
30.51445	0.00281
30.56338	0.00281
30.51445	0.00281
30.56338	0.00281
30.46555	0.00281
30.56338	0.00281
30.51445	0.00281
30.56338	0.00281
30.51445	0.00281
30.61236	0.00281
30.51445	0.00281
30.61236	0.00281
30.51445	0.00281
30.56338	0.00281
30.51445	0.00281
30.56338	0.00281
30.51445	0.00281
30.61236	0.00281
30.51445	0.00281
30.56338	0.00287
30.51445	0.00287
30.56338	0.00287
30.51445	0.00287
30.56338	0.00287
30.56338	0.00287
30.56338	0.00287
30.56338	0.00287
30.56338	0.00287
30.51445	0.00287
30.56338	0.00287
30.56338	0.00287
30.61236	0.00287
30.51445	0.00287
30.61236	0.00287
30.56338	0.00287
30.61236	0.00287
30.51445	0.00287
30.61236	0.00287
30.56338	0.00287
30.56338	0.00287
30.56338	0.00287
30.66137	0.00287
30.56338	0.00287
30.66137	0.00287
30.56338	0.00287
30.66137	0.00287
30.61236	0.00287
30.66137	0.00287
30.56338	0.00287
30.66137	0.00287
30.61236	0.00287
30.66137	0.00287
30.61236	0.00287
30.66137	0.00287
30.61236	0.00287
30.66137	0.00287
30.61236	0.00287
30.66137	0.00287
30.61236	0.00287
30.66137	0.00287
30.61236	0.00287
30.66137	0.00287
30.61236	0.00287
30.66137	0.00287
30.61236	0.00287
30.66137	0.00287
30.61236	0.00287
30.66137	0.00287
30.56338	0.00287
30.66137	0.00287
30.66137	0.00287
30.66137	0.00287
30.66137	0.00287
30.66137	0.00287
30.61236	0.00287
30.66137	0.00287
30.66137	0.00294
30.71042	0.00294
30.66137	0.00294
30.75951	0.00294
30.66137	0.00294
30.71042	0.00294
30.71042	0.00294
30.71042	0.00294
30.61236	0.00294
30.71042	0.00294
30.66137	0.00294
30.71042	0.00294
30.71042	0.00294
30.75951	0.00294
30.71042	0.00294
30.75951	0.00294
30.71042	0.00294
30.75951	0.00294
30.71042	0.00294
30.75951	0.00294
30.71042	0.00294
30.75951	0.00294
30.71042	0.00294
30.75951	0.00294
30.66137	0.00294
30.75951	0.00294
30.71042	0.00294
30.75951	0.00294
30.71042	0.00294
30.75951	0.00294
30.71042	0.00294
30.75951	0.00294
30.71042	0.00294
30.75951	0.00294
30.71042	0.00294
30.75951	0.00294
30.71042	0.00294
30.75951	0.00294
30.71042	0.00294
30.75951	0.00294
30.71042	0.00294
30.75951	0.00294
30.71042	0.00294
30.75951	0.00294
30.75951	0.00294
30.75951	0.00294
30.75951	0.00294
30.75951	0.00294
30.75951	0.00294
30.75951	0.00294
30.75951	0.00294
30.75951	0.00294
30.75951	0.00294
30.75951	0.00294
30.75951	0.00294
30.75951	0.00294
30.75951	0.00294
30.75951	0.00300
30.75951	0.00300
30.75951	0.00300
30.75951	0.00300
30.75951	0.00300
30.75951	0.00300
30.85782	0.00300
30.75951	0.00300
30.85782	0.00300
30.75951	0.00300
30.75951	0.00300
30.75951	0.00300
30.75951	0.00300
30.75951	0.00300
30.75951	0.00300
30.75951	0.00300
30.85782	0.00300
30.75951	0.00300
30.85782	0.00300
30.75951	0.00300
30.85782	0.00300
30.80864	0.00300
30.75951	0.00300
30.75951	0.00300
30.75951	0.00300
30.75951	0.00300
30.85782	0.00300
30.75951	0.00300
30.90703	0.00300
30.75951	0.00300
30.90703	0.00300
30.85782	0.00300
30.90703	0.00300
30.75951	0.00300
30.85782	0.00300
30.80864	0.00300
30.75951	0.00300
30.75951	0.00300
30.75951	0.00300
30.75951	0.00300
30.95628	0.00300
30.85782	0.00300
30.90703	0.00300
30.90703	0.00300
30.95628	0.00300
30.75951	0.00300
30.95628	0.00300
30.85782	0.00300
30.95628	0.00300
30.90703	0.00300
30.95628	0.00306
30.90703	0.00306
30.95628	0.00306
30.90703	0.00306
30.95628	0.00306
30.90703	0.00306
30.95628	0.00306
30.90703	0.00306
30.95628	0.00306
30.90703	0.00306
30.95628	0.00306
30.90703	0.00306
30.95628	0.00306
30.90703	0.00306
30.95628	0.00306
30.90703	0.00306
30.95628	0.00306
30.90703	0.00306
30.95628	0.00306
30.95628	0.00306
30.95628	0.00306
30.95628	0.00306
30.95628	0.00306
30.90703	0.00306
30.95628	0.00306
30.90703	0.00306
30.95628	0.00306
30.90703	0.00306
30.95628	0.00306
30.95628	0.00306
31.00557	0.00306
30.95628	0.00306
31.05490	0.00306
30.90703	0.00306
31.00557	0.00306
30.90703	0.00306
31.00557	0.00306
30.95628	0.00306
31.05490	0.00306
31.00557	0.00306
31.05490	0.00306
31.00557	0.00306
31.05490	0.00306
30.95628	0.00306
31.05490	0.00306
31.00557	0.00306
31.05490	0.00306
30.95628	0.00306
31.05490	0.00306
31.00557	0.00306
31.10427	0.00306
31.00557	0.00306
31.05490	0.00306
31.00557	0.00306
31.05490	0.00306
31.00557	0.00306
31.10427	0.00306
31.00557	0.00306
31.10427	0.00306
31.00557	0.00312
31.10427	0.00312
31.00557	0.00312
31.10427	0.00312
31.00557	0.00312
31.10427	0.00312
31.05490	0.00312
31.10427	0.00312
31.05490	0.00312
31.10427	0.00312
31.05490	0.00312
31.15369	0.00312
31.10427	0.00312
31.10427	0.00312
31.05490	0.00312
31.15369	0.00312
31.10427	0.00312
31.15369	0.00312
31.05490	0.00312
31.15369	0.00312
31.05490	0.00312
31.15369	0.00312
31.05490	0.00312
31.15369	0.00312
31.10427	0.00312
31.15369	0.00312
31.10427	0.00312
31.15369	0.00312
31.10427	0.00312
31.15369	0.00312
31.05490	0.00312
31.15369	0.00312
31.10427	0.00312
31.15369	0.00312
31.10427	0.00312
31.15369	0.00312
31.10427	0.00312
31.15369	0.00312
31.10427	0.00312
31.15369	0.00312
31.10427	0.00312
31.15369	0.00312
31.10427	0.00312
31.15369	0.00312
31.10427	0.00312
31.15369	0.00312
31.10427	0.00312
31.15369	0.00312
31.10427	0.00312
31.15369	0.00312
31.15369	0.00312
31.15369	0.00312
31.10427	0.00312
31.15369	0.00312
31.10427	0.00312
31.15369	0.00312
31.15369	0.00319
31.15369	0.00319
31.15369	0.00319
31.15369	0.00319
31.15369	0.00319
31.20314	0.00319
31.15369	0.00319
31.15369	0.00319
31.15369	0.00319
31.15369	0.00319
31.15369	0.00319
31.15369	0.00319
31.15369	0.00319
31.25264	0.00319
31.15369	0.00319
31.25264	0.00319
31.15369	0.00319
31.25264	0.00319
31.15369	0.00319
31.25264	0.00319
31.20314	0.00319
31.25264	0.00319
31.15369	0.00319
31.15369	0.00319
31.25264	0.00319
31.30217	0.00319
31.20314	0.00319
31.30217	0.00319
31.20314	0.00319
31.30217	0.00319
31.15369	0.00319
31.30217	0.00319
31.20314	0.00319
31.30217	0.00319
31.20314	0.00319
31.30217	0.00319
31.20314	0.00319
31.30217	0.00319
31.25264	0.00319
31.30217	0.00319
31.30217	0.00319
31.35175	0.00319
31.25264	0.00319
31.35175	0.00319
31.25264	0.00319
31.30217	0.00319
31.25264	0.00319
31.35175	0.00319
31.25264	0.00319
31.35175	0.00319
31.25264	0.00319
31.35175	0.00319
31.30217	0.00319
31.35175	0.00319
31.30217	0.00319
31.35175	0.00319
31.30217	0.00319
31.35175	0.00325
31.30217	0.00325
31.35175	0.00325
31.30217	0.00325
31.35175	0.00325
31.30217	0.00325
31.35175	0.00325
31.30217	0.00325
31.35175	0.00325
31.30217	0.00325
31.40137	0.00325
31.30217	0.00325
31.35175	0.00325
31.35175	0.00325
31.40137	0.00325
31.30217	0.00325
31.40137	0.00325
31.30217	0.00325
31.35175	0.00325
31.35175	0.00325
31.40137	0.00325
31.35175	0.00325
31.40137	0.00325
31.30217	0.00325
31.45103	0.00325
31.35175	0.00325
31.45103	0.00325
31.35175	0.00325
31.40137	0.00325
31.30217	0.00325
31.35175	0.00325
31.35175	0.00325
31.45103	0.00325
31.35175	0.00325
31.45103	0.00325
31.35175	0.00325
31.45103	0.00325
31.35175	0.00325
31.45103	0.00325
31.35175	0.00325
31.45103	0.00325
31.35175	0.00325
31.45103	0.00325
31.35175	0.00325
31.45103	0.00325
31.40137	0.00325
31.45103	0.00325
31.40137	0.00325
31.45103	0.00325
31.40137	0.00325
31.50073	0.00325
31.40137	0.00325
31.45103	0.00325
31.40137	0.00325
31.45103	0.00325
31.40137	0.00325
31.45103	0.00325
31.40137	0.00331
31.50073	0.00331
31.40137	0.00331
31.50073	0.00331
31.40137	0.00331
31.50073	0.00331
31.45103	0.00331
31.55048	0.00331
31.40137	0.00331
31.55048	0.00331
31.45103	0.00331
31.50073	0.00331
31.40137	0.00331
31.50073	0.00331
31.50073	0.00331
31.55048	0.00331
31.45103	0.00331
31.55048	0.00331
31.45103	0.00331
31.55048	0.00331
31.50073	0.00331
31.50073	0.00331
31.50073	0.00331
31.55048	0.00331
31.45103	0.00331
31.55048	0.00331
31.50073	0.00331
31.55048	0.00331
31.50073	0.00331
31.55048	0.00331
31.50073	0.00331
31.55048	0.00331
31.50073	0.00331
31.55048	0.00331
31.50073	0.00331
31.55048	0.00331
31.50073	0.00331
31.55048	0.00331
31.50073	0.00331
31.55048	0.00331
31.50073	0.00331
31.55048	0.00331
31.50073	0.00331
31.55048	0.00331
31.55048	0.00331
31.55048	0.00331
31.50073	0.00331
31.55048	0.00331
31.50073	0.00331
31.55048	0.00331
31.55048	0.00331
31.55048	0.00331
31.55048	0.00331
31.55048	0.00331
31.55048	0.00331
31.55048	0.00331
31.55048	0.00337
31.55048	0.00337
31.55048	0.00337
31.55048	0.00337
31.55048	0.00337
31.55048	0.00337
31.55048	0.00337
31.55048	0.00337
31.55048	0.00337
31.55048	0.00337
31.60026	0.00337
31.55048	0.00337
31.55048	0.00337
31.55048	0.00337
31.60026	0.00337
31.55048	0.00337
31.60026	0.00337
31.55048	0.00337
31.60026	0.00337
31.55048	0.00337
31.60026	0.00337
31.65009	0.00337
31.60026	0.00337
31.55048	0.00337
31.60026	0.00337
31.65009	0.00337
31.60026	0.00337
31.69996	0.00337
31.60026	0.00337
31.65009	0.00337
31.60026	0.00337
31.69996	0.00337
31.60026	0.00337
31.69996	0.00337
31.60026	0.00337
31.69996	0.00337
31.65009	0.00337
31.69996	0.00337
31.60026	0.00337
31.74988	0.00337
31.60026	0.00337
31.69996	0.00337
31.65009	0.00337
31.74988	0.00337
31.60026	0.00337
31.74988	0.00337
31.69996	0.00337
31.74988	0.00337
31.69996	0.00337
31.69996	0.00337
31.65009	0.00337
31.74988	0.00337
31.69996	0.00337
31.74988	0.00337
31.69996	0.00337
31.74988	0.00337
31.69996	0.00337
31.74988	0.00337
31.69996	0.00344
31.74988	0.00344
31.69996	0.00344
31.74988	0.00344
31.69996	0.00344
31.74988	0.00344
31.69996	0.00344
31.74988	0.00344
31.69996	0.00344
31.74988	0.00344
31.69996	0.00344
31.79983	0.00344
31.69996	0.00344
31.74988	0.00344
31.74988	0.00344
31.79983	0.00344
31.69996	0.00344
31.79983	0.00344
31.74988	0.00344
31.84983	0.00344
31.69996	0.00344
31.74988	0.00344
31.69996	0.00344
31.74988	0.00344
31.69996	0.00344
31.84983	0.00344
31.74988	0.00344
31.74988	0.00344
31.79983	0.00344
31.84983	0.00344
31.69996	0.00344
31.84983	0.00344
31.74988	0.00344
31.84983	0.00344
31.79983	0.00344
31.84983	0.00344
31.74988	0.00344
31.89987	0.00344
31.74988	0.00344
31.84983	0.00344
31.79983	0.00344
31.84983	0.00344
31.79983	0.00344
31.84983	0.00344
31.79983	0.00344
31.84983	0.00344
31.79983	0.00344
31.84983	0.00344
31.79983	0.00344
31.84983	0.00344
31.79983	0.00344
31.89987	0.00344
31.79983	0.00344
31.84983	0.00350
31.79983	0.00350
31.84983	0.00350
31.79983	0.00350
31.84983	0.00350
31.84983	0.00350
31.89987	0.00350
31.84983	0.00350
31.84983	0.00350
31.79983	0.00350
31.89987	0.00350
31.79983	0.00350
31.89987	0.00350
31.89987	0.00350
31.89987	0.00350
31.84983	0.00350
31.94996	0.00350
31.79983	0.00350
31.94996	0.00350
31.89987	0.00350
31.94996	0.00350
31.89987	0.00350
31.94996	0.00350
31.89987	0.00350
31.94996	0.00350
31.89987	0.00350
31.94996	0.00350
31.89987	0.00350
31.94996	0.00350
31.89987	0.00350
31.94996	0.00350
31.89987	0.00350
31.94996	0.00350
31.89987	0.00350
31.94996	0.00350
31.89987	0.00350
31.94996	0.00350
31.89987	0.00350
31.94996	0.00350
31.89987	0.00350
31.94996	0.00350
31.89987	0.00350
31.94996	0.00350
31.89987	0.00350
31.94996	0.00350
31.89987	0.00350
31.94996	0.00350
31.94996	0.00350
31.94996	0.00350
31.89987	0.00350
31.94996	0.00350
31.89987	0.00350
31.94996	0.00350
31.94996	0.00350
31.94996	0.00350
31.94996	0.00350
31.94996	0.00356
31.94996	0.00356
31.94996	0.00356
31.89987	0.00356
31.94996	0.00356
31.94996	0.00356
31.94996	0.00356
31.94996	0.00356
32.00009	0.00356
31.94996	0.00356
31.94996	0.00356
31.94996	0.00356
32.05026	0.00356
31.94996	0.00356
32.05026	0.00356
31.94996	0.00356
31.94996	0.00356
31.94996	0.00356
32.05026	0.00356
32.00009	0.00356
32.05026	0.00356
31.94996	0.00356
32.10048	0.00356
32.00009	0.00356
32.05026	0.00356
32.00009	0.00356
32.10048	0.00356
31.94996	0.00356
32.10048	0.00356
32.00009	0.00356
32.05026	0.00356
31.94996	0.00356
32.15074	0.00356
31.94996	0.00356
32.10048	0.00356
32.00009	0.00356
32.15074	0.00356
32.05026	0.00356
32.10048	0.00356
32.05026	0.00356
32.15074	0.00356
32.05026	0.00356
32.15074	0.00356
32.05026	0.00356
32.15074	0.00356
32.05026	0.00356
32.15074	0.00356
32.10048	0.00356
32.15074	0.00356
32.10048	0.00356
32.15074	0.00356
32.05026	0.00356
32.10048	0.00362
32.10048	0.00362
32.15074	0.00362
32.10048	0.00362
32.15074	0.00362
32.10048	0.00362
32.20104	0.00362
32.10048	0.00362
32.15074	0.00362
32.10048	0.00362
32.15074	0.00362
32.10048	0.00362
32.15074	0.00362
32.10048	0.00362
32.20104	0.00362
32.10048	0.00362
32.15074	0.00362
32.10048	0.00362
32.15074	0.00362
32.10048	0.00362
32.20104	0.00362
32.10048	0.00362
32.15074	0.00362
32.15074	0.00362
32.25139	0.00362
32.10048	0.00362
32.20104	0.00362
32.15074	0.00362
32.20104	0.00362
32.15074	0.00362
32.25139	0.00362
32.10048	0.00362
32.25139	0.00362
32.15074	0.00362
32.25139	0.00362
32.15074	0.00362
32.25139	0.00362
32.15074	0.00362
32.25139	0.00362
32.15074	0.00362
32.25139	0.00362
32.15074	0.00362
32.25139	0.00362
32.15074	0.00362
32.25139	0.00362
32.20104	0.00362
32.25139	0.00362
32.15074	0.00362
32.25139	0.00362
32.20104	0.00362
32.25139	0.00362
32.20104	0.00362
32.25139	0.00362
32.20104	0.00362
32.25139	0.00362
32.20104	0.00369
32.25139	0.00369
32.20104	0.00369
32.25139	0.00369
32.20104	0.00369
32.30179	0.00369
32.20104	0.00369
32.25139	0.00369
32.20104	0.00369
32.35223	0.00369
32.20104	0.00369
32.30179	0.00369
32.25139	0.00369
32.30179	0.00369
32.20104	0.00369
32.30179	0.00369
32.20104	0.00369
32.35223	0.00369
32.20104	0.00369
32.35223	0.00369
32.25139	0.00369
32.35223	0.00369
32.25139	0.00369
32.35223	0.00369
32.30179	0.00369
32.35223	0.00369
32.30179	0.00369
32.35223	0.00369
32.30179	0.00369
32.35223	0.00369
32.25139	0.00369
32.35223	0.00369
32.25139	0.00369
32.35223	0.00369
32.30179	0.00369
32.35223	0.00369
32.30179	0.00369
32.35223	0.00369
32.30179	0.00369
32.35223	0.00369
32.30179	0.00369
32.35223	0.00369
32.30179	0.00369
32.35223	0.00369
32.35223	0.00369
32.35223	0.00369
32.30179	0.00369
32.35223	0.00369
32.35223	0.00369
32.35223	0.00369
32.30179	0.00369
32.35223	0.00369
32.35223	0.00369
32.35223	0.00369
32.35223	0.00369
32.35223	0.00369
32.35223	0.00369
32.35223	0.00369
32.30179	0.00375
32.35223	0.00375
32.35223	0.00375
32.35223	0.00375
32.30179	0.00375
32.35223	0.00375
32.35223	0.00375
32.35223	0.00375
32.35223	0.00375
32.35223	0.00375
32.35223	0.00375
32.35223	0.00375
32.35223	0.00375
32.35223	0.00375
32.35223	0.00375
32.35223	0.00375
32.35223	0.00375
32.35223	0.00375
32.40271	0.00375
32.45324	0.00375
32.40271	0.00375
32.35223	0.00375
32.40271	0.00375
32.35223	0.00375
32.40271	0.00375
32.45324	0.00375
32.40271	0.00375
32.50381	0.00375
32.40271	0.00375
32.45324	0.00375
32.40271	0.00375
32.50381	0.00375
32.40271	0.00375
32.45324	0.00375
32.45324	0.00375
32.50381	0.00375
32.40271	0.00375
32.55443	0.00375
32.40271	0.00375
32.55443	0.00375
32.50381	0.00375
32.55443	0.00375
32.45324	0.00375
32.55443	0.00375
32.50381	0.00375
32.55443	0.00375
32.45324	0.00375
32.55443	0.00375
32.40271	0.00375
32.55443	0.00375
32.45324	0.00375
32.50381	0.00375
32.45324	0.00375
32.55443	0.00375
32.50381	0.00375
32.55443	0.00375
32.50381	0.00375
32.55443	0.00375
32.50381	0.00375
32.55443	0.00375
32.50381	0.00375
32.55443	0.00381
32.50381	0.00381
32.60509	0.00381
32.50381	0.00381
32.55443	0.00381
32.50381	0.00381
32.55443	0.00381
32.50381	0.00381
32.55443	0.00381
32.55443	0.00381
32.60509	0.00381
32.50381	0.00381
32.60509	0.00381
32.55443	0.00381
32.60509	0.00381
32.55443	0.00381
32.60509	0.00381
32.55443	0.00381
32.55443	0.00381
32.55443	0.00381
32.65580	0.00381
32.60509	0.00381
32.65580	0.00381
32.55443	0.00381
32.65580	0.00381
32.55443	0.00381
32.65580	0.00381
32.55443	0.00381
32.65580	0.00381
32.55443	0.00381
32.65580	0.00381
32.60509	0.00381
32.65580	0.00381
32.60509	0.00381
32.65580	0.00381
32.60509	0.00381
32.65580	0.00381
32.60509	0.00381
32.65580	0.00381
32.55443	0.00381
32.65580	0.00381
32.60509	0.00381
32.65580	0.00381
32.60509	0.00381
32.65580	0.00381
32.60509	0.00381
32.70656	0.00381
32.60509	0.00381
32.70656	0.00381
32.60509	0.00381
32.70656	0.00381
32.60509	0.00381
32.70656	0.00387
32.65580	0.00387
32.70656	0.00387
32.60509	0.00387
32.70656	0.00387
32.60509	0.00387
32.75736	0.00387
32.60509	0.00387
32.70656	0.00387
32.70656	0.00387
32.75736	0.00387
32.65580	0.00387
32.75736	0.00387
32.70656	0.00387
32.75736	0.00387
32.70656	0.00387
32.75736	0.00387
32.70656	0.00387
32.75736	0.00387
32.70656	0.00387
32.75736	0.00387
32.70656	0.00387
32.75736	0.00387
32.70656	0.00387
32.70656	0.00387
32.70656	0.00387
32.75736	0.00387
32.70656	0.00387
32.75736	0.00387
32.70656	0.00387
32.75736	0.00387
32.70656	0.00387
32.75736	0.00387
32.70656	0.00387
32.75736	0.00387
32.70656	0.00387
32.75736	0.00387
32.70656	0.00387
32.75736	0.00387
32.70656	0.00387
32.75736	0.00387
32.70656	0.00387
32.75736	0.00387
32.75736	0.00387
32.75736	0.00387
32.70656	0.00387
32.75736	0.00387
32.75736	0.00387
32.75736	0.00387
32.75736	0.00387
32.75736	0.00387
32.70656	0.00387
32.75736	0.00387
32.75736	0.00387
32.80821	0.00387
32.75736	0.00387
32.75736	0.00387
32.75736	0.00387
32.75736	0.00387
32.75736	0.00387
32.85910	0.00387
32.75736	0.00394
32.85910	0.00394
32.75736	0.00394
32.85910	0.00394
32.80821	0.00394
32.85910	0.00394
32.75736	0.00394
32.85910	0.00394
32.75736	0.00394
32.85910	0.00394
32.75736	0.00394
32.85910	0.00394
32.75736	0.00394
32.91005	0.00394
32.75736	0.00394
32.91005	0.00394
32.75736	0.00394
32.85910	0.00394
32.75736	0.00394
32.85910	0.00394
32.80821	0.00394
32.91005	0.00394
32.80821	0.00394
32.91005	0.00394
32.85910	0.00394
32.91005	0.00394
32.80821	0.00394
32.91005	0.00394
32.85910	0.00394
32.96103	0.00394
32.91005	0.00394
32.91005	0.00394
32.85910	0.00394
32.96103	0.00394
32.75736	0.00394
32.96103	0.00394
32.91005	0.00394
32.96103	0.00394
32.85910	0.00394
32.96103	0.00394
32.91005	0.00394
32.96103	0.00394
32.91005	0.00394
32.96103	0.00394
32.91005	0.00394
32.96103	0.00394
32.91005	0.00394
32.96103	0.00394
32.91005	0.00394
32.96103	0.00394
32.91005	0.00394
32.96103	0.00394
32.91005	0.00394
32.96103	0.00394
32.91005	0.00394
32.96103	0.00394
32.91005	0.00400
32.96103	0.00400
32.91005	0.00400
32.96103	0.00400
32.91005	0.00400
33.01207	0.00400
32.96103	0.00400
33.01207	0.00400
32.96103	0.00400
32.96103	0.00400
32.96103	0.00400
33.01207	0.00400
32.96103	0.00400
33.06315	0.00400
32.91005	0.00400
33.06315	0.00400
33.01207	0.00400
33.06315	0.00400
32.96103	0.00400
33.06315	0.00400
32.91005	0.00400
33.06315	0.00400
32.96103	0.00400
33.06315	0.00400
32.96103	0.00400
32.96103	0.00400
33.01207	0.00400
33.06315	0.00400
32.96103	0.00400
33.06315	0.00400
32.96103	0.00400
33.06315	0.00400
33.01207	0.00400
33.06315	0.00400
33.01207	0.00400
33.06315	0.00400
33.01207	0.00400
33.06315	0.00400
33.01207	0.00400
33.11428	0.00400
33.01207	0.00400
33.06315	0.00400
33.06315	0.00400
33.11428	0.00400
33.01207	0.00400
33.06315	0.00400
33.01207	0.00400
33.11428	0.00400
33.01207	0.00400
33.11428	0.00400
33.01207	0.00400
33.16546	0.00400
33.06315	0.00400
33.11428	0.00400
33.06315	0.00400
33.11428	0.00400
33.01207	0.00400
33.16546	0.00406
33.11428	0.00406
33.16546	0.00406
33.06315	0.00406
33.16546	0.00406
33.11428	0.00406
33.16546	0.00406
33.06315	0.00406
33.16546	0.00406
33.11428	0.00406
33.16546	0.00406
33.11428	0.00406
33.16546	0.00406
33.11428	0.00406
33.16546	0.00406
33.11428	0.00406
33.16546	0.00406
33.11428	0.00406
33.16546	0.00406
33.11428	0.00406
33.16546	0.00406
33.11428	0.00406
33.16546	0.00406
33.11428	0.00406
33.16546	0.00406
33.11428	0.00406
33.16546	0.00406
33.11428	0.00406
33.16546	0.00406
33.11428	0.00406
33.16546	0.00406
33.11428	0.00406
33.16546	0.00406
33.16546	0.00406
33.16546	0.00406
33.11428	0.00406
33.16546	0.00406
33.16546	0.00406
33.16546	0.00406
33.16546	0.00406
33.16546	0.00406
33.16546	0.00406
33.16546	0.00406
33.21668	0.00406
33.16546	0.00406
33.21668	0.00406
33.16546	0.00406
33.16546	0.00406
33.26795	0.00406
33.21668	0.00406
33.16546	0.00406
33.21668	0.00406
33.16546	0.00406
33.21668	0.00406
33.26795	0.00406
33.16546	0.00406
33.16546	0.00406
33.21668	0.00412
33.16546	0.00412
33.21668	0.00412
33.26795	0.00412
33.21668	0.00412
33.31927	0.00412
33.21668	0.00412
33.31927	0.00412
33.21668	0.00412
33.31927	0.00412
33.26795	0.00412
33.31927	0.00412
33.21668	0.00412
33.31927	0.00412
33.26795	0.00412
33.31927	0.00412
33.26795	0.00412
33.31927	0.00412
33.26795	0.00412
33.37064	0.00412
33.21668	0.00412
33.31927	0.00412
33.26795	0.00412
33.37064	0.00412
33.26795	0.00412
33.37064	0.00412
33.31927	0.00412
33.37064	0.00412
33.26795	0.00412
33.37064	0.00412
33.31927	0.00412
33.31927	0.00412
33.31927	0.00412
33.37064	0.00412
33.31927	0.00412
33.37064	0.00412
33.31927	0.00412
33.37064	0.00412
33.31927	0.00412
33.42206	0.00412
33.31927	0.00412
33.37064	0.00412
33.31927	0.00412
33.42206	0.00412
33.31927	0.00412
33.37064	0.00412
33.31927	0.00412
33.37064	0.00412
33.31927	0.00412
33.42206	0.00412
33.37064	0.00412
33.42206	0.00412
33.37064	0.00412
33.47353	0.00412
33.31927	0.00412
33.42206	0.00412
33.31927	0.00412
33.42206	0.00412
33.31927	0.00419
33.42206	0.00419
33.37064	0.00419
33.47353	0.00419
33.37064	0.00419
33.47353	0.00419
33.37064	0.00419
33.42206	0.00419
33.42206	0.00419
33.47353	0.00419
33.37064	0.00419
33.47353	0.00419
33.37064	0.00419
33.47353	0.00419
33.42206	0.00419
33.47353	0.00419
33.42206	0.00419
33.47353	0.00419
33.42206	0.00419
33.47353	0.00419
33.42206	0.00419
33.47353	0.00419
33.42206	0.00419
33.47353	0.00419
33.42206	0.00419
33.47353	0.00419
33.42206	0.00419
33.47353	0.00419
33.42206	0.00419
33.47353	0.00419
33.42206	0.00419
33.52504	0.00419
33.42206	0.00419
33.52504	0.00419
33.42206	0.00419
33.57661	0.00419
33.47353	0.00419
33.57661	0.00419
33.42206	0.00419
33.47353	0.00419
33.52504	0.00419
33.57661	0.00419
33.47353	0.00419
33.57661	0.00419
33.47353	0.00419
33.52504	0.00419
33.47353	0.00419
33.57661	0.00419
33.47353	0.00419
33.57661	0.00419
33.47353	0.00419
33.57661	0.00419
33.52504	0.00419
33.57661	0.00419
33.52504	0.00419
33.57661	0.00419
33.52504	0.00419
33.57661	0.00419
33.52504	0.00425
33.57661	0.00425
33.52504	0.00425
33.57661	0.00425
33.52504	0.00425
33.57661	0.00425
33.52504	0.00425
33.57661	0.00425
33.52504	0.00425
33.57661	0.00425
33.52504	0.00425
33.57661	0.00425
33.52504	0.00425
33.57661	0.00425
33.57661	0.00425
33.57661	0.00425
33.52504	0.00425
33.57661	0.00425
33.52504	0.00425
33.57661	0.00425
33.57661	0.00425
33.57661	0.00425
33.57661	0.00425
33.57661	0.00425
33.52504	0.00425
33.57661	0.00425
33.57661	0.00425
33.57661	0.00425
33.57661	0.00425
33.67988	0.00425
33.57661	0.00425
33.57661	0.00425
33.57661	0.00425
33.67988	0.00425
33.57661	0.00425
33.57661	0.00425
33.57661	0.00425
33.67988	0.00425
33.57661	0.00425
33.67988	0.00425
33.62822	0.00425
33.67988	0.00425
33.57661	0.00425
33.67988	0.00425
33.57661	0.00425
33.67988	0.00425
33.57661	0.00425
33.73159	0.00425
33.62822	0.00425
33.73159	0.00425
33.62822	0.00425
33.73159	0.00425
33.62822	0.00431
33.73159	0.00431
33.62822	0.00431
33.73159	0.00431
33.62822	0.00431
33.78335	0.00431
33.67988	0.00431
33.73159	0.00431
33.62822	0.00431
33.78335	0.00431
33.67988	0.00431
33.73159	0.00431
33.73159	0.00431
33.78335	0.00431
33.73159	0.00431
33.78335	0.00431
33.73159	0.00431
33.78335	0.00431
33.73159	0.00431
33.73159	0.00431
33.73159	0.00431
33.78335	0.00431
33.67988	0.00431
33.78335	0.00431
33.73159	0.00431
33.78335	0.00431
33.73159	0.00431
33.78335	0.00431
33.67988	0.00431
33.78335	0.00431
33.73159	0.00431
33.78335	0.00431
33.73159	0.00431
33.83517	0.00431
33.73159	0.00431
33.78335	0.00431
33.73159	0.00431
33.83517	0.00431
33.73159	0.00431
33.78335	0.00431
33.73159	0.00431
33.83517	0.00431
33.78335	0.00431
33.83517	0.00431
33.73159	0.00431
33.88703	0.00431
33.73159	0.00431
33.83517	0.00431
33.73159	0.00431
33.83517	0.00431
33.78335	0.00431
33.88703	0.00431
33.78335	0.00431
33.88703	0.00431
33.78335	0.00431
33.88703	0.00431
33.78335	0.00431
33.88703	0.00431
33.78335	0.00431
33.88703	0.00437
33.83517	0.00437
33.88703	0.00437
33.78335	0.00437
33.88703	0.00437
33.83517	0.00437
33.88703	0.00437
33.78335	0.00437
33.88703	0.00437
33.83517	0.00437
33.88703	0.00437
33.83517	0.00437
33.88703	0.00437
33.83517	0.00437
33.93894	0.00437
33.83517	0.00437
33.93894	0.00437
33.83517	0.00437
33.88703	0.00437
33.83517	0.00437
33.93894	0.00437
33.83517	0.00437
33.93894	0.00437
33.83517	0.00437
33.88703	0.00437
33.88703	0.00437
33.93894	0.00437
33.88703	0.00437
33.93894	0.00437
33.83517	0.00437
33.88703	0.00437
33.88703	0.00437
33.99090	0.00437
33.93894	0.00437
33.93894	0.00437
33.93894	0.00437
33.99090	0.00437
33.88703	0.00437
33.99090	0.00437
33.93894	0.00437
33.99090	0.00437
33.93894	0.00437
33.99090	0.00437
33.93894	0.00437
33.99090	0.00437
33.93894	0.00437
33.99090	0.00437
33.93894	0.00437
33.99090	0.00437
33.93894	0.00437
33.99090	0.00437
33.93894	0.00437
33.99090	0.00437
33.93894	0.00437
33.99090	0.00437
33.93894	0.00437
33.99090	0.00444
33.93894	0.00444
33.99090	0.00444
33.93894	0.00444
33.99090	0.00444
33.93894	0.00444
33.99090	0.00444
33.93894	0.00444
33.99090	0.00444
33.93894	0.00444
33.99090	0.00444
33.93894	0.00444
33.99090	0.00444
33.93894	0.00444
33.99090	0.00444
33.99090	0.00444
33.99090	0.00444
33.99090	0.00444
33.99090	0.00444
33.99090	0.00444
33.99090	0.00444
33.99090	0.00444
33.99090	0.00444
33.99090	0.00444
33.99090	0.00444
33.99090	0.00444
33.99090	0.00444
33.99090	0.00444
33.99090	0.00444
33.99090	0.00444
34.09498	0.00444
33.99090	0.00444
34.09498	0.00444
33.99090	0.00444
34.14709	0.00444
33.99090	0.00444
34.09498	0.00444
33.99090	0.00444
33.99090	0.00444
33.99090	0.00444
34.14709	0.00444
33.99090	0.00444
34.14709	0.00444
33.99090	0.00444
34.09498	0.00444
33.99090	0.00444
34.09498	0.00444
34.04291	0.00444
34.14709	0.00444
33.99090	0.00444
34.19926	0.00444
34.09498	0.00444
34.09498	0.00444
34.04291	0.00444
34.14709	0.00444
34.04291	0.00444
34.19926	0.00450
34.09498	0.00450
34.19926	0.00450
34.14709	0.00450
34.19926	0.00450
34.04291	0.00450
34.14709	0.00450
34.09498	0.00450
34.19926	0.00450
34.14709	0.00450
34.19926	0.00450
34.14709	0.00450
34.19926	0.00450
34.14709	0.00450
34.19926	0.00450
34.09498	0.00450
34.19926	0.00450
34.14709	0.00450
34.14709	0.00450
34.14709	0.00450
34.25148	0.00450
34.14709	0.00450
34.19926	0.00450
34.14709	0.00450
34.19926	0.00450
34.14709	0.00450
34.19926	0.00450
34.14709	0.00450
34.25148	0.00450
34.14709	0.00450
34.19926	0.00450
34.14709	0.00450
34.19926	0.00450
34.19926	0.00450
34.19926	0.00450
34.14709	0.00450
34.30375	0.00450
34.19926	0.00450
34.30375	0.00450
34.19926	0.00450
34.30375	0.00450
34.19926	0.00450
34.19926	0.00450
34.14709	0.00450
34.30375	0.00450
34.19926	0.00450
34.30375	0.00450
34.25148	0.00450
34.30375	0.00450
34.19926	0.00450
34.30375	0.00450
34.19926	0.00450
34.30375	0.00450
34.25148	0.00450
34.30375	0.00450
34.25148	0.00450
34.30375	0.00450
34.25148	0.00456
34.30375	0.00456
34.25148	0.00456
34.30375	0.00456
34.25148	0.00456
34.30375	0.00456
34.19926	0.00456
34.35607	0.00456
34.25148	0.00456
34.35607	0.00456
34.25148	0.00456
34.30375	0.00456
34.25148	0.00456
34.40844	0.00456
34.25148	0.00456
34.35607	0.00456
34.30375	0.00456
34.35607	0.00456
34.30375	0.00456
34.40844	0.00456
34.25148	0.00456
34.35607	0.00456
34.30375	0.00456
34.35607	0.00456
34.35607	0.00456
34.35607	0.00456
34.30375	0.00456
34.35607	0.00456
34.30375	0.00456
34.40844	0.00456
34.35607	0.00456
34.40844	0.00456
34.30375	0.00456
34.40844	0.00456
34.30375	0.00456
34.40844	0.00456
34.35607	0.00456
34.40844	0.00456
34.35607	0.00456
34.40844	0.00456
34.35607	0.00456
34.40844	0.00456
34.35607	0.00456
34.40844	0.00456
34.35607	0.00456
34.40844	0.00456
34.35607	0.00456
34.40844	0.00456
34.35607	0.00456
34.40844	0.00456
34.35607	0.00456
34.40844	0.00456
34.35607	0.00456
34.40844	0.00456
34.35607	0.00456
34.40844	0.00456
34.35607	0.00456
34.40844	0.00462
34.35607	0.00462
34.40844	0.00462
34.35607	0.00462
34.40844	0.00462
34.40844	0.00462
34.40844	0.00462
34.35607	0.00462
34.40844	0.00462
34.35607	0.00462
34.40844	0.00462
34.40844	0.00462
34.40844	0.00462
34.40844	0.00462
34.51335	0.00462
34.40844	0.00462
34.40844	0.00462
34.46087	0.00462
34.40844	0.00462
34.40844	0.00462
34.51335	0.00462
34.40844	0.00462
34.51335	0.00462
34.40844	0.00462
34.56588	0.00462
34.46087	0.00462
34.56588	0.00462
34.40844	0.00462
34.51335	0.00462
34.40844	0.00462
34.56588	0.00462
34.40844	0.00462
34.56588	0.00462
34.46087	0.00462
34.56588	0.00462
34.46087	0.00462
34.56588	0.00462
34.46087	0.00462
34.51335	0.00462
34.51335	0.00462
34.61847	0.00462
34.46087	0.00462
34.61847	0.00462
34.51335	0.00462
34.56588	0.00462
34.40844	0.00462
34.56588	0.00462
34.51335	0.00462
34.61847	0.00462
34.51335	0.00462
34.61847	0.00462
34.51335	0.00462
34.61847	0.00462
34.56588	0.00462
34.61847	0.00462
34.56588	0.00462
34.61847	0.00469
34.56588	0.00469
34.67110	0.00469
34.56588	0.00469
34.67110	0.00469
34.56588	0.00469
34.67110	0.00469
34.56588	0.00469
34.61847	0.00469
34.56588	0.00469
34.61847	0.00469
34.61847	0.00469
34.67110	0.00469
34.61847	0.00469
34.67110	0.00469
34.56588	0.00469
34.67110	0.00469
34.56588	0.00469
34.67110	0.00469
34.56588	0.00469
34.72380	0.00469
34.56588	0.00469
34.67110	0.00469
34.56588	0.00469
34.72380	0.00469
34.61847	0.00469
34.72380	0.00469
34.61847	0.00469
34.72380	0.00469
34.61847	0.00469
34.72380	0.00469
34.61847	0.00469
34.72380	0.00469
34.61847	0.00469
34.72380	0.00469
34.67110	0.00469
34.72380	0.00469
34.61847	0.00469
34.72380	0.00469
34.67110	0.00469
34.72380	0.00469
34.61847	0.00469
34.72380	0.00469
34.67110	0.00469
34.72380	0.00469
34.67110	0.00469
34.72380	0.00469
34.67110	0.00469
34.72380	0.00469
34.67110	0.00469
34.72380	0.00469
34.67110	0.00469
34.77654	0.00469
34.67110	0.00469
34.77654	0.00469
34.72380	0.00475
34.77654	0.00475
34.67110	0.00475
34.82934	0.00475
34.72380	0.00475
34.82934	0.00475
34.67110	0.00475
34.82934	0.00475
34.72380	0.00475
34.82934	0.00475
34.67110	0.00475
34.77654	0.00475
34.77654	0.00475
34.82934	0.00475
34.72380	0.00475
34.77654	0.00475
34.72380	0.00475
34.77654	0.00475
34.77654	0.00475
34.82934	0.00475
34.77654	0.00475
34.82934	0.00475
34.77654	0.00475
34.82934	0.00475
34.77654	0.00475
34.82934	0.00475
34.77654	0.00475
34.82934	0.00475
34.77654	0.00475
34.82934	0.00475
34.77654	0.00475
34.82934	0.00475
34.77654	0.00475
34.82934	0.00475
34.77654	0.00475
34.82934	0.00475
34.77654	0.00475
34.82934	0.00475
34.77654	0.00475
34.82934	0.00475
34.77654	0.00475
34.82934	0.00475
34.82934	0.00475
34.82934	0.00475
34.82934	0.00475
34.82934	0.00475
34.82934	0.00475
34.82934	0.00475
34.82934	0.00475
34.82934	0.00475
34.82934	0.00475
34.82934	0.00475
34.82934	0.00475
34.82934	0.00475
34.88219	0.00475
34.82934	0.00475
34.77654	0.00475
34.82934	0.00475
34.82934	0.00481
34.82934	0.00481
34.82934	0.00481
34.93510	0.00481
34.88219	0.00481
34.82934	0.00481
34.88219	0.00481
34.82934	0.00481
34.88219	0.00481
34.82934	0.00481
34.88219	0.00481
34.93510	0.00481
34.88219	0.00481
34.93510	0.00481
34.88219	0.00481
34.93510	0.00481
34.88219	0.00481
34.98806	0.00481
34.88219	0.00481
34.93510	0.00481
34.88219	0.00481
34.93510	0.00481
34.88219	0.00481
34.98806	0.00481
34.88219	0.00481
35.04107	0.00481
34.98806	0.00481
34.98806	0.00481
34.93510	0.00481
35.04107	0.00481
34.98806	0.00481
35.04107	0.00481
34.93510	0.00481
35.04107	0.00481
34.98806	0.00481
35.04107	0.00481
34.93510	0.00481
34.98806	0.00481
34.98806	0.00481
34.98806	0.00481
34.88219	0.00481
35.04107	0.00481
34.93510	0.00481
35.04107	0.00481
34.98806	0.00481
35.04107	0.00481
34.98806	0.00481
35.04107	0.00481
34.98806	0.00481
35.04107	0.00481
34.98806	0.00481
35.04107	0.00487
34.98806	0.00487
35.04107	0.00487
34.98806	0.00487
35.04107	0.00487
34.98806	0.00487
35.04107	0.00487
34.98806	0.00487
35.04107	0.00487
34.98806	0.00487
35.09414	0.00487
34.98806	0.00487
35.09414	0.00487
34.98806	0.00487
35.04107	0.00487
35.04107	0.00487
35.09414	0.00487
34.98806	0.00487
35.14727	0.00487
34.98806	0.00487
35.14727	0.00487
34.98806	0.00487
35.14727	0.00487
34.98806	0.00487
35.14727	0.00487
35.04107	0.00487
35.14727	0.00487
35.04107	0.00487
35.14727	0.00487
35.04107	0.00487
35.14727	0.00487
35.09414	0.00487
35.14727	0.00487
35.04107	0.00487
35.14727	0.00487
35.09414	0.00487
35.14727	0.00487
35.04107	0.00487
35.20045	0.00487
35.09414	0.00487
35.14727	0.00487
35.09414	0.00487
35.14727	0.00487
35.09414	0.00487
35.20045	0.00487
35.09414	0.00487
35.14727	0.00487
35.09414	0.00487
35.20045	0.00487
35.09414	0.00487
35.14727	0.00487
35.09414	0.00487
35.20045	0.00487
35.09414	0.00487
35.25369	0.00487
35.09414	0.00487
35.25369	0.00487
35.14727	0.00487
35.20045	0.00487
35.09414	0.00487
35.20045	0.00487
35.14727	0.00487
35.25369	0.00487
35.14727	0.00494
35.20045	0.00494
35.14727	0.00494
35.25369	0.00494
35.20045	0.00494
35.25369	0.00494
35.14727	0.00494
35.20045	0.00494
35.14727	0.00494
35.25369	0.00494
35.20045	0.00494
35.25369	0.00494
35.14727	0.00494
35.25369	0.00494
35.20045	0.00494
35.25369	0.00494
35.20045	0.00494
35.25369	0.00494
35.20045	0.00494
35.25369	0.00494
35.20045	0.00494
35.25369	0.00494
35.20045	0.00494
35.25369	0.00494
35.20045	0.00494
35.25369	0.00494
35.20045	0.00494
35.25369	0.00494
35.20045	0.00494
35.25369	0.00494
35.20045	0.00494
35.25369	0.00494
35.25369	0.00494
35.25369	0.00494
35.20045	0.00494
35.25369	0.00494
35.20045	0.00494
35.25369	0.00494
35.25369	0.00494
35.25369	0.00494
35.25369	0.00494
35.36033	0.00494
35.30698	0.00494
35.36033	0.00494
35.25369	0.00494
35.36033	0.00494
35.25369	0.00494
35.25369	0.00494
35.25369	0.00494
35.36033	0.00494
35.25369	0.00494
35.36033	0.00494
35.25369	0.00494
35.36033	0.00494
35.25369	0.00494
35.36033	0.00494
35.25369	0.00494
35.36033	0.00494
35.30698	0.00494
35.41373	0.00500
35.30698	0.00500
35.36033	0.00500
35.30698	0.00500
35.36033	0.00500
35.25369	0.00500
35.41373	0.00500
35.25369	0.00500
35.36033	0.00500
35.25369	0.00500
35.36033	0.00500
35.30698	0.00500
35.41373	0.00500
35.30698	0.00500
35.41373	0.00500
35.36033	0.00500
35.46719	0.00500
35.36033	0.00500
35.46719	0.00500
35.36033	0.00500
35.46719	0.00500
35.36033	0.00500
35.46719	0.00500
35.36033	0.00500
35.46719	0.00500
35.41373	0.00500
35.46719	0.00500
35.41373	0.00500
35.41373	0.00500
35.41373	0.00500
35.46719	0.00500
35.41373	0.00500
35.46719	0.00500
35.41373	0.00500
35.46719	0.00500
35.41373	0.00500
35.46719	0.00500
35.36033	0.00500
35.46719	0.00500
35.41373	0.00500
35.46719	0.00500
35.41373	0.00500
35.46719	0.00500
35.41373	0.00500
35.52071	0.00500
35.41373	0.00500
35.46719	0.00500
35.41373	0.00500
35.52071	0.00500
35.46719	0.00500
35.52071	0.00500
35.41373	0.00500
35.52071	0.00500
35.41373	0.00500
35.57428	0.00500
35.46719	0.00500
35.52071	0.00506
35.52071	0.00506
35.57428	0.00506
35.41373	0.00506
35.57428	0.00506
35.46719	0.00506
35.57428	0.00506
35.41373	0.00506
35.57428	0.00506
35.52071	0.00506
35.57428	0.00506
35.52071	0.00506
35.57428	0.00506
35.46719	0.00506
35.57428	0.00506
35.46719	0.00506
35.57428	0.00506
35.46719	0.00506
35.57428	0.00506
35.52071	0.00506
35.57428	0.00506
35.52071	0.00506
35.57428	0.00506
35.46719	0.00506
35.57428	0.00506
35.52071	0.00506
35.68160	0.00506
35.57428	0.00506
35.62791	0.00506
35.52071	0.00506
35.62791	0.00506
35.57428	0.00506
35.62791	0.00506
35.57428	0.00506
35.68160	0.00506
35.52071	0.00506
35.68160	0.00506
35.62791	0.00506
35.62791	0.00506
35.57428	0.00506
35.68160	0.00506
35.52071	0.00506
35.62791	0.00506
35.57428	0.00506
35.68160	0.00506
35.57428	0.00506
35.68160	0.00506
35.62791	0.00506
35.68160	0.00506
35.57428	0.00506
35.68160	0.00506
35.62791	0.00506
35.68160	0.00513
35.57428	0.00513
35.68160	0.00513
35.62791	0.00513
35.68160	0.00513
35.62791	0.00513
35.68160	0.00513
35.62791	0.00513
35.68160	0.00513
35.62791	0.00513
35.68160	0.00513
35.62791	0.00513
35.68160	0.00513
35.62791	0.00513
35.68160	0.00513
35.62791	0.00513
35.68160	0.00513
35.62791	0.00513
35.68160	0.00513
35.68160	0.00513
35.68160	0.00513
35.62791	0.00513
35.68160	0.00513
35.62791	0.00513
35.68160	0.00513
35.68160	0.00513
35.68160	0.00513
35.68160	0.00513
35.68160	0.00513
35.68160	0.00513
35.68160	0.00513
35.68160	0.00513
35.68160	0.00513
35.68160	0.00513
35.68160	0.00513
35.73535	0.00513
35.68160	0.00513
35.73535	0.00513
35.68160	0.00513
35.68160	0.00513
35.68160	0.00513
35.73535	0.00513
35.68160	0.00513
35.73535	0.00513
35.84301	0.00513
35.73535	0.00513
35.84301	0.00513
35.73535	0.00513
35.84301	0.00513
35.73535	0.00513
35.78915	0.00513
35.73535	0.00513
35.84301	0.00513
35.73535	0.00513
35.78915	0.00513
35.73535	0.00513
35.84301	0.00519
35.78915	0.00519
35.78915	0.00519
35.78915	0.00519
35.89693	0.00519
35.78915	0.00519
35.84301	0.00519
35.78915	0.00519
35.89693	0.00519
35.78915	0.00519
35.89693	0.00519
35.78915	0.00519
35.89693	0.00519
35.84301	0.00519
35.89693	0.00519
35.84301	0.00519
35.89693	0.00519
35.78915	0.00519
35.89693	0.00519
35.84301	0.00519
35.89693	0.00519
35.84301	0.00519
35.89693	0.00519
35.84301	0.00519
35.89693	0.00519
35.84301	0.00519
35.89693	0.00519
35.84301	0.00519
35.89693	0.00519
35.84301	0.00519
35.89693	0.00519
35.84301	0.00519
35.89693	0.00519
35.84301	0.00519
35.89693	0.00519
35.84301	0.00519
35.89693	0.00519
35.84301	0.00519
35.89693	0.00519
35.84301	0.00519
35.89693	0.00519
35.84301	0.00519
35.95091	0.00519
35.84301	0.00519
35.95091	0.00519
35.89693	0.00519
36.00494	0.00519
35.89693	0.00519
36.00494	0.00519
35.84301	0.00519
36.00494	0.00519
35.95091	0.00519
36.00494	0.00525
35.89693	0.00525
36.00494	0.00525
35.95091	0.00525
36.00494	0.00525
35.89693	0.00525
36.00494	0.00525
35.95091	0.00525
36.00494	0.00525
35.95091	0.00525
36.00494	0.00525
35.95091	0.00525
36.00494	0.00525
35.95091	0.00525
36.00494	0.00525
35.95091	0.00525
36.00494	0.00525
35.95091	0.00525
36.00494	0.00525
35.95091	0.00525
36.00494	0.00525
35.95091	0.00525
36.05904	0.00525
35.95091	0.00525
36.11319	0.00525
35.95091	0.00525
36.00494	0.00525
35.95091	0.00525
36.05904	0.00525
35.95091	0.00525
36.05904	0.00525
36.00494	0.00525
36.11319	0.00525
35.95091	0.00525
36.11319	0.00525
36.00494	0.00525
36.11319	0.00525
36.00494	0.00525
36.11319	0.00525
35.95091	0.00525
36.11319	0.00525
36.00494	0.00525
36.11319	0.00525
36.05904	0.00525
36.11319	0.00525
36.05904	0.00525
36.11319	0.00525
36.05904	0.00525
36.11319	0.00525
36.00494	0.00525
36.11319	0.00525
36.05904	0.00525
36.11319	0.00525
36.05904	0.00525
36.11319	0.00525
36.05904	0.00531
36.11319	0.00531
36.05904	0.00531
36.11319	0.00531
36.05904	0.00531
36.11319	0.00531
36.05904	0.00531
36.11319	0.00531
36.05904	0.00531
36.11319	0.00531
36.05904	0.00531
36.11319	0.00531
36.05904	0.00531
36.11319	0.00531
36.05904	0.00531
36.11319	0.00531
36.05904	0.00531
36.11319	0.00531
36.11319	0.00531
36.11319	0.00531
36.11319	0.00531
36.11319	0.00531
36.11319	0.00531
36.22168	0.00531
36.11319	0.00531
36.22168	0.00531
36.11319	0.00531
36.22168	0.00531
36.11319	0.00531
36.11319	0.00531
36.11319	0.00531
36.11319	0.00531
36.11319	0.00531
36.11319	0.00531
36.11319	0.00531
36.22168	0.00531
36.11319	0.00531
36.27601	0.00531
36.16740	0.00531
36.27601	0.00531
36.11319	0.00531
36.27601	0.00531
36.16740	0.00531
36.22168	0.00531
36.16740	0.00531
36.22168	0.00531
36.11319	0.00531
36.27601	0.00531
36.22168	0.00531
36.33040	0.00531
36.22168	0.00531
36.33040	0.00531
36.22168	0.00531
36.27601	0.00531
36.11319	0.00531
36.27601	0.00531
36.16740	0.00531
36.27601	0.00531
36.22168	0.00531
36.33040	0.00537
36.27601	0.00537
36.33040	0.00537
36.22168	0.00537
36.33040	0.00537
36.16740	0.00537
36.33040	0.00537
36.27601	0.00537
36.33040	0.00537
36.27601	0.00537
36.33040	0.00537
36.27601	0.00537
36.33040	0.00537
36.27601	0.00537
36.33040	0.00537
36.27601	0.00537
36.33040	0.00537
36.27601	0.00537
36.33040	0.00537
36.27601	0.00537
36.33040	0.00537
36.27601	0.00537
36.33040	0.00537
36.27601	0.00537
36.38485	0.00537
36.33040	0.00537
36.43937	0.00537
36.33040	0.00537
36.43937	0.00537
36.27601	0.00537
36.33040	0.00537
36.27601	0.00537
36.38485	0.00537
36.33040	0.00537
36.38485	0.00537
36.33040	0.00537
36.43937	0.00537
36.27601	0.00537
36.43937	0.00537
36.33040	0.00537
36.43937	0.00537
36.38485	0.00537
36.43937	0.00537
36.38485	0.00537
36.43937	0.00537
36.33040	0.00537
36.43937	0.00537
36.33040	0.00537
36.43937	0.00537
36.33040	0.00537
36.43937	0.00537
36.33040	0.00537
36.43937	0.00537
36.38485	0.00537
36.43937	0.00537
36.38485	0.00537
36.43937	0.00537
36.38485	0.00537
36.43937	0.00537
36.38485	0.00537
36.43937	0.00537
36.43937	0.00537
36.43937	0.00537
36.38485	0.00537
36.49394	0.00544
36.38485	0.00544
36.49394	0.00544
36.43937	0.00544
36.54857	0.00544
36.43937	0.00544
36.49394	0.00544
36.43937	0.00544
36.49394	0.00544
36.43937	0.00544
36.54857	0.00544
36.43937	0.00544
36.54857	0.00544
36.38485	0.00544
36.49394	0.00544
36.43937	0.00544
36.54857	0.00544
36.43937	0.00544
36.54857	0.00544
36.43937	0.00544
36.54857	0.00544
36.49394	0.00544
36.54857	0.00544
36.43937	0.00544
36.54857	0.00544
36.49394	0.00544
36.54857	0.00544
36.49394	0.00544
36.54857	0.00544
36.49394	0.00544
36.54857	0.00544
36.49394	0.00544
36.54857	0.00544
36.49394	0.00544
36.54857	0.00544
36.49394	0.00544
36.54857	0.00544
36.49394	0.00544
36.54857	0.00544
36.49394	0.00544
36.54857	0.00544
36.49394	0.00544
36.54857	0.00544
36.49394	0.00544
36.54857	0.00544
36.49394	0.00544
36.54857	0.00544
36.49394	0.00544
36.54857	0.00544
36.54857	0.00544
36.54857	0.00550
36.54857	0.00550
36.54857	0.00550
36.60327	0.00550
36.54857	0.00550
36.54857	0.00550
36.54857	0.00550
36.60327	0.00550
36.54857	0.00550
36.60327	0.00550
36.54857	0.00550
36.60327	0.00550
36.54857	0.00550
36.60327	0.00550
36.54857	0.00550
36.60327	0.00550
36.54857	0.00550
36.60327	0.00550
36.54857	0.00550
36.60327	0.00550
36.65803	0.00550
36.60327	0.00550
36.71285	0.00550
36.60327	0.00550
36.65803	0.00550
36.60327	0.00550
36.54857	0.00550
36.60327	0.00550
36.54857	0.00550
36.60327	0.00550
36.65803	0.00550
36.60327	0.00550
36.65803	0.00550
36.60327	0.00550
36.71285	0.00550
36.65803	0.00550
36.76773	0.00550
36.71285	0.00550
36.76773	0.00550
36.65803	0.00550
36.71285	0.00550
36.60327	0.00550
36.71285	0.00550
36.65803	0.00550
36.71285	0.00550
36.65803	0.00550
36.76773	0.00550
36.71285	0.00550
36.76773	0.00550
36.71285	0.00550
36.76773	0.00550
36.65803	0.00550
36.76773	0.00550
36.71285	0.00550
36.76773	0.00550
36.71285	0.00550
36.76773	0.00550
36.71285	0.00550
36.76773	0.00550
36.71285	0.00550
36.82267	0.00556
36.71285	0.00556
36.76773	0.00556
36.71285	0.00556
36.76773	0.00556
36.71285	0.00556
36.76773	0.00556
36.71285	0.00556
36.82267	0.00556
36.71285	0.00556
36.76773	0.00556
36.71285	0.00556
36.76773	0.00556
36.71285	0.00556
36.76773	0.00556
36.71285	0.00556
36.82267	0.00556
36.71285	0.00556
36.82267	0.00556
36.76773	0.00556
36.82267	0.00556
36.71285	0.00556
36.82267	0.00556
36.71285	0.00556
36.87768	0.00556
36.76773	0.00556
36.87768	0.00556
36.76773	0.00556
36.87768	0.00556
36.76773	0.00556
36.87768	0.00556
36.76773	0.00556
36.87768	0.00556
36.76773	0.00556
36.87768	0.00556
36.82267	0.00556
36.93274	0.00556
36.82267	0.00556
36.87768	0.00556
36.82267	0.00556
36.93274	0.00556
36.82267	0.00556
36.87768	0.00556
36.82267	0.00556
36.93274	0.00556
36.82267	0.00556
36.93274	0.00556
36.82267	0.00556
36.87768	0.00556
36.82267	0.00556
36.87768	0.00556
36.82267	0.00556
36.93274	0.00556
36.82267	0.00556
36.93274	0.00556
36.82267	0.00556
36.93274	0.00556
36.82267	0.00556
36.93274	0.00562
36.87768	0.00562
36.98787	0.00562
36.93274	0.00562
36.98787	0.00562
36.87768	0.00562
36.98787	0.00562
36.93274	0.00562
36.98787	0.00562
36.87768	0.00562
36.98787	0.00562
36.87768	0.00562
36.98787	0.00562
36.93274	0.00562
36.98787	0.00562
36.93274	0.00562
36.98787	0.00562
36.93274	0.00562
36.98787	0.00562
36.93274	0.00562
36.98787	0.00562
36.93274	0.00562
36.98787	0.00562
36.93274	0.00562
36.98787	0.00562
36.93274	0.00562
36.98787	0.00562
36.93274	0.00562
36.98787	0.00562
36.93274	0.00562
36.98787	0.00562
36.93274	0.00562
36.98787	0.00562
36.98787	0.00562
36.98787	0.00562
36.93274	0.00562
36.98787	0.00562
36.98787	0.00562
36.98787	0.00562
36.98787	0.00562
37.04307	0.00562
36.98787	0.00562
37.04307	0.00562
36.98787	0.00562
37.09833	0.00562
36.98787	0.00562
36.98787	0.00562
36.98787	0.00562
36.98787	0.00562
36.98787	0.00562
36.98787	0.00562
36.98787	0.00562
37.09833	0.00562
36.98787	0.00562
37.09833	0.00562
36.98787	0.00562
37.09833	0.00569
37.04307	0.00569
37.09833	0.00569
37.04307	0.00569
37.15365	0.00569
37.04307	0.00569
37.09833	0.00569
37.04307	0.00569
37.15365	0.00569
37.04307	0.00569
37.15365	0.00569
37.04307	0.00569
37.09833	0.00569
36.98787	0.00569
37.09833	0.00569
37.09833	0.00569
37.20903	0.00569
37.04307	0.00569
37.15365	0.00569
37.09833	0.00569
37.15365	0.00569
37.04307	0.00569
37.15365	0.00569
37.09833	0.00569
37.20903	0.00569
37.09833	0.00569
37.20903	0.00569
37.09833	0.00569
37.15365	0.00569
37.09833	0.00569
37.20903	0.00569
37.15365	0.00569
37.20903	0.00569
37.09833	0.00569
37.20903	0.00569
37.15365	0.00569
37.20903	0.00569
37.15365	0.00569
37.26448	0.00569
37.15365	0.00569
37.20903	0.00569
37.15365	0.00569
37.20903	0.00569
37.15365	0.00569
37.20903	0.00569
37.15365	0.00569
37.20903	0.00569
37.15365	0.00569
37.20903	0.00569
37.15365	0.00569
37.20903	0.00569
37.20903	0.00569
37.31999	0.00569
37.15365	0.00569
37.20903	0.00569
37.20903	0.00575
37.31999	0.00575
37.20903	0.00575
37.31999	0.00575
37.20903	0.00575
37.26448	0.00575
37.15365	0.00575
37.20903	0.00575
37.20903	0.00575
37.31999	0.00575
37.20903	0.00575
37.31999	0.00575
37.20903	0.00575
37.31999	0.00575
37.26448	0.00575
37.31999	0.00575
37.26448	0.00575
37.31999	0.00575
37.20903	0.00575
37.31999	0.00575
37.26448	0.00575
37.31999	0.00575
37.26448	0.00575
37.31999	0.00575
37.26448	0.00575
37.37557	0.00575
37.26448	0.00575
37.31999	0.00575
37.26448	0.00575
37.37557	0.00575
37.26448	0.00575
37.37557	0.00575
37.26448	0.00575
37.31999	0.00575
37.26448	0.00575
37.31999	0.00575
37.31999	0.00575
37.31999	0.00575
37.26448	0.00575
37.37557	0.00575
37.26448	0.00575
37.43122	0.00575
37.31999	0.00575
37.43122	0.00575
37.31999	0.00575
37.37557	0.00575
37.31999	0.00575
37.37557	0.00575
37.26448	0.00575
37.37557	0.00575
37.31999	0.00575
37.43122	0.00575
37.31999	0.00575
37.43122	0.00575
37.37557	0.00575
37.43122	0.00575
37.31999	0.00575
37.43122	0.00575
37.37557	0.00575
37.43122	0.00581
37.37557	0.00581
37.43122	0.00581
37.37557	0.00581
37.43122	0.00581
37.37557	0.00581
37.43122	0.00581
37.37557	0.00581
37.43122	0.00581
37.43122	0.00581
37.43122	0.00581
37.37557	0.00581
37.43122	0.00581
37.37557	0.00581
37.43122	0.00581
37.37557	0.00581
37.43122	0.00581
37.37557	0.00581
37.43122	0.00581
37.43122	0.00581
37.43122	0.00581
37.37557	0.00581
37.43122	0.00581
37.43122	0.00581
37.43122	0.00581
37.43122	0.00581
37.43122	0.00581
37.43122	0.00581
37.43122	0.00581
37.43122	0.00581
37.43122	0.00581
37.43122	0.00581
37.43122	0.00581
37.43122	0.00581
37.43122	0.00581
37.43122	0.00581
37.43122	0.00581
37.43122	0.00581
37.43122	0.00581
37.43122	0.00581
37.43122	0.00581
37.43122	0.00581
37.43122	0.00581
37.43122	0.00581
37.54270	0.00581
37.43122	0.00581
37.54270	0.00581
37.43122	0.00581
37.54270	0.00581
37.43122	0.00581
37.59854	0.00581
37.48692	0.00581
37.54270	0.00581
37.43122	0.00581
37.59854	0.00581
37.43122	0.00581
37.59854	0.00587
37.43122	0.00587
37.59854	0.00587
37.48692	0.00587
37.54270	0.00587
37.43122	0.00587
37.65444	0.00587
37.43122	0.00587
37.65444	0.00587
37.54270	0.00587
37.65444	0.00587
37.54270	0.00587
37.65444	0.00587
37.59854	0.00587
37.65444	0.00587
37.54270	0.00587
37.65444	0.00587
37.54270	0.00587
37.65444	0.00587
37.59854	0.00587
37.65444	0.00587
37.59854	0.00587
37.65444	0.00587
37.59854	0.00587
37.65444	0.00587
37.59854	0.00587
37.65444	0.00587
37.59854	0.00587
37.65444	0.00587
37.59854	0.00587
37.65444	0.00587
37.59854	0.00587
37.65444	0.00587
37.59854	0.00587
37.65444	0.00587
37.59854	0.00587
37.65444	0.00587
37.59854	0.00587
37.65444	0.00587
37.59854	0.00587
37.76645	0.00587
37.65444	0.00587
37.71041	0.00587
37.59854	0.00587
37.76645	0.00587
37.59854	0.00587
37.71041	0.00587
37.59854	0.00587
37.71041	0.00587
37.65444	0.00587
37.76645	0.00587
37.65444	0.00587
37.76645	0.00587
37.65444	0.00587
37.76645	0.00587
37.65444	0.00587
37.76645	0.00587
37.59854	0.00587
37.76645	0.00594
37.65444	0.00594
37.76645	0.00594
37.71041	0.00594
37.76645	0.00594
37.59854	0.00594
37.76645	0.00594
37.71041	0.00594
37.76645	0.00594
37.71041	0.00594
37.76645	0.00594
37.71041	0.00594
37.76645	0.00594
37.71041	0.00594
37.82256	0.00594
37.71041	0.00594
37.76645	0.00594
37.71041	0.00594
37.82256	0.00594
37.71041	0.00594
37.76645	0.00594
37.71041	0.00594
37.82256	0.00594
37.76645	0.00594
37.82256	0.00594
37.71041	0.00594
37.82256	0.00594
37.76645	0.00594
37.82256	0.00594
37.76645	0.00594
37.87873	0.00594
37.76645	0.00594
37.87873	0.00594
37.76645	0.00594
37.87873	0.00594
37.82256	0.00594
37.87873	0.00594
37.76645	0.00594
37.87873	0.00594
37.82256	0.00594
37.87873	0.00594
37.82256	0.00594
37.87873	0.00594
37.82256	0.00594
37.87873	0.00594
37.82256	0.00594
37.87873	0.00594
37.82256	0.00594
37.87873	0.00594
37.82256	0.00594
37.87873	0.00594
37.82256	0.00594
37.87873	0.00594
37.82256	0.00594
37.87873	0.00594
37.82256	0.00600
37.87873	0.00600
37.82256	0.00600
37.87873	0.00600
37.82256	0.00600
37.87873	0.00600
37.82256	0.00600
37.87873	0.00600
37.82256	0.00600
37.87873	0.00600
37.82256	0.00600
37.87873	0.00600
37.87873	0.00600
37.87873	0.00600
37.87873	0.00600
37.99127	0.00600
37.87873	0.00600
37.87873	0.00600
37.87873	0.00600
37.87873	0.00600
37.87873	0.00600
37.87873	0.00600
37.87873	0.00600
37.87873	0.00600
37.87873	0.00600
37.87873	0.00600
37.87873	0.00600
37.87873	0.00600
37.87873	0.00600
37.87873	0.00600
37.87873	0.00600
37.99127	0.00600
37.87873	0.00600
37.99127	0.00600
37.87873	0.00600
38.04765	0.00600
37.87873	0.00600
37.99127	0.00600
37.87873	0.00600
38.04765	0.00600
37.93497	0.00600
37.99127	0.00600
37.87873	0.00600
37.99127	0.00600
37.87873	0.00600
37.99127	0.00600
37.87873	0.00600
38.10409	0.00600
37.99127	0.00600
38.04765	0.00600
37.99127	0.00600
38.10409	0.00600
37.93497	0.00600
38.10409	0.00600
37.93497	0.00600
38.10409	0.00600
37.99127	0.00600
38.10409	0.00600
37.99127	0.00600
38.10409	0.00600
37.99127	0.00600
38.10409	0.00600
38.04765	0.00600
38.10409	0.00600
37.99127	0.00606
38.10409	0.00606
38.04765	0.00606
38.16060	0.00606
38.04765	0.00606
38.10409	0.00606
38.04765	0.00606
38.10409	0.00606
38.04765	0.00606
38.10409	0.00606
38.04765	0.00606
38.10409	0.00606
38.04765	0.00606
38.10409	0.00606
38.04765	0.00606
38.10409	0.00606
38.04765	0.00606
38.10409	0.00606
38.04765	0.00606
38.21718	0.00606
38.04765	0.00606
38.16060	0.00606
38.04765	0.00606
38.10409	0.00606
38.10409	0.00606
38.10409	0.00606
38.10409	0.00606
38.21718	0.00606
38.16060	0.00606
38.21718	0.00606
38.10409	0.00606
38.16060	0.00606
38.04765	0.00606
38.16060	0.00606
38.04765	0.00606
38.21718	0.00606
38.10409	0.00606
38.21718	0.00606
38.10409	0.00606
38.21718	0.00606
38.10409	0.00606
38.21718	0.00606
38.16060	0.00606
38.21718	0.00606
38.10409	0.00606
38.21718	0.00606
38.16060	0.00606
38.21718	0.00606
38.16060	0.00606
38.27383	0.00606
38.16060	0.00606
38.21718	0.00606
38.16060	0.00606
38.21718	0.00606
38.16060	0.00606
38.27383	0.00606
38.16060	0.00606
38.27383	0.00612
38.21718	0.00612
38.27383	0.00612
38.16060	0.00612
38.21718	0.00612
38.16060	0.00612
38.27383	0.00612
38.16060	0.00612
38.27383	0.00612
38.21718	0.00612
38.27383	0.00612
38.16060	0.00612
38.27383	0.00612
38.16060	0.00612
38.33054	0.00612
38.27383	0.00612
38.33054	0.00612
38.27383	0.00612
38.33054	0.00612
38.27383	0.00612
38.33054	0.00612
38.27383	0.00612
38.33054	0.00612
38.21718	0.00612
38.33054	0.00612
38.21718	0.00612
38.33054	0.00612
38.27383	0.00612
38.33054	0.00612
38.27383	0.00612
38.33054	0.00612
38.27383	0.00612
38.33054	0.00612
38.27383	0.00612
38.33054	0.00612
38.27383	0.00612
38.33054	0.00612
38.27383	0.00612
38.33054	0.00612
38.33054	0.00612
38.33054	0.00612
38.27383	0.00612
38.33054	0.00612
38.27383	0.00612
38.33054	0.00612
38.27383	0.00612
38.33054	0.00612
38.27383	0.00612
38.33054	0.00612
38.27383	0.00612
38.33054	0.00612
38.38733	0.00612
38.33054	0.00612
38.33054	0.00612
38.33054	0.00612
38.38733	0.00612
38.33054	0.00612
38.33054	0.00612
38.33054	0.00612
38.38733	0.00612
38.33054	0.00612
38.38733	0.00612
38.33054	0.00612
38.38733	0.00612
38.33054	0.00619
38.38733	0.00619
38.33054	0.00619
38.38733	0.00619
38.44419	0.00619
38.38733	0.00619
38.44419	0.00619
38.38733	0.00619
38.44419	0.00619
38.38733	0.00619
38.50111	0.00619
38.38733	0.00619
38.33054	0.00619
38.33054	0.00619
38.50111	0.00619
38.38733	0.00619
38.50111	0.00619
38.38733	0.00619
38.50111	0.00619
38.38733	0.00619
38.50111	0.00619
38.38733	0.00619
38.50111	0.00619
38.44419	0.00619
38.55811	0.00619
38.44419	0.00619
38.55811	0.00619
38.44419	0.00619
38.50111	0.00619
38.44419	0.00619
38.50111	0.00619
38.44419	0.00619
38.50111	0.00619
38.50111	0.00619
38.55811	0.00619
38.50111	0.00619
38.55811	0.00619
38.50111	0.00619
38.55811	0.00619
38.44419	0.00619
38.55811	0.00619
38.50111	0.00619
38.55811	0.00619
38.50111	0.00619
38.55811	0.00619
38.50111	0.00619
38.55811	0.00619
38.50111	0.00619
38.55811	0.00619
38.50111	0.00619
38.67232	0.00619
38.50111	0.00619
38.61518	0.00619
38.50111	0.00619
38.61518	0.00619
38.50111	0.00619
38.55811	0.00619
38.55811	0.00625
38.67232	0.00625
38.50111	0.00625
38.61518	0.00625
38.50111	0.00625
38.55811	0.00625
38.55811	0.00625
38.61518	0.00625
38.55811	0.00625
38.67232	0.00625
38.61518	0.00625
38.61518	0.00625
38.50111	0.00625
38.55811	0.00625
38.55811	0.00625
38.67232	0.00625
38.55811	0.00625
38.67232	0.00625
38.55811	0.00625
38.67232	0.00625
38.55811	0.00625
38.67232	0.00625
38.55811	0.00625
38.67232	0.00625
38.55811	0.00625
38.67232	0.00625
38.61518	0.00625
38.67232	0.00625
38.61518	0.00625
38.67232	0.00625
38.61518	0.00625
38.67232	0.00625
38.61518	0.00625
38.72953	0.00625
38.61518	0.00625
38.72953	0.00625
38.61518	0.00625
38.72953	0.00625
38.67232	0.00625
38.67232	0.00625
38.67232	0.00625
38.78681	0.00625
38.67232	0.00625
38.72953	0.00625
38.67232	0.00625
38.72953	0.00625
38.67232	0.00625
38.78681	0.00625
38.72953	0.00625
38.72953	0.00625
38.61518	0.00631
38.72953	0.00631
38.67232	0.00631
38.78681	0.00631
38.72953	0.00631
38.78681	0.00631
38.72953	0.00631
38.78681	0.00631
38.72953	0.00631
38.78681	0.00631
38.72953	0.00631
38.78681	0.00631
38.72953	0.00631
38.78681	0.00631
38.72953	0.00631
38.78681	0.00631
38.72953	0.00631
38.78681	0.00631
38.72953	0.00631
38.78681	0.00631
38.72953	0.00631
38.78681	0.00631
38.72953	0.00631
38.78681	0.00631
38.72953	0.00631
38.78681	0.00631
38.78681	0.00631
38.78681	0.00631
38.72953	0.00631
38.78681	0.00631
38.72953	0.00631
38.78681	0.00631
38.72953	0.00631
38.78681	0.00631
38.72953	0.00631
38.78681	0.00631
38.78681	0.00631
38.78681	0.00631
38.78681	0.00631
38.78681	0.00631
38.78681	0.00631
38.78681	0.00631
38.78681	0.00631
38.78681	0.00631
38.78681	0.00631
38.90158	0.00631
38.78681	0.00631
38.90158	0.00631
38.78681	0.00631
38.90158	0.00631
38.78681	0.00631
38.78681	0.00631
38.78681	0.00631
38.78681	0.00631
38.78681	0.00631
38.90158	0.00631
38.78681	0.00631
38.90158	0.00631
38.84416	0.00631
38.95908	0.00631
38.84416	0.00631
38.95908	0.00631
38.78681	0.00637
38.95908	0.00637
38.84416	0.00637
38.95908	0.00637
38.84416	0.00637
38.95908	0.00637
38.78681	0.00637
38.95908	0.00637
38.78681	0.00637
39.01665	0.00637
38.84416	0.00637
39.01665	0.00637
38.84416	0.00637
38.95908	0.00637
38.90158	0.00637
38.95908	0.00637
38.84416	0.00637
38.95908	0.00637
38.95908	0.00637
39.01665	0.00637
38.90158	0.00637
39.01665	0.00637
38.90158	0.00637
39.01665	0.00637
38.95908	0.00637
39.01665	0.00637
38.95908	0.00637
38.95908	0.00637
38.95908	0.00637
39.01665	0.00637
38.90158	0.00637
39.01665	0.00637
38.95908	0.00637
39.01665	0.00637
38.95908	0.00637
39.01665	0.00637
38.95908	0.00637
39.01665	0.00637
38.95908	0.00637
39.01665	0.00637
38.95908	0.00637
39.01665	0.00637
38.95908	0.00637
39.01665	0.00637
38.95908	0.00637
39.07429	0.00637
38.95908	0.00637
39.01665	0.00637
38.95908	0.00637
39.07429	0.00637
38.95908	0.00637
39.01665	0.00637
39.01665	0.00637
39.07429	0.00637
39.01665	0.00637
39.13201	0.00637
38.95908	0.00637
39.13201	0.00637
38.95908	0.00637
39.13201	0.00637
39.01665	0.00637
39.13201	0.00637
39.07429	0.00644
39.13201	0.00644
39.07429	0.00637
39.13201	0.00644
39.01665	0.00644
39.13201	0.00644
39.01665	0.00644
39.13201	0.00644
39.07429	0.00644
39.13201	0.00644
39.07429	0.00644
39.13201	0.00644
39.07429	0.00644
39.13201	0.00644
39.07429	0.00644
39.07429	0.00644
39.07429	0.00644
39.13201	0.00644
39.07429	0.00644
39.13201	0.00644
39.07429	0.00644
39.18980	0.00644
39.07429	0.00644
39.13201	0.00644
39.07429	0.00644
39.18980	0.00644
39.13201	0.00644
39.18980	0.00644
39.07429	0.00644
39.24766	0.00644
39.07429	0.00644
39.18980	0.00644
39.07429	0.00644
39.18980	0.00644
39.13201	0.00644
39.24766	0.00644
39.18980	0.00644
39.24766	0.00644
39.13201	0.00644
39.24766	0.00644
39.18980	0.00644
39.24766	0.00644
39.13201	0.00644
39.24766	0.00644
39.18980	0.00644
39.24766	0.00644
39.18980	0.00644
39.24766	0.00644
39.13201	0.00644
39.24766	0.00644
39.18980	0.00644
39.24766	0.00644
39.18980	0.00644
39.24766	0.00644
39.18980	0.00644
39.24766	0.00644
39.18980	0.00644
39.24766	0.00644
39.18980	0.00650
39.24766	0.00650
39.18980	0.00644
39.24766	0.00650
39.18980	0.00650
39.24766	0.00650
39.18980	0.00650
39.24766	0.00650
39.18980	0.00650
39.24766	0.00650
39.18980	0.00650
39.24766	0.00650
39.18980	0.00650
39.24766	0.00650
39.18980	0.00650
39.24766	0.00650
39.18980	0.00650
39.24766	0.00650
39.24766	0.00650
39.24766	0.00650
39.24766	0.00650
39.24766	0.00650
39.24766	0.00650
39.24766	0.00650
39.24766	0.00650
39.24766	0.00650
39.24766	0.00650
39.24766	0.00650
39.30560	0.00650
39.24766	0.00650
39.24766	0.00650
39.24766	0.00650
39.30560	0.00650
39.24766	0.00650
39.30560	0.00650
39.24766	0.00650
39.36361	0.00650
39.24766	0.00650
39.30560	0.00650
39.36361	0.00650
39.30560	0.00650
39.36361	0.00650
39.30560	0.00650
39.36361	0.00650
39.30560	0.00650
39.36361	0.00650
39.30560	0.00650
39.42170	0.00650
39.30560	0.00650
39.24766	0.00650
39.36361	0.00650
39.42170	0.00650
39.36361	0.00650
39.42170	0.00650
39.30560	0.00656
39.47986	0.00656
39.36361	0.00656
39.47986	0.00656
39.30560	0.00656
39.42170	0.00656
39.30560	0.00656
39.42170	0.00656
39.42170	0.00656
39.47986	0.00656
39.42170	0.00656
39.47986	0.00656
39.42170	0.00656
39.47986	0.00656
39.42170	0.00656
39.47986	0.00656
39.42170	0.00656
39.47986	0.00656
39.42170	0.00656
39.47986	0.00656
39.42170	0.00656
39.47986	0.00656
39.42170	0.00656
39.47986	0.00656
39.42170	0.00656
39.53809	0.00656
39.42170	0.00656
39.53809	0.00656
39.42170	0.00656
39.47986	0.00656
39.42170	0.00656
39.47986	0.00656
39.42170	0.00656
39.47986	0.00656
39.47986	0.00656
39.59641	0.00656
39.47986	0.00656
39.59641	0.00656
39.42170	0.00656
39.59641	0.00656
39.42170	0.00656
39.59641	0.00656
39.47986	0.00656
39.53809	0.00656
39.47986	0.00656
39.59641	0.00656
39.47986	0.00656
39.59641	0.00656
39.47986	0.00656
39.59641	0.00656
39.53809	0.00663
39.59641	0.00663
39.47986	0.00663
39.59641	0.00663
39.47986	0.00663
39.59641	0.00663
39.53809	0.00663
39.59641	0.00663
39.53809	0.00663
39.59641	0.00663
39.47986	0.00663
39.59641	0.00663
39.47986	0.00663
39.59641	0.00663
39.53809	0.00663
39.59641	0.00663
39.59641	0.00663
39.59641	0.00663
39.53809	0.00663
39.59641	0.00663
39.53809	0.00663
39.65479	0.00663
39.53809	0.00663
39.65479	0.00663
39.53809	0.00663
39.65479	0.00663
39.53809	0.00663
39.65479	0.00663
39.59641	0.00663
39.65479	0.00663
39.53809	0.00663
39.65479	0.00663
39.53809	0.00663
39.65479	0.00663
39.59641	0.00663
39.71326	0.00663
39.65479	0.00663
39.71326	0.00663
39.59641	0.00663
39.71326	0.00663
39.65479	0.00663
39.71326	0.00663
39.65479	0.00663
39.71326	0.00663
39.65479	0.00663
39.71326	0.00663
39.65479	0.00663
39.71326	0.00663
39.65479	0.00663
39.71326	0.00663
39.65479	0.00663
39.71326	0.00663
39.65479	0.00663
39.71326	0.00663
39.65479	0.00663
39.71326	0.00663
39.65479	0.00663
39.71326	0.00663
39.65479	0.00663
39.71326	0.00663
39.65479	0.00663
39.71326	0.00669
39.65479	0.00669
39.71326	0.00669
39.65479	0.00669
39.71326	0.00669
39.65479	0.00669
39.71326	0.00669
39.71326	0.00669
39.71326	0.00669
39.71326	0.00669
39.71326	0.00669
39.71326	0.00669
39.71326	0.00669
39.65479	0.00669
39.71326	0.00669
39.71326	0.00669
39.83042	0.00669
39.71326	0.00669
39.83042	0.00669
39.71326	0.00669
39.83042	0.00669
39.71326	0.00669
39.83042	0.00669
39.71326	0.00669
39.71326	0.00669
39.71326	0.00669
39.71326	0.00669
39.71326	0.00669
39.83042	0.00669
39.71326	0.00669
39.83042	0.00669
39.71326	0.00669
39.83042	0.00669
39.77180	0.00669
39.88911	0.00669
39.77180	0.00669
39.88911	0.00669
39.71326	0.00669
39.83042	0.00669
39.71326	0.00669
39.94788	0.00669
39.83042	0.00669
39.88911	0.00669
39.77180	0.00669
39.88911	0.00669
39.77180	0.00669
39.88911	0.00669
39.77180	0.00669
39.88911	0.00669
39.83042	0.00669
39.94788	0.00669
39.83042	0.00669
39.88911	0.00669
39.83042	0.00669
39.94788	0.00669
39.88911	0.00669
39.94788	0.00669
39.88911	0.00669
39.94788	0.00669
39.88911	0.00669
39.94788	0.00675
39.83042	0.00675
39.94788	0.00675
39.88911	0.00675
39.94788	0.00675
39.88911	0.00675
39.94788	0.00675
39.88911	0.00675
39.94788	0.00675
39.88911	0.00675
39.94788	0.00675
39.88911	0.00675
39.94788	0.00675
39.88911	0.00675
39.94788	0.00675
39.88911	0.00675
39.94788	0.00675
39.88911	0.00675
39.94788	0.00675
39.88911	0.00675
39.94788	0.00675
39.88911	0.00675
39.94788	0.00675
39.88911	0.00675
39.94788	0.00675
39.88911	0.00675
40.00673	0.00675
39.88911	0.00675
40.00673	0.00675
39.88911	0.00675
40.00673	0.00675
39.94788	0.00675
40.06566	0.00675
40.00673	0.00675
40.06566	0.00675
39.94788	0.00675
40.06566	0.00675
39.94788	0.00675
40.00673	0.00675
39.94788	0.00675
40.06566	0.00675
39.94788	0.00675
40.06566	0.00675
39.94788	0.00675
40.06566	0.00675
40.00673	0.00675
40.06566	0.00675
40.00673	0.00675
40.06566	0.00675
40.00673	0.00675
40.06566	0.00675
