Temperatura. Can B ( C )	Pressione. Can A ( kPa )
23.76054	0.07324
23.80522	0.07813
23.71588	0.07813
23.80522	0.07813
23.67124	0.07813
23.80522	0.07813
23.67124	0.07813
23.76054	0.07324
23.71588	0.07813
23.80522	0.07324
23.71588	0.07813
23.80522	0.07813
23.67124	0.07813
23.80522	0.07324
23.71588	0.07813
23.76054	0.06836
23.71588	0.07813
23.76054	0.07324
23.67124	0.07813
23.76054	0.07324
23.67124	0.07813
23.76054	0.07324
23.71588	0.07813
23.80522	0.07813
23.71588	0.07813
23.76054	0.07813
23.67124	0.07324
23.76054	0.07324
23.71588	0.07813
23.67124	0.06836
23.71588	0.07813
23.80522	0.06836
23.67124	0.07813
23.76054	0.07324
23.71588	0.07813
23.76054	0.07324
23.67124	0.06836
23.76054	0.07324
23.67124	0.07813
23.80522	0.07324
23.71588	0.06836
23.80522	0.06836
23.67124	0.07813
23.76054	0.06836
23.71588	0.06836
23.76054	0.06836
23.71588	0.07813
23.80522	0.07324
23.67124	0.07324
23.76054	0.07324
23.71588	0.07324
23.80522	0.07324
23.71588	0.07813
23.76054	0.06836
23.67124	0.06836
23.76054	0.07324
23.67124	0.06836
23.80522	0.07324
23.71588	0.07813
23.67124	0.06836
23.67124	0.06836
23.80522	0.07324
23.67124	0.06836
23.76054	0.06836
23.71588	0.07813
23.80522	0.06836
23.71588	0.06836
23.76054	0.06836
23.71588	0.06836
23.76054	0.06836
23.67124	0.06836
23.76054	0.06836
23.67124	0.06836
23.76054	0.07324
23.67124	0.07813
23.76054	0.06836
23.71588	0.06836
23.76054	0.06836
23.76054	0.07813
23.76054	0.06836
23.71588	0.06836
23.80522	0.06836
23.71588	0.07324
23.76054	0.06836
23.71588	0.06836
23.80522	0.06836
23.71588	0.07813
23.76054	0.06836
23.67124	0.06836
23.80522	0.06836
23.67124	0.07324
23.76054	0.06836
23.67124	0.06836
23.76054	0.06836
23.67124	0.06836
23.76054	0.06836
23.71588	0.06836
23.80522	0.06836
23.67124	0.06836
23.76054	0.06836
23.67124	0.06836
23.76054	0.06836
23.67124	0.06836
23.76054	0.06836
23.71588	0.06836
23.67124	0.06836
23.71588	0.06836
23.76054	0.06836
23.71588	0.06836
23.76054	0.06836
23.67124	0.06836
23.80522	0.06836
23.67124	0.06836
23.76054	0.06836
23.71588	0.06836
23.80522	0.06836
23.67124	0.06348
23.76054	0.06836
23.67124	0.06348
23.76054	0.06836
23.67124	0.06836
23.76054	0.06836
23.67124	0.07813
23.76054	0.06836
23.71588	0.06836
23.76054	0.06836
23.71588	0.06836
23.76054	0.06836
23.67124	0.06836
23.76054	0.06836
23.67124	0.06348
23.76054	0.06836
23.71588	0.06836
23.80522	0.06836
23.71588	0.06348
23.76054	0.06836
23.71588	0.06348
23.76054	0.06348
23.67124	0.06836
23.80522	0.06836
23.71588	0.06348
23.67124	0.06836
23.67124	0.06348
23.76054	0.06348
23.67124	0.06348
23.76054	0.06836
23.67124	0.06348
23.80522	0.06836
23.67124	0.06348
23.76054	0.06836
23.71588	0.06836
23.80522	0.06348
23.71588	0.06348
23.80522	0.06836
23.67124	0.06348
23.76054	0.06348
23.67124	0.06348
23.76054	0.06348
23.71588	0.06836
23.80522	0.06836
23.71588	0.06836
23.80522	0.06348
23.71588	0.06348
23.76054	0.06348
23.67124	0.06348
23.76054	0.06348
23.67124	0.06348
23.80522	0.06348
23.76054	0.06348
23.67124	0.06348
23.67124	0.06348
23.76054	0.06348
23.67124	0.06348
23.80522	0.05860
23.71588	0.06348
23.80522	0.06836
23.67124	0.06348
23.76054	0.06348
23.67124	0.06348
23.80522	0.06348
23.71588	0.06348
23.67124	0.06348
23.67124	0.06348
23.76054	0.06348
23.71588	0.06348
23.76054	0.06348
23.67124	0.06348
23.76054	0.06348
23.71588	0.06348
23.80522	0.06348
23.71588	0.06348
23.67124	0.06348
23.71588	0.06348
23.67124	0.05860
23.71588	0.06348
23.76054	0.06348
23.67124	0.06348
23.76054	0.06348
23.71588	0.06348
23.80522	0.06348
23.67124	0.06348
23.76054	0.06348
23.67124	0.06348
23.76054	0.05860
23.71588	0.05860
23.76054	0.06348
23.71588	0.06348
23.76054	0.06348
23.71588	0.06348
23.80522	0.05860
23.67124	0.06348
23.80522	0.06348
23.67124	0.05860
23.80522	0.05860
23.67124	0.05860
23.76054	0.05860
23.67124	0.06348
23.76054	0.05860
23.67124	0.05860
23.76054	0.05860
23.67124	0.06348
23.76054	0.05860
23.67124	0.06348
23.67124	0.05860
23.71588	0.06348
23.80522	0.05860
23.71588	0.05860
23.67124	0.05860
23.71588	0.05860
23.67124	0.05860
23.71588	0.05860
23.67124	0.05860
23.71588	0.06348
23.76054	0.05860
23.67124	0.06348
23.76054	0.05860
23.71588	0.05860
23.80522	0.05860
23.67124	0.05860
23.76054	0.06348
23.67124	0.05860
23.67124	0.05860
23.71588	0.05860
23.67124	0.05860
23.71588	0.05860
23.76054	0.05371
23.67124	0.05860
23.76054	0.05860
23.71588	0.05860
23.80522	0.05860
23.71588	0.05860
23.76054	0.05860
23.71588	0.05860
23.80522	0.05860
23.71588	0.06348
23.80522	0.05860
23.71588	0.05860
23.80522	0.05860
23.67124	0.05860
23.80522	0.05860
23.67124	0.05860
23.80522	0.05860
23.71588	0.05860
23.76054	0.05860
23.67124	0.05860
23.76054	0.05860
23.71588	0.05860
23.76054	0.05860
23.67124	0.05860
23.80522	0.05860
23.67124	0.05860
23.80522	0.05860
23.71588	0.05860
23.84992	0.05860
23.67124	0.05860
23.80522	0.05860
23.67124	0.05860
23.80522	0.05860
23.71588	0.05860
23.80522	0.05860
23.67124	0.05860
23.80522	0.05860
23.67124	0.05860
23.80522	0.05860
23.67124	0.05860
23.80522	0.05860
23.71588	0.06348
23.67124	0.05860
23.71588	0.06348
23.76054	0.05860
23.67124	0.05860
23.80522	0.06348
23.71588	0.06348
23.76054	0.05860
23.67124	0.06348
23.76054	0.05860
23.71588	0.05860
23.76054	0.05860
23.67124	0.06348
23.76054	0.05860
23.71588	0.06348
23.80522	0.05860
23.71588	0.05860
23.80522	0.05860
23.67124	0.06348
23.80522	0.05860
23.71588	0.06348
23.80522	0.05860
23.67124	0.05860
23.80522	0.06348
23.71588	0.06348
23.76054	0.05860
23.67124	0.06348
23.80522	0.06348
23.67124	0.06348
23.76054	0.06348
23.67124	0.06348
23.76054	0.06348
23.67124	0.06348
23.80522	0.06348
23.71588	0.06348
23.76054	0.06836
23.71588	0.06348
23.76054	0.06348
23.76054	0.06348
23.76054	0.06836
23.67124	0.06836
23.80522	0.06836
23.71588	0.06836
23.80522	0.06836
23.67124	0.06348
23.80522	0.06348
23.71588	0.06348
23.84992	0.06348
23.71588	0.06348
23.84992	0.06836
23.67124	0.06836
23.80522	0.06836
23.67124	0.06348
23.76054	0.06836
23.71588	0.06348
23.76054	0.06836
23.67124	0.06836
23.80522	0.06836
23.71588	0.06836
23.80522	0.06836
23.71588	0.06836
23.80522	0.06836
23.71588	0.06836
23.76054	0.06836
23.71588	0.07813
23.80522	0.06836
23.76054	0.06836
23.76054	0.06836
23.76054	0.06348
23.76054	0.06836
23.67124	0.06836
23.76054	0.06836
23.71588	0.06836
23.84992	0.06836
23.67124	0.06836
23.80522	0.06836
23.71588	0.07813
23.76054	0.06836
23.71588	0.07813
23.80522	0.07324
23.67124	0.07813
23.76054	0.07324
23.76054	0.07813
23.80522	0.06836
23.67124	0.07813
23.76054	0.07324
23.71588	0.07813
23.76054	0.07324
23.71588	0.07813
23.80522	0.07324
23.67124	0.07813
23.76054	0.07324
23.71588	0.07813
23.80522	0.07813
23.76054	0.07813
23.67124	0.07813
23.67124	0.07813
23.80522	0.07813
23.71588	0.07813
23.80522	0.07813
23.67124	0.07813
23.80522	0.07813
23.76054	0.07813
23.76054	0.07813
23.67124	0.07813
23.80522	0.07813
23.71588	0.07813
23.80522	0.07813
23.67124	0.07813
23.76054	0.07813
23.71588	0.07813
23.76054	0.07813
23.71588	0.07813
23.80522	0.07813
23.67124	0.07813
23.80522	0.07813
23.71588	0.07813
23.80522	0.07813
23.67124	0.07813
23.80522	0.07813
23.71588	0.07813
23.84992	0.08301
23.71588	0.08301
23.80522	0.08301
23.67124	0.08301
23.76054	0.07813
23.67124	0.08301
23.80522	0.08789
23.67124	0.08301
23.80522	0.08301
23.76054	0.08301
23.80522	0.08301
23.67124	0.08789
23.67124	0.08301
23.67124	0.08301
23.80522	0.08301
23.71588	0.08789
23.80522	0.08789
23.71588	0.08789
23.80522	0.08301
23.71588	0.08789
23.76054	0.08789
23.71588	0.09766
23.80522	0.08789
23.76054	0.09766
23.80522	0.08789
23.67124	0.09766
23.80522	0.08789
23.71588	0.09278
23.80522	0.08789
23.67124	0.09766
23.80522	0.09278
23.71588	0.09766
23.80522	0.09278
23.71588	0.09766
23.76054	0.09278
23.71588	0.09766
23.76054	0.09766
23.71588	0.09766
23.76054	0.09278
23.67124	0.09766
23.76054	0.09766
23.71588	0.09766
23.80522	0.09766
23.67124	0.09766
23.80522	0.09766
23.71588	0.09766
23.80522	0.09766
23.71588	0.09766
23.76054	0.09766
23.71588	0.10254
23.80522	0.09766
23.67124	0.10254
23.76054	0.09766
23.67124	0.10254
23.76054	0.10254
23.71588	0.10254
23.76054	0.10254
23.71588	0.10254
23.80522	0.10743
23.71588	0.10254
23.76054	0.10743
23.67124	0.10743
23.80522	0.11719
23.71588	0.10743
23.80522	0.11719
23.71588	0.10743
23.80522	0.11719
23.76054	0.11231
23.76054	0.11719
23.67124	0.11231
23.80522	0.11719
23.67124	0.11231
23.84992	0.11719
23.67124	0.11231
23.80522	0.11719
23.71588	0.11719
23.67124	0.11719
23.67124	0.11719
23.80522	0.11719
23.71588	0.11719
23.76054	0.11719
23.71588	0.11719
23.80522	0.11719
23.67124	0.11719
23.80522	0.12207
23.71588	0.12207
23.76054	0.12207
23.71588	0.12207
23.80522	0.12696
23.67124	0.12207
23.76054	0.12696
23.71588	0.12696
23.76054	0.12696
23.76054	0.12696
23.80522	0.12696
23.67124	0.13672
23.76054	0.12696
23.67124	0.13672
23.80522	0.12696
23.71588	0.13672
23.76054	0.13184
23.71588	0.13672
23.80522	0.13184
23.71588	0.13672
23.84992	0.13184
23.76054	0.13672
23.76054	0.13672
23.67124	0.13672
23.80522	0.13672
23.71588	0.13672
23.80522	0.14161
23.71588	0.13672
23.80522	0.13672
23.71588	0.14161
23.80522	0.14161
23.67124	0.14161
23.67124	0.14161
23.71588	0.14649
23.80522	0.14649
23.71588	0.14649
23.80522	0.14649
23.71588	0.14649
23.80522	0.14649
23.76054	0.15137
23.80522	0.15625
23.71588	0.15625
23.80522	0.15625
23.67124	0.15625
23.80522	0.15625
23.76054	0.15625
23.76054	0.15625
23.67124	0.15625
23.80522	0.15625
23.71588	0.16114
23.80522	0.15625
23.71588	0.15625
23.76054	0.15625
23.67124	0.16114
23.80522	0.16114
23.71588	0.16114
23.80522	0.16114
23.71588	0.16114
23.80522	0.16602
23.71588	0.17579
23.76054	0.16602
23.67124	0.17579
23.76054	0.16602
23.71588	0.17579
23.80522	0.16602
23.67124	0.17579
23.76054	0.17090
23.67124	0.17579
23.80522	0.17090
23.71588	0.17579
23.80522	0.17579
23.76054	0.17579
23.80522	0.17579
23.76054	0.17579
23.76054	0.17579
23.71588	0.17579
23.80522	0.17579
23.71588	0.18067
23.80522	0.17579
23.71588	0.18067
23.76054	0.18555
23.71588	0.18067
23.76054	0.18555
23.71588	0.18067
23.76054	0.18555
23.71588	0.18555
23.80522	0.18555
23.71588	0.18555
23.76054	0.19532
23.71588	0.18555
23.76054	0.19532
23.71588	0.19044
23.76054	0.19532
23.67124	0.19532
23.80522	0.19532
23.76054	0.19532
23.76054	0.19532
23.71588	0.19532
23.80522	0.19532
23.76054	0.19532
23.76054	0.19532
23.71588	0.19532
23.76054	0.19532
23.76054	0.20020
23.76054	0.20020
23.67124	0.19532
23.67124	0.20020
23.67124	0.20020
23.76054	0.20020
23.67124	0.20020
23.80522	0.20508
23.67124	0.20508
23.80522	0.20508
23.71588	0.20508
23.80522	0.20508
23.71588	0.20508
23.76054	0.20508
23.71588	0.21485
23.76054	0.20508
23.71588	0.21485
23.80522	0.20997
23.71588	0.21485
23.76054	0.20997
23.71588	0.21485
23.67124	0.21485
23.67124	0.21485
23.76054	0.21485
23.71588	0.21485
23.76054	0.21485
23.71588	0.21485
23.80522	0.21485
23.71588	0.21973
23.76054	0.21485
23.71588	0.21485
23.80522	0.21485
23.71588	0.21973
23.76054	0.21973
23.71588	0.21973
23.80522	0.22462
23.76054	0.21973
23.80522	0.21973
23.71588	0.22462
23.80522	0.22462
23.71588	0.22462
23.80522	0.22462
23.67124	0.22462
23.67124	0.22462
23.76054	0.22462
23.76054	0.22462
23.67124	0.23438
23.76054	0.23438
23.67124	0.23438
23.80522	0.23438
23.67124	0.23438
23.80522	0.23438
23.71588	0.23438
23.76054	0.23438
23.71588	0.23438
23.80522	0.23438
23.71588	0.23438
23.76054	0.23438
23.71588	0.23927
23.80522	0.23927
23.67124	0.23927
23.80522	0.23438
23.67124	0.23927
23.84992	0.24415
23.71588	0.23927
23.84992	0.24415
23.71588	0.24415
23.80522	0.24415
23.71588	0.25391
23.80522	0.24415
23.67124	0.25391
23.80522	0.24415
23.71588	0.25391
23.80522	0.24903
23.71588	0.25391
23.84992	0.25391
23.71588	0.25391
23.80522	0.25391
23.67124	0.25391
23.80522	0.25391
23.67124	0.25391
23.80522	0.25391
23.71588	0.25880
23.80522	0.25880
23.71588	0.25880
23.80522	0.25880
23.67124	0.25880
23.80522	0.25880
23.71588	0.26368
23.80522	0.27345
23.67124	0.26368
23.84992	0.27345
23.71588	0.26368
23.80522	0.27345
23.71588	0.26856
23.76054	0.27345
23.71588	0.26856
23.80522	0.27345
23.67124	0.26856
23.80522	0.27345
23.71588	0.27345
23.80522	0.27345
23.71588	0.27345
23.80522	0.27345
23.67124	0.27833
23.76054	0.27833
23.76054	0.27833
23.80522	0.27833
23.71588	0.27833
23.80522	0.28321
23.71588	0.27833
23.80522	0.28321
23.67124	0.28321
23.80522	0.28321
23.76054	0.29298
23.80522	0.28321
23.76054	0.29298
23.76054	0.28809
23.71588	0.29298
23.76054	0.28809
23.67124	0.29298
23.80522	0.29298
23.71588	0.29298
23.80522	0.29298
23.71588	0.29298
23.80522	0.29298
23.76054	0.29786
23.80522	0.29786
23.67124	0.29786
23.80522	0.29786
23.76054	0.29786
23.80522	0.31251
23.76054	0.29786
23.80522	0.31251
23.67124	0.30274
23.84992	0.31251
23.71588	0.30763
23.80522	0.31251
23.76054	0.31251
23.76054	0.31251
23.71588	0.31251
23.80522	0.31251
23.71588	0.31251
23.80522	0.31251
23.76054	0.31251
23.80522	0.31251
23.76054	0.31251
23.80522	0.31251
23.71588	0.31739
23.76054	0.31739
23.67124	0.31739
23.84992	0.32228
23.71588	0.32228
23.80522	0.32228
23.67124	0.33204
23.80522	0.32228
23.71588	0.33204
23.76054	0.32716
23.71588	0.33204
23.80522	0.32716
23.71588	0.33204
23.80522	0.32716
23.76054	0.33204
23.84992	0.33204
23.80522	0.33204
23.80522	0.33204
23.76054	0.33692
23.80522	0.33692
23.71588	0.33692
23.80522	0.33692
23.76054	0.33692
23.80522	0.34181
23.71588	0.33692
23.80522	0.34181
23.71588	0.34181
23.76054	0.34181
23.76054	0.34669
23.80522	0.35157
23.71588	0.35157
23.80522	0.35157
23.67124	0.35157
23.84992	0.35157
23.76054	0.35157
23.80522	0.35157
23.71588	0.35646
23.80522	0.35646
23.71588	0.35646
23.80522	0.35646
23.71588	0.35646
23.80522	0.36134
23.76054	0.35646
23.84992	0.36134
23.76054	0.36134
23.84992	0.36134
23.76054	0.37111
23.76054	0.36134
23.71588	0.37111
23.80522	0.36622
23.76054	0.37111
23.80522	0.37111
23.76054	0.37111
23.84992	0.37111
23.71588	0.37111
23.84992	0.37111
23.80522	0.37599
23.84992	0.37111
23.71588	0.37599
23.84992	0.37599
23.76054	0.37599
23.84992	0.38087
23.71588	0.38087
23.84992	0.38087
23.71588	0.39064
23.80522	0.38575
23.71588	0.39064
23.67124	0.39064
23.80522	0.39064
23.84992	0.39064
23.76054	0.39064
23.84992	0.39064
23.71588	0.39064
23.84992	0.39064
23.76054	0.39552
23.80522	0.39552
23.71588	0.39552
23.84992	0.40040
23.80522	0.40040
23.80522	0.40040
23.76054	0.41017
23.84992	0.40529
23.80522	0.41017
23.80522	0.40529
23.76054	0.41017
23.84992	0.40529
23.71588	0.41017
23.84992	0.41017
23.76054	0.41017
23.84992	0.41017
23.80522	0.41017
23.80522	0.41505
23.76054	0.41505
23.84992	0.41505
23.76054	0.41993
23.80522	0.41993
23.76054	0.41993
23.84992	0.42970
23.76054	0.41993
23.84992	0.42970
23.76054	0.42970
23.80522	0.42970
23.76054	0.42482
23.84992	0.42970
23.71588	0.42970
23.84992	0.42970
23.76054	0.43458
23.80522	0.42970
23.76054	0.43458
23.84992	0.43458
23.80522	0.43458
23.84992	0.43458
23.80522	0.43458
23.84992	0.43947
23.76054	0.44923
23.84992	0.43947
23.76054	0.44923
23.84992	0.43947
23.76054	0.44923
23.84992	0.44435
23.67124	0.44923
23.84992	0.44435
23.76054	0.44923
23.84992	0.44923
23.76054	0.44923
23.84992	0.44923
23.71588	0.45412
23.84992	0.44923
23.76054	0.45412
23.80522	0.45412
23.80522	0.45900
23.84992	0.45900
23.80522	0.45900
23.84992	0.45900
23.76054	0.46876
23.84992	0.45900
23.76054	0.45900
23.84992	0.46876
23.76054	0.46876
23.84992	0.46876
23.76054	0.46876
23.84992	0.46876
23.76054	0.46876
23.84992	0.46876
23.76054	0.46876
23.84992	0.46876
23.76054	0.46876
23.84992	0.47365
23.76054	0.47365
23.80522	0.47365
23.80522	0.47853
23.84992	0.47853
23.71588	0.48830
23.84992	0.47853
23.80522	0.48341
23.80522	0.48341
23.76054	0.48830
23.84992	0.48341
23.80522	0.48830
23.84992	0.48830
23.80522	0.48830
23.84992	0.48830
23.80522	0.48830
23.84992	0.48830
23.80522	0.48830
23.84992	0.48830
23.80522	0.49318
23.84992	0.49318
23.80522	0.49806
23.84992	0.49806
23.76054	0.49806
23.84992	0.49806
23.80522	0.49806
23.80522	0.50783
23.80522	0.50295
23.84992	0.50783
23.80522	0.50295
23.84992	0.50783
23.80522	0.50783
23.84992	0.50783
23.80522	0.50783
23.80522	0.50783
23.76054	0.51271
23.84992	0.51271
23.80522	0.51271
23.84992	0.51271
23.80522	0.51271
23.84992	0.51759
23.80522	0.51271
23.84992	0.51759
23.80522	0.52736
23.84992	0.51759
23.80522	0.52736
23.84992	0.51759
23.80522	0.52736
23.84992	0.52248
23.80522	0.52736
23.84992	0.52736
23.80522	0.52736
23.84992	0.52736
23.80522	0.52736
23.84992	0.52736
23.80522	0.53224
23.84992	0.53224
23.80522	0.53224
23.84992	0.53713
23.80522	0.53713
23.84992	0.53713
23.80522	0.54689
23.84992	0.54201
23.80522	0.54689
23.84992	0.54689
23.80522	0.54689
23.84992	0.54201
23.80522	0.54689
23.84992	0.54689
23.80522	0.55177
23.89465	0.54689
23.80522	0.55177
23.84992	0.55177
23.80522	0.55177
23.84992	0.55666
23.80522	0.55666
23.89465	0.55666
23.76054	0.56642
23.84992	0.55666
23.80522	0.56642
23.84992	0.56154
23.80522	0.56642
23.84992	0.56154
23.80522	0.56642
23.84992	0.56642
23.80522	0.56642
23.84992	0.56642
23.80522	0.57131
23.89465	0.56642
23.80522	0.57131
23.84992	0.57131
23.80522	0.57131
23.84992	0.57131
23.80522	0.57619
23.89465	0.58596
23.80522	0.58107
23.93939	0.58596
23.80522	0.58107
23.89465	0.58596
23.80522	0.58596
23.89465	0.58596
23.80522	0.58596
23.84992	0.58596
23.80522	0.58596
23.84992	0.59084
23.80522	0.59084
23.84992	0.59084
23.80522	0.59084
23.84992	0.59572
23.80522	0.59572
23.84992	0.59572
23.80522	0.60549
23.84992	0.59572
23.80522	0.60549
23.89465	0.60060
23.80522	0.60549
23.89465	0.60060
23.80522	0.60549
23.89465	0.60549
23.80522	0.61037
23.89465	0.61037
23.80522	0.61037
23.89465	0.61525
23.80522	0.61037
23.89465	0.61525
23.84992	0.61525
23.89465	0.62502
23.80522	0.61525
23.89465	0.62502
23.80522	0.62502
23.89465	0.62502
23.80522	0.62502
23.89465	0.62502
23.84992	0.62502
23.89465	0.62502
23.84992	0.62502
23.89465	0.62990
23.84992	0.62990
23.93939	0.62990
23.80522	0.62990
23.93939	0.63478
23.80522	0.63478
23.93939	0.63478
23.84992	0.64455
23.84992	0.63967
23.84992	0.64455
23.89465	0.63967
23.80522	0.64455
23.84992	0.64455
23.80522	0.64455
23.89465	0.64455
23.84992	0.64455
23.93939	0.64455
23.84992	0.64943
23.93939	0.65432
23.84992	0.64943
23.89465	0.66408
23.89465	0.65432
23.93939	0.66408
23.84992	0.65432
23.93939	0.66408
23.80522	0.66408
23.93939	0.66408
23.84992	0.66408
23.89465	0.66408
23.84992	0.66408
23.84992	0.66408
23.89465	0.66897
23.93939	0.66897
23.84992	0.66408
23.89465	0.66897
23.84992	0.66897
23.93939	0.67385
23.89465	0.67385
23.93939	0.67385
23.84992	0.67385
23.93939	0.67385
23.89465	0.68361
23.93939	0.67873
23.84992	0.68361
23.93939	0.68361
23.89465	0.68361
23.89465	0.68361
23.84992	0.68361
23.93939	0.68361
23.84992	0.68850
23.93939	0.68850
23.84992	0.68850
23.93939	0.69338
23.84992	0.68850
23.93939	0.69338
23.89465	0.69338
23.93939	0.69826
23.84992	0.70315
23.93939	0.69338
23.84992	0.70315
23.93939	0.70315
23.84992	0.70315
23.93939	0.70315
23.89465	0.70315
23.93939	0.70315
23.89465	0.70803
23.93939	0.70803
23.89465	0.70803
23.93939	0.71291
23.84992	0.71291
23.93939	0.71291
23.89465	0.72268
23.93939	0.71291
23.89465	0.72268
23.93939	0.71291
23.89465	0.72268
23.93939	0.72268
23.89465	0.72268
23.93939	0.72268
23.89465	0.72268
23.93939	0.72756
23.84992	0.72756
23.98416	0.72268
23.84992	0.72756
23.93939	0.72756
23.89465	0.72756
23.93939	0.73244
23.89465	0.72756
23.93939	0.73244
23.89465	0.73244
23.93939	0.74221
23.89465	0.74221
23.93939	0.74221
23.89465	0.74221
23.93939	0.74221
23.89465	0.74221
23.93939	0.74709
23.89465	0.74221
23.93939	0.74221
23.89465	0.74709
23.93939	0.74709
23.89465	0.74709
23.93939	0.75198
23.89465	0.74709
23.98416	0.75198
23.89465	0.76174
23.93939	0.75198
23.89465	0.76174
23.98416	0.75686
23.89465	0.76174
23.93939	0.76174
23.89465	0.76174
23.98416	0.76174
23.89465	0.76662
23.93939	0.76174
23.89465	0.76174
23.98416	0.77151
23.89465	0.76662
23.98416	0.77151
23.89465	0.77151
23.98416	0.77151
23.89465	0.77151
23.93939	0.77151
23.89465	0.77639
23.98416	0.78127
23.89465	0.78127
23.98416	0.78127
23.93939	0.78127
24.02895	0.78127
23.89465	0.78127
24.02895	0.78127
23.89465	0.78127
23.98416	0.78127
23.89465	0.78616
23.98416	0.78616
23.89465	0.79104
23.98416	0.79104
23.89465	0.78616
23.98416	0.79104
23.89465	0.80081
23.93939	0.79104
23.89465	0.80081
24.02895	0.79592
23.89465	0.80081
23.98416	0.79592
23.93939	0.80081
23.98416	0.80081
23.93939	0.80081
24.02895	0.80081
23.89465	0.80569
24.02895	0.80569
23.89465	0.80569
24.02895	0.81057
23.93939	0.81057
24.02895	0.82034
23.93939	0.81057
23.98416	0.82034
23.93939	0.81545
23.98416	0.82034
23.93939	0.81545
24.02895	0.82034
23.93939	0.82034
24.02895	0.82034
23.93939	0.82034
24.02895	0.82522
23.93939	0.82522
23.98416	0.82522
23.93939	0.82522
24.02895	0.83010
23.93939	0.82522
24.02895	0.82522
23.93939	0.83987
23.98416	0.83010
23.93939	0.83010
24.02895	0.83499
23.98416	0.83987
24.02895	0.83499
23.98416	0.83987
24.02895	0.83987
23.98416	0.83987
24.02895	0.83987
23.98416	0.84475
24.02895	0.83987
23.98416	0.83987
24.02895	0.84475
23.98416	0.84475
24.02895	0.84964
23.98416	0.84964
24.02895	0.84964
23.98416	0.84964
24.02895	0.84964
23.98416	0.85940
24.02895	0.85940
23.98416	0.85940
24.02895	0.85940
23.98416	0.85940
24.02895	0.85940
23.98416	0.85940
24.02895	0.85940
23.98416	0.86428
23.98416	0.86428
23.98416	0.86428
24.02895	0.86917
23.98416	0.86917
24.02895	0.86917
23.98416	0.86917
24.02895	0.86917
23.98416	0.87893
24.02895	0.87405
23.98416	0.87893
24.02895	0.87405
23.98416	0.87893
24.02895	0.87893
23.98416	0.87893
24.02895	0.87893
23.98416	0.87893
24.02895	0.88382
23.98416	0.88382
24.02895	0.88382
23.98416	0.88382
24.02895	0.88870
23.98416	0.88870
24.02895	0.88870
23.98416	0.88870
24.02895	0.89846
23.98416	0.89358
24.02895	0.89846
23.98416	0.89846
24.02895	0.89846
23.98416	0.89846
24.02895	0.89846
24.02895	0.89846
24.02895	0.90335
23.98416	0.90335
24.02895	0.90335
23.98416	0.90335
24.02895	0.90823
23.98416	0.91800
24.02895	0.90823
24.02895	0.91800
24.02895	0.91311
23.98416	0.91800
24.02895	0.91311
24.02895	0.91800
24.02895	0.91800
23.98416	0.91800
24.02895	0.91800
24.02895	0.92288
24.02895	0.91800
23.98416	0.92288
24.02895	0.92288
24.02895	0.92776
24.02895	0.93753
24.02895	0.92288
24.02895	0.93753
24.02895	0.93265
24.02895	0.93753
24.02895	0.93753
24.02895	0.93753
24.02895	0.93753
24.02895	0.93753
24.02895	0.93753
24.02895	0.93753
24.02895	0.94241
24.02895	0.93753
23.98416	0.93753
24.02895	0.94241
24.02895	0.94729
24.02895	0.94729
24.07376	0.94729
24.02895	0.94729
24.07376	0.95706
24.02895	0.95218
24.02895	0.95706
24.02895	0.95218
24.07376	0.95706
24.02895	0.95706
24.07376	0.95706
24.02895	0.95706
24.02895	0.95706
24.02895	0.96194
24.02895	0.96194
24.02895	0.96194
24.07376	0.96194
24.02895	0.97659
24.07376	0.96683
24.11859	0.96683
24.07376	0.97171
24.02895	0.97659
24.07376	0.97659
24.02895	0.97659
24.02895	0.97659
24.11859	0.97659
24.07376	0.97659
24.02895	0.98148
24.02895	0.98148
24.02895	0.98148
24.07376	0.98636
24.02895	0.98636
24.07376	0.98636
24.11859	0.98636
24.07376	0.99612
24.02895	0.99124
24.07376	0.99612
24.02895	0.99124
24.07376	0.99612
24.11859	0.99124
24.07376	0.99612
24.11859	0.99612
24.07376	0.99612
24.02895	0.99612
24.07376	1.00101
24.02895	1.00101
24.07376	1.00589
24.02895	1.00589
24.07376	1.01566
24.16344	1.00589
24.07376	1.01566
24.02895	1.01077
24.07376	1.01566
24.11859	1.01566
24.07376	1.01566
24.02895	1.01566
24.07376	1.02054
24.16344	1.01566
24.07376	1.02054
24.02895	1.02054
24.07376	1.02054
24.11859	1.02542
24.07376	1.02542
24.02895	1.02542
24.07376	1.03519
24.16344	1.02542
24.07376	1.03519
24.02895	1.03030
24.11859	1.03519
24.16344	1.03030
24.11859	1.03519
24.16344	1.03519
24.07376	1.04007
24.16344	1.03519
24.07376	1.04007
24.16344	1.04495
24.07376	1.04007
24.20832	1.04007
24.07376	1.04495
24.16344	1.05472
24.11859	1.04495
24.16344	1.05472
24.07376	1.04495
24.11859	1.05472
24.07376	1.05472
24.20832	1.05472
24.11859	1.05472
24.16344	1.05472
24.16344	1.05960
24.20832	1.05472
24.07376	1.05960
24.20832	1.05472
24.11859	1.06449
24.20832	1.06449
24.11859	1.06449
24.20832	1.06449
24.11859	1.07425
24.20832	1.06937
24.11859	1.07425
24.16344	1.07425
24.11859	1.07425
24.20832	1.07425
24.07376	1.07425
24.20832	1.07913
24.16344	1.07913
24.20832	1.07913
24.16344	1.08402
24.20832	1.07913
24.16344	1.08402
24.20832	1.09378
24.16344	1.07913
24.20832	1.09378
24.11859	1.09378
24.20832	1.09378
24.11859	1.09378
24.20832	1.09378
24.16344	1.09378
24.20832	1.09378
24.16344	1.09378
24.20832	1.09867
24.16344	1.09867
24.20832	1.09867
24.16344	1.09867
24.20832	1.09867
24.16344	1.10355
24.20832	1.10355
24.11859	1.11332
24.20832	1.10355
24.16344	1.10843
24.20832	1.10843
24.16344	1.11332
24.20832	1.11332
24.16344	1.11332
24.20832	1.11332
24.16344	1.11820
24.20832	1.11332
24.16344	1.11820
24.25321	1.12308
24.16344	1.11820
24.20832	1.12308
24.16344	1.12308
24.20832	1.13285
24.16344	1.12796
24.20832	1.13285
24.16344	1.13285
24.25321	1.13285
24.16344	1.13285
24.20832	1.13285
24.16344	1.13285
24.20832	1.13285
24.16344	1.13773
24.25321	1.13773
24.16344	1.13773
24.20832	1.13773
24.16344	1.13773
24.20832	1.14261
24.16344	1.14261
24.25321	1.14261
24.20832	1.15238
24.20832	1.14750
24.20832	1.15238
24.20832	1.15238
24.16344	1.15238
24.20832	1.15238
24.16344	1.15238
24.29813	1.15726
24.16344	1.15238
24.20832	1.15726
24.16344	1.15238
24.20832	1.16214
24.16344	1.15726
24.29813	1.15726
24.20832	1.16214
24.25321	1.16214
24.25321	1.17191
24.20832	1.16703
24.20832	1.17191
24.29813	1.17191
24.25321	1.17191
24.29813	1.17191
24.20832	1.17191
24.29813	1.17191
24.16344	1.17679
24.29813	1.17679
24.20832	1.17679
24.29813	1.18168
24.20832	1.17679
24.29813	1.18168
24.20832	1.18168
24.29813	1.18168
24.20832	1.19144
24.29813	1.18168
24.20832	1.19144
24.29813	1.18656
24.20832	1.19144
24.29813	1.18656
24.20832	1.19144
24.29813	1.19144
24.25321	1.19633
24.29813	1.19144
24.20832	1.19633
24.29813	1.19633
24.20832	1.19633
24.29813	1.21097
24.25321	1.20609
24.29813	1.21097
24.25321	1.20609
24.29813	1.21097
24.20832	1.20609
24.29813	1.21097
24.25321	1.21097
24.29813	1.21586
24.25321	1.21097
24.29813	1.21097
24.25321	1.21586
24.29813	1.21586
24.25321	1.21586
24.34307	1.22074
24.25321	1.21586
24.29813	1.22074
24.25321	1.23051
24.34307	1.22562
24.25321	1.23051
24.29813	1.22562
24.25321	1.23051
24.34307	1.22562
24.25321	1.23051
24.29813	1.23051
24.25321	1.23051
24.29813	1.23051
24.25321	1.23051
24.34307	1.23539
24.29813	1.23539
24.34307	1.24027
24.20832	1.24027
24.34307	1.25004
24.25321	1.25004
24.34307	1.25004
24.25321	1.25004
24.34307	1.25004
24.25321	1.25004
24.29813	1.25004
24.25321	1.25004
24.34307	1.25004
24.25321	1.25492
24.29813	1.25492
24.29813	1.25492
24.34307	1.25492
24.29813	1.25980
24.34307	1.25980
24.29813	1.25492
24.34307	1.25980
24.25321	1.26957
24.34307	1.25980
24.29813	1.26957
24.38804	1.26469
24.29813	1.26957
24.34307	1.26957
24.29813	1.26957
24.34307	1.26957
24.29813	1.27445
24.34307	1.26957
24.29813	1.26957
24.34307	1.27445
24.25321	1.27445
24.34307	1.28910
24.34307	1.28422
24.38804	1.27934
24.29813	1.27934
24.34307	1.28910
24.29813	1.27934
24.38804	1.28910
24.25321	1.28910
24.38804	1.28910
24.29813	1.28910
24.38804	1.28910
24.34307	1.29398
24.38804	1.29398
24.34307	1.29398
24.38804	1.29887
24.29813	1.29887
24.38804	1.29887
24.29813	1.29887
24.38804	1.29887
24.34307	1.30863
24.38804	1.29887
24.34307	1.30863
24.38804	1.30375
24.34307	1.30863
24.38804	1.30863
24.34307	1.30863
24.38804	1.30863
24.34307	1.31352
24.38804	1.31352
24.34307	1.31352
24.38804	1.31840
24.34307	1.31352
24.38804	1.31840
24.34307	1.31840
24.38804	1.31840
24.34307	1.32817
24.38804	1.32328
24.34307	1.32817
24.38804	1.32817
24.34307	1.32817
24.38804	1.32817
24.34307	1.32817
24.38804	1.32817
24.34307	1.33305
24.38804	1.33305
24.34307	1.33305
24.38804	1.33793
24.34307	1.33793
24.38804	1.33793
24.34307	1.34770
24.38804	1.34281
24.38804	1.34770
24.38804	1.34281
24.38804	1.34770
24.38804	1.34770
24.38804	1.34770
24.38804	1.34770
24.38804	1.34770
24.38804	1.35258
24.38804	1.35258
24.38804	1.35258
24.34307	1.35258
24.38804	1.35746
24.38804	1.35746
24.38804	1.36723
24.38804	1.35746
24.47803	1.36723
24.38804	1.36235
24.38804	1.36723
24.34307	1.36723
24.38804	1.36723
24.34307	1.36723
24.38804	1.36723
24.38804	1.36723
24.47803	1.37211
24.38804	1.37211
24.38804	1.37211
24.38804	1.37211
24.38804	1.37700
24.34307	1.37211
24.38804	1.37700
24.38804	1.38676
24.47803	1.38188
24.38804	1.38676
24.38804	1.38676
24.38804	1.38676
24.47803	1.38676
24.38804	1.38676
24.38804	1.38676
24.38804	1.38676
24.38804	1.39164
24.38804	1.39164
24.38804	1.39164
24.38804	1.39653
24.47803	1.39653
24.38804	1.40141
24.47803	1.40629
24.38804	1.40141
24.47803	1.40629
24.38804	1.40629
24.47803	1.40629
24.38804	1.40629
24.38804	1.41118
24.38804	1.41118
24.38804	1.41118
24.43302	1.41118
24.47803	1.41118
24.43302	1.41606
24.47803	1.41606
24.38804	1.41118
24.47803	1.41606
24.38804	1.42582
24.47803	1.41606
24.38804	1.42582
24.38804	1.42094
24.43302	1.42582
24.52306	1.42582
24.43302	1.43071
24.52306	1.42582
24.47803	1.43071
24.52306	1.43071
24.47803	1.43071
24.52306	1.43071
24.38804	1.43559
24.47803	1.44536
24.43302	1.43559
24.52306	1.44536
24.47803	1.44047
24.56812	1.44536
24.43302	1.44047
24.52306	1.44536
24.47803	1.44536
24.52306	1.44536
24.47803	1.44536
24.52306	1.44536
24.38804	1.45024
24.52306	1.44536
24.47803	1.45024
24.56812	1.45024
24.47803	1.45024
24.56812	1.45512
24.47803	1.45512
24.52306	1.45512
24.47803	1.46489
24.56812	1.46001
24.43302	1.46489
24.56812	1.46489
24.52306	1.46489
24.56812	1.46489
24.47803	1.46489
24.56812	1.46489
24.47803	1.46977
24.56812	1.46977
24.47803	1.47465
24.56812	1.47465
24.43302	1.47465
24.56812	1.47465
24.52306	1.47465
24.56812	1.47954
24.52306	1.48442
24.56812	1.48442
24.52306	1.48442
24.56812	1.48442
24.52306	1.48442
24.56812	1.48442
24.52306	1.48930
24.56812	1.48930
24.52306	1.48930
24.56812	1.49419
24.52306	1.49419
24.56812	1.49419
24.52306	1.50395
24.56812	1.49907
24.52306	1.50395
24.56812	1.49419
24.52306	1.50395
24.61319	1.49907
24.52306	1.50395
24.61319	1.50884
24.56812	1.50395
24.61319	1.50395
24.56812	1.50395
24.61319	1.50884
24.52306	1.50884
24.61319	1.50884
24.52306	1.50884
24.61319	1.52348
24.52306	1.50884
24.61319	1.52348
24.52306	1.51372
24.56812	1.52348
24.52306	1.51860
24.56812	1.52348
24.52306	1.52348
24.56812	1.52348
24.56812	1.52348
24.65829	1.52348
24.52306	1.52837
24.61319	1.52348
24.52306	1.52837
24.61319	1.52837
24.56812	1.53325
24.61319	1.53325
24.56812	1.53325
24.61319	1.53325
24.56812	1.53325
24.65829	1.53325
24.56812	1.54302
24.65829	1.54302
24.52306	1.54302
24.56812	1.54302
24.56812	1.54302
24.65829	1.54302
24.56812	1.54302
24.65829	1.54790
24.56812	1.54790
24.65829	1.55278
24.56812	1.55278
24.65829	1.56255
24.56812	1.55766
24.65829	1.56255
24.61319	1.55766
24.65829	1.56255
24.61319	1.56255
24.65829	1.56255
24.61319	1.56255
24.65829	1.56255
24.61319	1.56255
24.65829	1.56743
24.61319	1.56743
24.65829	1.56743
24.61319	1.56743
24.65829	1.56743
24.56812	1.57231
24.65829	1.57231
24.56812	1.58208
24.65829	1.57231
24.61319	1.58208
24.65829	1.57720
24.61319	1.58208
24.65829	1.58208
24.61319	1.58208
24.65829	1.58208
24.61319	1.58208
24.65829	1.58696
24.56812	1.58696
24.65829	1.59185
24.56812	1.58696
24.65829	1.59185
24.61319	1.59185
24.65829	1.60161
24.61319	1.59185
24.65829	1.60161
24.61319	1.59673
24.65829	1.60161
24.61319	1.60161
24.70341	1.60161
24.65829	1.60161
24.74856	1.60161
24.65829	1.60649
24.74856	1.60161
24.61319	1.60649
24.70341	1.60649
24.61319	1.61138
24.70341	1.60649
24.65829	1.61138
24.70341	1.61138
24.61319	1.62114
24.74856	1.61626
24.65829	1.62114
24.70341	1.62114
24.65829	1.62114
24.74856	1.62114
24.65829	1.62114
24.74856	1.62603
24.70341	1.62603
24.70341	1.62603
24.61319	1.62603
24.70341	1.62603
24.65829	1.63091
24.70341	1.63091
24.70341	1.63579
24.70341	1.63091
24.70341	1.64068
24.74856	1.63579
24.70341	1.64068
24.74856	1.64068
24.70341	1.64068
24.74856	1.64068
24.70341	1.64068
24.74856	1.64068
24.65829	1.64556
24.74856	1.64556
24.70341	1.65044
24.74856	1.65044
24.65829	1.65044
24.74856	1.65044
24.70341	1.66021
24.74856	1.65044
24.70341	1.66021
24.74856	1.65532
24.70341	1.66021
24.74856	1.66021
24.70341	1.66021
24.74856	1.66021
24.70341	1.66021
24.74856	1.66509
24.65829	1.66509
24.74856	1.66509
24.70341	1.66509
24.74856	1.66997
24.70341	1.66997
24.74856	1.67974
24.70341	1.67486
24.74856	1.67974
24.70341	1.67486
24.74856	1.67974
24.70341	1.67974
24.74856	1.67974
24.70341	1.67974
24.74856	1.67974
24.70341	1.68462
24.74856	1.68462
24.70341	1.68462
24.74856	1.68950
24.70341	1.68950
24.74856	1.68950
24.74856	1.68950
24.74856	1.68950
24.70341	1.68950
24.74856	1.69439
24.70341	1.69927
24.74856	1.69927
24.70341	1.69927
24.74856	1.69927
24.70341	1.69927
24.74856	1.69927
24.74856	1.70415
24.74856	1.70415
24.74856	1.70415
24.74856	1.70415
24.74856	1.70415
24.74856	1.70904
24.74856	1.71392
24.74856	1.71880
24.74856	1.71880
24.74856	1.71880
24.74856	1.71880
24.74856	1.71880
24.74856	1.71880
24.74856	1.71880
24.74856	1.71880
24.74856	1.71880
24.74856	1.72369
24.74856	1.72369
24.74856	1.72369
24.83892	1.72857
24.74856	1.72369
24.74856	1.72857
24.70341	1.73833
24.74856	1.72857
24.74856	1.73833
24.74856	1.73345
24.74856	1.73833
24.74856	1.73345
24.74856	1.73833
24.74856	1.73833
24.74856	1.74322
24.74856	1.73833
24.74856	1.74322
24.83892	1.74322
24.74856	1.74322
24.74856	1.75787
24.74856	1.74810
24.74856	1.74810
24.74856	1.74810
24.83892	1.75787
24.74856	1.75298
24.88414	1.75787
24.74856	1.75787
24.83892	1.75787
24.74856	1.75787
24.83892	1.75787
24.74856	1.75787
24.88414	1.76275
24.74856	1.76275
24.88414	1.76763
24.83892	1.76763
24.83892	1.76275
24.74856	1.77740
24.74856	1.76763
24.74856	1.77252
24.92937	1.76763
24.79373	1.77740
24.88414	1.77252
24.83892	1.77740
24.92937	1.77252
24.88414	1.77740
24.88414	1.78228
24.74856	1.78228
24.92937	1.78228
24.83892	1.78228
24.92937	1.78228
24.83892	1.78228
24.92937	1.78716
24.83892	1.78716
24.92937	1.78716
24.88414	1.78716
24.92937	1.79205
24.83892	1.79693
24.92937	1.79693
24.88414	1.79693
24.92937	1.79693
24.88414	1.79693
24.92937	1.79693
24.74856	1.80181
24.92937	1.80181
24.88414	1.80181
24.92937	1.80670
24.88414	1.80670
24.92937	1.80670
24.88414	1.81646
24.92937	1.81158
24.88414	1.81646
24.92937	1.81158
24.88414	1.81646
24.92937	1.81646
24.88414	1.81646
24.92937	1.81158
24.88414	1.81646
24.92937	1.81646
24.88414	1.82134
24.92937	1.82134
24.88414	1.82134
24.97464	1.83599
24.88414	1.82623
24.92937	1.82623
24.88414	1.83111
24.97464	1.83599
24.88414	1.83599
24.92937	1.83599
24.88414	1.83599
24.92937	1.83599
24.88414	1.83599
24.92937	1.83599
24.88414	1.84088
24.92937	1.84088
24.88414	1.84088
24.92937	1.84576
24.88414	1.84576
24.92937	1.84576
24.88414	1.85553
25.01992	1.85064
24.92937	1.85553
24.97464	1.85064
24.92937	1.85553
24.92937	1.85064
24.88414	1.85553
25.01992	1.85553
24.92937	1.86041
25.01992	1.85553
24.88414	1.85553
25.01992	1.86041
24.92937	1.86529
24.97464	1.86529
24.92937	1.86529
24.97464	1.86529
24.92937	1.87506
25.01992	1.87506
24.92937	1.87506
25.01992	1.87506
24.97464	1.87506
25.01992	1.87506
24.92937	1.87506
25.01992	1.87506
24.97464	1.87994
25.01992	1.87506
24.97464	1.87994
25.01992	1.87994
24.97464	1.88482
25.01992	1.88482
24.97464	1.88482
25.01992	1.88482
24.92937	1.89459
25.01992	1.88971
24.97464	1.89459
25.01992	1.88971
24.92937	1.89459
25.01992	1.88971
24.92937	1.89459
25.01992	1.89459
24.97464	1.89459
25.06523	1.89459
24.97464	1.89947
25.06523	1.90435
24.97464	1.90435
25.01992	1.90435
24.97464	1.89947
25.06523	1.91412
24.97464	1.90924
25.06523	1.91412
24.97464	1.90924
25.01992	1.91412
24.97464	1.91412
25.06523	1.91412
24.97464	1.91412
25.01992	1.91412
25.01992	1.91412
25.11057	1.91900
24.97464	1.91900
25.06523	1.91900
25.01992	1.92389
25.06523	1.92389
25.01992	1.93365
25.06523	1.92389
24.97464	1.93365
25.11057	1.92877
25.01992	1.93365
25.06523	1.92877
25.01992	1.93365
25.11057	1.93365
25.01992	1.93365
25.11057	1.93854
24.97464	1.93854
25.11057	1.93854
25.01992	1.93854
25.11057	1.94342
25.06523	1.93854
25.01992	1.94342
25.01992	1.94342
25.11057	1.94342
25.06523	1.95318
25.11057	1.94830
25.01992	1.95318
25.11057	1.95318
25.06523	1.95318
25.11057	1.95318
25.06523	1.95318
25.06523	1.95807
25.06523	1.95807
25.11057	1.95807
25.01992	1.96295
25.11057	1.96295
25.06523	1.95807
25.11057	1.96295
25.06523	1.97272
25.11057	1.96783
25.06523	1.97272
25.11057	1.96783
25.06523	1.97272
25.11057	1.97272
25.06523	1.97272
25.11057	1.97272
25.06523	1.97760
25.11057	1.97272
25.06523	1.97760
25.11057	1.98248
25.06523	1.98248
25.11057	1.99225
25.06523	1.98248
25.11057	1.98248
25.06523	1.98737
25.11057	1.99225
25.11057	1.98737
25.11057	1.99225
25.06523	1.99225
25.11057	1.99225
25.06523	1.99225
25.11057	1.99225
25.06523	1.99713
25.11057	1.99713
25.11057	1.99225
25.11057	1.99713
25.11057	1.99713
25.11057	2.00201
25.11057	2.00201
25.20131	2.00201
25.06523	2.01178
25.11057	2.00201
25.06523	2.01178
25.11057	2.01178
25.11057	2.01178
25.11057	2.01178
25.06523	2.01178
25.20131	2.01178
25.11057	2.01666
25.11057	2.01178
25.06523	2.01666
25.11057	2.01666
25.06523	2.01666
25.11057	2.02155
25.11057	2.02155
25.20131	2.02155
25.11057	2.02155
25.11057	2.03131
25.11057	2.03131
25.20131	2.03131
25.11057	2.03131
25.20131	2.03131
25.11057	2.03131
25.20131	2.03131
25.11057	2.03619
25.11057	2.03619
25.11057	2.03619
25.11057	2.03619
25.15593	2.03619
25.20131	2.04108
25.11057	2.05084
25.20131	2.04108
25.11057	2.05084
25.20131	2.04596
25.15593	2.05084
25.20131	2.05084
25.15593	2.05084
25.20131	2.04596
25.11057	2.05084
25.24671	2.05573
25.15593	2.05573
25.11057	2.05084
25.15593	2.05573
25.24671	2.06061
25.11057	2.06061
25.24671	2.06061
25.11057	2.06061
25.24671	2.07038
25.15593	2.06549
25.24671	2.07038
25.15593	2.06549
25.29215	2.07038
25.20131	2.07038
25.24671	2.07038
25.20131	2.07038
25.24671	2.07526
25.24671	2.07038
25.24671	2.07038
25.20131	2.07526
25.24671	2.08014
25.20131	2.08014
25.24671	2.08014
25.20131	2.08991
25.29215	2.08502
25.20131	2.08991
25.29215	2.08502
25.24671	2.08991
25.29215	2.08502
25.24671	2.08991
25.29215	2.08991
25.20131	2.09479
25.29215	2.08991
25.20131	2.09479
25.29215	2.09479
25.24671	2.09479
25.29215	2.09967
25.24671	2.09967
25.29215	2.09967
25.24671	2.10456
25.29215	2.10456
25.24671	2.10944
25.33760	2.10944
25.24671	2.10944
25.29215	2.10456
25.24671	2.10944
25.29215	2.10944
25.24671	2.10944
25.29215	2.11432
25.24671	2.11432
25.29215	2.11432
25.24671	2.11432
25.29215	2.11921
25.24671	2.11432
25.29215	2.11921
25.24671	2.11921
25.29215	2.11921
25.29215	2.12897
25.29215	2.12897
25.24671	2.12897
25.29215	2.12409
25.24671	2.12897
25.29215	2.12409
25.24671	2.13385
25.33760	2.13385
25.24671	2.13385
25.33760	2.13385
25.24671	2.13385
25.33760	2.14850
25.24671	2.13874
25.38308	2.13874
25.24671	2.14362
25.38308	2.14850
25.29215	2.14362
25.29215	2.14850
25.29215	2.14362
25.33760	2.14850
25.29215	2.14850
25.38308	2.14850
25.29215	2.15339
25.38308	2.14850
25.24671	2.15339
25.38308	2.15339
25.33760	2.15827
25.38308	2.15827
25.29215	2.16803
25.38308	2.15827
25.29215	2.16803
25.38308	2.16315
25.29215	2.16803
25.33760	2.16315
25.33760	2.16803
25.38308	2.16315
25.29215	2.16803
25.38308	2.16803
25.33760	2.17292
25.38308	2.17292
25.33760	2.17292
25.38308	2.17780
25.33760	2.17780
25.38308	2.18757
25.33760	2.18757
25.38308	2.18757
25.33760	2.18757
25.38308	2.18757
25.33760	2.18757
25.38308	2.18757
25.33760	2.18757
25.42859	2.18757
25.29215	2.18757
25.42859	2.18757
25.33760	2.19245
25.38308	2.18757
25.33760	2.19245
25.38308	2.19245
25.33760	2.20710
25.42859	2.20222
25.33760	2.19733
25.42859	2.20222
25.38308	2.20710
25.42859	2.20222
25.33760	2.20710
25.42859	2.20710
25.38308	2.20710
25.42859	2.20710
25.38308	2.20710
25.47412	2.20710
25.33760	2.21198
25.47412	2.21198
25.38308	2.21198
25.42859	2.21198
25.38308	2.22175
25.42859	2.21686
25.38308	2.21686
25.47412	2.22663
25.33760	2.22175
25.47412	2.22663
25.38308	2.22663
25.47412	2.22663
25.38308	2.22663
25.47412	2.22663
25.38308	2.23151
25.47412	2.22663
25.38308	2.23151
25.47412	2.23151
25.42859	2.23640
25.47412	2.23640
25.42859	2.23640
25.47412	2.23640
25.42859	2.24616
25.47412	2.24128
25.42859	2.24616
25.47412	2.24128
25.42859	2.24616
25.47412	2.24128
25.42859	2.24616
25.47412	2.24616
25.42859	2.24616
25.47412	2.24616
25.42859	2.25105
25.47412	2.25105
25.42859	2.25593
25.47412	2.25593
25.42859	2.25593
25.47412	2.26081
25.42859	2.26569
25.47412	2.26569
25.42859	2.26569
25.47412	2.26081
25.42859	2.26569
25.47412	2.26569
25.42859	2.27058
25.47412	2.26569
25.42859	2.27058
25.47412	2.27058
25.42859	2.27058
25.47412	2.27546
25.42859	2.27546
25.47412	2.27546
25.42859	2.28523
25.47412	2.27546
25.51967	2.28523
25.47412	2.28034
25.47412	2.28523
25.47412	2.28523
25.47412	2.28523
25.47412	2.28523
25.47412	2.28523
25.47412	2.28523
25.47412	2.29011
25.47412	2.29011
25.47412	2.29011
25.47412	2.29499
25.51967	2.29011
25.47412	2.30476
25.47412	2.29499
25.47412	2.30476
25.47412	2.29987
25.56525	2.30476
25.47412	2.30476
25.47412	2.30476
25.47412	2.30476
25.47412	2.30476
25.51967	2.30964
25.47412	2.30476
25.51967	2.30964
25.47412	2.31452
25.51967	2.31452
25.47412	2.31452
25.51967	2.31452
25.56525	2.31452
25.51967	2.32429
25.61086	2.31452
25.51967	2.32429
25.56525	2.31941
25.51967	2.32429
25.56525	2.32429
25.51967	2.32429
25.61086	2.32917
25.51967	2.32917
25.47412	2.32917
25.51967	2.32917
25.56525	2.32917
25.51967	2.33406
25.56525	2.33406
25.51967	2.33406
25.61086	2.33406
25.51967	2.34382
25.56525	2.34382
25.51967	2.34382
25.65649	2.34382
25.51967	2.34382
25.65649	2.34382
25.56525	2.34382
25.61086	2.34382
25.56525	2.34870
25.61086	2.34870
25.51967	2.35359
25.61086	2.34870
25.56525	2.36335
25.61086	2.35359
25.56525	2.34870
25.65649	2.35359
25.61086	2.36335
25.61086	2.35847
25.61086	2.36335
25.61086	2.36335
25.56525	2.36335
25.65649	2.36335
25.56525	2.36824
25.65649	2.36335
25.61086	2.36824
25.65649	2.36824
25.56525	2.36824
25.65649	2.38289
25.56525	2.37312
25.65649	2.38289
25.61086	2.37312
25.65649	2.38289
25.61086	2.37800
25.65649	2.38289
25.61086	2.37800
25.65649	2.38289
25.61086	2.38289
25.65649	2.38289
25.61086	2.38289
25.65649	2.38777
25.61086	2.38777
25.65649	2.39265
25.61086	2.40242
25.65649	2.39265
25.61086	2.40242
25.65649	2.39753
25.61086	2.40242
25.65649	2.39753
25.61086	2.40242
25.65649	2.39753
25.61086	2.40242
25.65649	2.40242
25.61086	2.40242
25.70214	2.40242
25.61086	2.40730
25.74782	2.40730
25.61086	2.40730
25.74782	2.40730
25.65649	2.40730
25.74782	2.41218
25.61086	2.42195
25.70214	2.41707
25.61086	2.42195
25.70214	2.42195
25.61086	2.42195
25.70214	2.42195
25.65649	2.42195
25.70214	2.42195
25.61086	2.42195
25.74782	2.42683
25.65649	2.42683
25.74782	2.43171
25.65649	2.42683
25.70214	2.43171
25.70214	2.43171
25.74782	2.43171
25.65649	2.44148
25.70214	2.43171
25.70214	2.44148
25.74782	2.43660
25.61086	2.44148
25.74782	2.44148
25.70214	2.44148
25.74782	2.44148
25.61086	2.44148
25.74782	2.44636
25.70214	2.44636
25.79353	2.45125
25.70214	2.45125
25.74782	2.45125
25.70214	2.45125
25.74782	2.45613
25.70214	2.45613
25.74782	2.46101
25.65649	2.46101
25.74782	2.46101
25.70214	2.46101
25.79353	2.46101
25.70214	2.46101
25.74782	2.46101
25.70214	2.46101
25.74782	2.46590
25.70214	2.46590
25.79353	2.47078
25.70214	2.47078
25.83926	2.47078
25.70214	2.48054
25.79353	2.47078
25.70214	2.48054
25.79353	2.47566
25.74782	2.48054
25.79353	2.48054
25.74782	2.48543
25.79353	2.48543
25.74782	2.48543
25.83926	2.48543
25.74782	2.48543
25.83926	2.49031
25.74782	2.50008
25.83926	2.49031
25.74782	2.50008
25.83926	2.50008
25.74782	2.50008
25.83926	2.50008
25.79353	2.50008
25.83926	2.50008
25.74782	2.50008
25.83926	2.50008
25.79353	2.50008
25.83926	2.50496
25.74782	2.50496
25.83926	2.50496
25.74782	2.50496
25.83926	2.50984
25.79353	2.50984
25.83926	2.50984
25.79353	2.51961
25.83926	2.51473
25.79353	2.51961
25.83926	2.51473
25.79353	2.51961
25.83926	2.51961
25.79353	2.51961
25.83926	2.51961
25.79353	2.52449
25.83926	2.51961
25.79353	2.52449
25.83926	2.52449
25.79353	2.52449
25.83926	2.52449
25.79353	2.52937
25.83926	2.53914
25.79353	2.52937
25.83926	2.53914
25.79353	2.53426
25.83926	2.53914
25.79353	2.53914
25.83926	2.53914
25.79353	2.53914
25.83926	2.53914
25.79353	2.54402
25.83926	2.53914
25.79353	2.54402
25.83926	2.54402
25.83926	2.54891
25.83926	2.54891
25.79353	2.54891
25.88502	2.54891
25.83926	2.55867
25.83926	2.54891
25.83926	2.55867
25.83926	2.55379
25.83926	2.55867
25.83926	2.55379
25.79353	2.55867
25.93081	2.55867
25.83926	2.56355
25.83926	2.56355
25.83926	2.56355
25.83926	2.56844
25.83926	2.56844
25.83926	2.56844
25.83926	2.56355
25.93081	2.57332
25.83926	2.56844
25.83926	2.57820
25.83926	2.57820
25.83926	2.57332
25.83926	2.57820
25.93081	2.57820
25.83926	2.57820
25.83926	2.58309
25.83926	2.58309
25.83926	2.57820
25.83926	2.58309
25.93081	2.58797
25.88502	2.58309
25.97662	2.58797
25.88502	2.59285
25.97662	2.58797
25.83926	2.59774
25.83926	2.59285
25.83926	2.59774
25.97662	2.59774
25.88502	2.59774
25.97662	2.59285
25.88502	2.60262
25.93081	2.59285
25.88502	2.60262
25.97662	2.60262
25.88502	2.60262
25.97662	2.60750
25.88502	2.60750
25.97662	2.61727
25.88502	2.60750
25.93081	2.61727
25.88502	2.61727
25.97662	2.61727
25.93081	2.61727
25.97662	2.61727
25.93081	2.61727
25.97662	2.61727
25.93081	2.61727
25.97662	2.61727
25.93081	2.62215
26.02245	2.62215
25.93081	2.62215
26.02245	2.62703
25.97662	2.63680
26.02245	2.62703
25.97662	2.63680
26.02245	2.63192
25.97662	2.63680
26.02245	2.63192
25.97662	2.63680
26.02245	2.63680
25.97662	2.64168
26.02245	2.64168
25.97662	2.64168
26.02245	2.64168
25.93081	2.64168
26.02245	2.64168
25.93081	2.64168
26.02245	2.64657
25.97662	2.64657
26.02245	2.64657
25.97662	2.64657
26.02245	2.65633
25.97662	2.65145
26.02245	2.65633
25.97662	2.65633
26.02245	2.65633
25.97662	2.65633
26.02245	2.65633
25.97662	2.66121
26.02245	2.65633
25.97662	2.66121
26.02245	2.66121
25.97662	2.66121
26.06832	2.66610
25.97662	2.67586
26.02245	2.66610
26.02245	2.67586
26.06832	2.67098
26.02245	2.67586
26.06832	2.67098
25.97662	2.67586
26.02245	2.67098
25.97662	2.67586
26.11421	2.67586
26.02245	2.67586
26.06832	2.68075
25.97662	2.68075
26.06832	2.68563
26.02245	2.68075
26.11421	2.69539
26.02245	2.69051
26.11421	2.69539
26.02245	2.69051
26.11421	2.69539
26.06832	2.69539
26.11421	2.69539
26.02245	2.69539
26.11421	2.70028
26.06832	2.69539
26.11421	2.70028
26.06832	2.70028
26.11421	2.70028
26.02245	2.70028
26.11421	2.70516
26.02245	2.70516
26.11421	2.70516
26.06832	2.71004
26.11421	2.71004
26.02245	2.71493
26.11421	2.71004
26.06832	2.71493
26.11421	2.71004
26.06832	2.71493
26.11421	2.71493
26.06832	2.71493
26.16012	2.71981
26.06832	2.71981
26.11421	2.72469
26.06832	2.71981
26.11421	2.72469
26.06832	2.73446
26.16012	2.72469
26.06832	2.73446
26.16012	2.73446
26.06832	2.73446
26.16012	2.73446
26.06832	2.73446
26.16012	2.73446
26.11421	2.73934
26.16012	2.73934
26.06832	2.73934
26.11421	2.73934
26.16012	2.73934
26.20606	2.74422
26.11421	2.73934
26.20606	2.74422
26.16012	2.75399
26.20606	2.74911
26.06832	2.75399
26.20606	2.75399
26.16012	2.75399
26.20606	2.75399
26.11421	2.75399
26.20606	2.75887
26.16012	2.75887
26.20606	2.75399
26.16012	2.76376
26.16012	2.77352
26.16012	2.76376
26.20606	2.77352
26.16012	2.76376
26.20606	2.77352
26.16012	2.76864
26.20606	2.77352
26.16012	2.76864
26.20606	2.77352
26.16012	2.77352
26.20606	2.77352
26.16012	2.77352
26.20606	2.77352
26.16012	2.77841
26.20606	2.77841
26.16012	2.77841
26.20606	2.78329
26.16012	2.78329
26.20606	2.78329
26.16012	2.79305
26.20606	2.78329
26.16012	2.79305
26.20606	2.78817
26.16012	2.79305
26.20606	2.79305
26.16012	2.79305
26.20606	2.79305
26.16012	2.79305
26.20606	2.80282
26.16012	2.79794
26.20606	2.80282
26.16012	2.80282
26.20606	2.81259
26.20606	2.80282
26.20606	2.80282
26.16012	2.81259
26.20606	2.81259
26.20606	2.81259
26.20606	2.81259
26.20606	2.81259
26.20606	2.81259
26.16012	2.81259
26.20606	2.81259
26.20606	2.81747
26.20606	2.82235
26.20606	2.81747
26.20606	2.82235
26.20606	2.82235
26.20606	2.82723
26.20606	2.83212
26.20606	2.82723
26.20606	2.83212
26.20606	2.82723
26.25203	2.83212
26.20606	2.83212
26.25203	2.83212
26.20606	2.83212
26.25203	2.83700
26.20606	2.83700
26.20606	2.83700
26.20606	2.83700
26.20606	2.84188
26.20606	2.84188
26.25203	2.84677
26.29803	2.85165
26.20606	2.84677
26.20606	2.85165
26.25203	2.85165
26.29803	2.85165
26.25203	2.85165
26.29803	2.85165
26.25203	2.85165
26.34405	2.85165
26.25203	2.85653
26.34405	2.85653
26.25203	2.86142
26.39010	2.86142
26.25203	2.87118
26.39010	2.86142
26.25203	2.87118
26.39010	2.86630
26.29803	2.87118
26.39010	2.86630
26.29803	2.87118
26.34405	2.87118
26.34405	2.87118
26.39010	2.87606
26.25203	2.87118
26.20606	2.87118
26.25203	2.87606
26.39010	2.88095
26.25203	2.87606
26.39010	2.88095
26.29803	2.88095
26.34405	2.88583
26.34405	2.89071
26.39010	2.88095
26.34405	2.89071
26.39010	2.89071
26.29803	2.89071
26.39010	2.89071
26.34405	2.89071
26.39010	2.89560
26.34405	2.89560
26.39010	2.90048
26.34405	2.90048
26.39010	2.89560
26.34405	2.90048
26.39010	2.90048
26.34405	2.91025
26.39010	2.90536
26.29803	2.91025
26.39010	2.90536
26.34405	2.91025
26.39010	2.91025
26.34405	2.91025
26.39010	2.91025
26.34405	2.91025
26.39010	2.92001
26.34405	2.92001
26.39010	2.92001
26.34405	2.92001
26.43618	2.92001
26.34405	2.92001
26.43618	2.92978
26.34405	2.92489
26.43618	2.92978
26.34405	2.92978
26.48229	2.92978
26.39010	2.92978
26.39010	2.92978
26.34405	2.93466
26.43618	2.93466
26.39010	2.93466
26.43618	2.93466
26.34405	2.93466
26.39010	2.93954
26.34405	2.93954
26.48229	2.93954
26.39010	2.94931
26.48229	2.94443
26.39010	2.94931
26.43618	2.94443
26.39010	2.94931
26.43618	2.94931
26.39010	2.94931
26.48229	2.94931
26.39010	2.95419
26.48229	2.95419
26.39010	2.95419
26.48229	2.95907
26.43618	2.95419
26.48229	2.95907
26.43618	2.96396
26.48229	2.96884
26.43618	2.96884
26.48229	2.96884
26.39010	2.96884
26.48229	2.96884
26.39010	2.96884
26.48229	2.96884
26.43618	2.97372
26.48229	2.96884
26.43618	2.97372
26.48229	2.97861
26.43618	2.97372
26.48229	2.97372
26.43618	2.97372
26.52842	2.97861
26.48229	2.98837
26.48229	2.98349
26.43618	2.98837
26.52842	2.98837
26.43618	2.98837
26.48229	2.98837
26.43618	2.99326
26.48229	2.98837
26.48229	2.99326
26.48229	2.99326
26.48229	2.99326
26.57458	2.99814
26.48229	2.99326
26.52842	2.99814
26.43618	2.99814
26.57458	3.00790
26.48229	3.00790
26.57458	3.00790
26.43618	3.00790
26.52842	3.00790
26.43618	3.00790
26.57458	3.00790
26.52842	3.01279
26.57458	3.01279
26.52842	3.01279
26.57458	3.01279
26.43618	3.01279
26.57458	3.01767
26.52842	3.02744
26.57458	3.02255
26.52842	3.02744
26.57458	3.02255
26.48229	3.02744
26.57458	3.02255
26.52842	3.02744
26.57458	3.02255
26.52842	3.02744
26.57458	3.03232
26.52842	3.03232
26.57458	3.03232
26.52842	3.03720
26.57458	3.03720
26.52842	3.03720
26.57458	3.03720
26.52842	3.04209
26.57458	3.04209
26.52842	3.04697
26.57458	3.04697
26.52842	3.04697
26.57458	3.04697
26.52842	3.04697
26.57458	3.05185
26.52842	3.05185
26.57458	3.05673
26.52842	3.05185
26.57458	3.05673
26.52842	3.05673
26.57458	3.05673
26.57458	3.06650
26.57458	3.05673
26.52842	3.06650
26.57458	3.06650
26.57458	3.06650
26.57458	3.06650
26.52842	3.07138
26.57458	3.06650
26.52842	3.06650
26.57458	3.07138
26.57458	3.07138
26.57458	3.07627
26.57458	3.07627
26.57458	3.07627
26.57458	3.07627
26.66698	3.08603
26.57458	3.08115
26.66698	3.08603
26.57458	3.08603
26.66698	3.08603
26.57458	3.08603
26.57458	3.08603
26.57458	3.08603
26.66698	3.08603
26.57458	3.09091
26.66698	3.09091
26.57458	3.09091
26.66698	3.09091
26.62077	3.09091
26.66698	3.09580
26.57458	3.10556
26.57458	3.10068
26.57458	3.10556
26.71323	3.10068
26.62077	3.10556
26.71323	3.11045
26.57458	3.10556
26.71323	3.10556
26.62077	3.11045
26.71323	3.11045
26.57458	3.12510
26.66698	3.11533
26.62077	3.12510
26.71323	3.12510
26.66698	3.12510
26.71323	3.12510
26.57458	3.12510
26.75950	3.12510
26.66698	3.12510
26.71323	3.12510
26.57458	3.12998
26.71323	3.12510
26.62077	3.12998
26.71323	3.12998
26.57458	3.12998
26.71323	3.13486
26.62077	3.13486
26.75950	3.13486
26.66698	3.14463
26.75950	3.13974
26.66698	3.14463
26.75950	3.13974
26.62077	3.14463
26.75950	3.14463
26.71323	3.14463
26.75950	3.14951
26.71323	3.14951
26.75950	3.14951
26.71323	3.14951
26.75950	3.14951
26.71323	3.15439
26.75950	3.15439
26.71323	3.15928
26.75950	3.16416
26.71323	3.16416
26.75950	3.16416
26.71323	3.16416
26.75950	3.16416
26.71323	3.16416
26.75950	3.16416
26.71323	3.16416
26.75950	3.16904
26.71323	3.16904
26.75950	3.16904
26.71323	3.16904
26.75950	3.17392
26.71323	3.18369
26.75950	3.17392
26.71323	3.18369
26.75950	3.17881
26.71323	3.18369
26.75950	3.17881
26.75950	3.18369
26.80580	3.18369
26.71323	3.18369
26.80580	3.18857
26.71323	3.18369
26.75950	3.18857
26.71323	3.18857
26.80580	3.19346
26.75950	3.18857
26.85213	3.19346
26.71323	3.19346
26.85213	3.19346
26.75950	3.20322
26.85213	3.20322
26.75950	3.20322
26.85213	3.20322
26.75950	3.20811
26.85213	3.20322
26.75950	3.20811
26.85213	3.20811
26.75950	3.20811
26.85213	3.20811
26.75950	3.20811
26.85213	3.21299
26.75950	3.22275
26.85213	3.21299
26.80580	3.22275
26.85213	3.21787
26.75950	3.22275
26.85213	3.22275
26.75950	3.22275
26.85213	3.21787
26.80580	3.22275
26.85213	3.22275
26.75950	3.22275
26.85213	3.22764
26.80580	3.22764
26.85213	3.22764
26.75950	3.23252
26.85213	3.24229
26.80580	3.23252
26.85213	3.24229
26.80580	3.23740
26.85213	3.24229
26.80580	3.24229
26.85213	3.24229
26.80580	3.24229
26.89848	3.24229
26.80580	3.24229
26.89848	3.24229
26.80580	3.24717
26.89848	3.25205
26.85213	3.25205
26.89848	3.25205
26.85213	3.25205
26.89848	3.25205
26.80580	3.26182
26.89848	3.26182
26.85213	3.26182
26.89848	3.25694
26.85213	3.26182
26.94487	3.26182
26.89848	3.26182
26.89848	3.26182
26.89848	3.26670
26.94487	3.27158
26.89848	3.27158
26.94487	3.27158
26.85213	3.27158
26.94487	3.27158
26.89848	3.27647
26.89848	3.28135
26.89848	3.28135
26.94487	3.28135
26.89848	3.28135
26.94487	3.28135
26.89848	3.28135
26.94487	3.28135
26.85213	3.28623
26.94487	3.28623
26.89848	3.28623
26.94487	3.28623
26.89848	3.30088
26.94487	3.29112
26.89848	3.29600
26.94487	3.29112
26.89848	3.30088
26.94487	3.29600
26.89848	3.30088
26.94487	3.30088
26.89848	3.30088
26.94487	3.30088
26.89848	3.30088
26.94487	3.30576
26.89848	3.30576
26.94487	3.30576
26.89848	3.30576
26.94487	3.31065
26.89848	3.31065
26.94487	3.32041
26.89848	3.31553
26.94487	3.32041
26.89848	3.32041
26.94487	3.32041
26.94487	3.32041
26.94487	3.32041
26.89848	3.32041
26.94487	3.32041
26.94487	3.32530
26.94487	3.33018
26.99128	3.32530
26.94487	3.33018
26.94487	3.33018
26.94487	3.33018
26.99128	3.33995
26.94487	3.33506
26.94487	3.33995
26.94487	3.33995
26.99128	3.33995
26.94487	3.33995
26.94487	3.33995
26.94487	3.33995
26.99128	3.34483
26.94487	3.34483
26.99128	3.34971
26.94487	3.34971
26.99128	3.34483
27.08420	3.34971
26.94487	3.34971
26.94487	3.35459
26.99128	3.35948
27.03773	3.35948
26.99128	3.35948
27.03773	3.35948
26.99128	3.35948
27.03773	3.35948
26.99128	3.36436
27.03773	3.36924
27.03773	3.36436
27.08420	3.36924
26.99128	3.36924
27.08420	3.36924
26.99128	3.37901
27.08420	3.37413
26.99128	3.37901
27.13070	3.37413
27.03773	3.37901
27.08420	3.37413
27.03773	3.37901
27.13070	3.37901
26.99128	3.37901
27.08420	3.38389
26.99128	3.38389
27.08420	3.38878
27.03773	3.38878
27.08420	3.38878
27.03773	3.38878
27.13070	3.39854
27.08420	3.39854
27.13070	3.39854
27.08420	3.39854
27.13070	3.39854
27.08420	3.39854
27.13070	3.39854
27.08420	3.40342
27.13070	3.40342
27.08420	3.40342
27.13070	3.40831
27.08420	3.40831
27.13070	3.40342
27.03773	3.41807
27.13070	3.40831
27.08420	3.41807
27.13070	3.41319
27.03773	3.41807
27.13070	3.41319
27.08420	3.41807
27.13070	3.41807
27.08420	3.41807
27.13070	3.41807
27.08420	3.42296
27.13070	3.43760
27.08420	3.42296
27.17723	3.42784
27.08420	3.42784
27.22379	3.43760
27.08420	3.42784
27.13070	3.43760
27.08420	3.43272
27.17723	3.43760
27.08420	3.43760
27.13070	3.43760
27.08420	3.43760
27.13070	3.43760
27.08420	3.44249
27.17723	3.44249
27.08420	3.44249
27.22379	3.44737
27.13070	3.44737
27.17723	3.44737
27.13070	3.45714
27.22379	3.44737
27.08420	3.45714
27.22379	3.45714
27.13070	3.45714
27.22379	3.45714
27.13070	3.45714
27.22379	3.45714
27.13070	3.46202
27.22379	3.46202
27.17723	3.46202
27.22379	3.46690
27.13070	3.46690
27.22379	3.46690
27.13070	3.46690
27.22379	3.47667
27.17723	3.46690
27.22379	3.47667
27.17723	3.47667
27.22379	3.47667
27.17723	3.47667
27.22379	3.47667
27.17723	3.47667
27.22379	3.47667
27.17723	3.48155
27.22379	3.48155
27.08420	3.48155
27.22379	3.48643
27.17723	3.48155
27.22379	3.48643
27.17723	3.49620
27.22379	3.49132
27.17723	3.49620
27.27038	3.49132
27.17723	3.49620
27.22379	3.49620
27.17723	3.49620
27.27038	3.49620
27.17723	3.49620
27.22379	3.50597
27.17723	3.50108
27.22379	3.50108
27.27038	3.50597
27.31699	3.50597
27.22379	3.51573
27.31699	3.51573
27.22379	3.51573
27.31699	3.51573
27.27038	3.51573
27.27038	3.51573
27.27038	3.52062
27.27038	3.51573
27.22379	3.52062
27.31699	3.52550
27.27038	3.52062
27.31699	3.52550
27.22379	3.53526
27.31699	3.52550
27.27038	3.53038
27.31699	3.52550
27.27038	3.53526
27.31699	3.53038
27.27038	3.53526
27.31699	3.53526
27.27038	3.54015
27.31699	3.53526
27.27038	3.54015
27.31699	3.54015
27.22379	3.54015
27.31699	3.54015
27.27038	3.54503
27.31699	3.55480
27.27038	3.54991
27.31699	3.55480
27.27038	3.54991
27.31699	3.55480
27.27038	3.55480
27.31699	3.55480
27.27038	3.55968
27.31699	3.55480
27.31699	3.55968
27.31699	3.55968
27.27038	3.55968
27.31699	3.55968
27.27038	3.56456
27.31699	3.56456
27.27038	3.57433
27.31699	3.56944
27.27038	3.57433
27.31699	3.56944
27.27038	3.57433
27.31699	3.56944
27.31699	3.57921
27.31699	3.57433
27.31699	3.57921
27.31699	3.57921
27.31699	3.57921
27.31699	3.58409
27.31699	3.58409
27.41032	3.57921
27.31699	3.58409
27.31699	3.58898
27.31699	3.58898
27.31699	3.59386
27.31699	3.59386
27.41032	3.59386
27.31699	3.59386
27.31699	3.59386
27.36364	3.59386
27.31699	3.59874
27.36364	3.59386
27.45703	3.60363
27.31699	3.59874
27.41032	3.60363
27.31699	3.60363
27.41032	3.60363
27.36364	3.61339
27.41032	3.60851
27.31699	3.61339
27.45703	3.60851
27.36364	3.61339
27.41032	3.61339
27.36364	3.61339
27.31699	3.61827
27.36364	3.61827
27.50376	3.61827
27.36364	3.61827
27.45703	3.62316
27.36364	3.62316
27.45703	3.63292
27.36364	3.62804
27.50376	3.63292
27.31699	3.62804
27.45703	3.63292
27.31699	3.63292
27.50376	3.63292
27.36364	3.63292
27.50376	3.63292
27.45703	3.63781
27.50376	3.63292
27.36364	3.63781
27.45703	3.63781
27.45703	3.64269
27.45703	3.64269
27.45703	3.65246
27.50376	3.64757
27.41032	3.65246
27.50376	3.64757
27.45703	3.65246
27.50376	3.64757
27.41032	3.65246
27.50376	3.65246
27.41032	3.65734
27.50376	3.65734
27.45703	3.65734
27.50376	3.66222
27.45703	3.65734
27.50376	3.66222
27.45703	3.66222
27.50376	3.66222
27.45703	3.66710
27.50376	3.66222
27.45703	3.67199
27.50376	3.67199
27.45703	3.67199
27.50376	3.67199
27.45703	3.67687
27.55053	3.67687
27.45703	3.67687
27.50376	3.68175
27.45703	3.67687
27.50376	3.68175
27.50376	3.68175
27.50376	3.68175
27.45703	3.69152
27.55053	3.68664
27.50376	3.69152
27.55053	3.69152
27.50376	3.69152
27.59733	3.69152
27.45703	3.69152
27.55053	3.69152
27.50376	3.69640
27.59733	3.69640
27.50376	3.69640
27.55053	3.69640
27.45703	3.70128
27.59733	3.71105
27.50376	3.71105
27.59733	3.71105
27.55053	3.70617
27.50376	3.71105
27.50376	3.71105
27.59733	3.71105
27.50376	3.71105
27.59733	3.71105
27.50376	3.71105
27.59733	3.71593
27.45703	3.71593
27.64416	3.72082
27.55053	3.72082
27.59733	3.72082
27.55053	3.73058
27.59733	3.72570
27.55053	3.73058
27.59733	3.73058
27.50376	3.73058
27.59733	3.73058
27.55053	3.73058
27.64416	3.73058
27.55053	3.73547
27.59733	3.73058
27.55053	3.73547
27.64416	3.74035
27.50376	3.73547
27.64416	3.75011
27.55053	3.75011
27.59733	3.75011
27.55053	3.75011
27.64416	3.75011
27.55053	3.75011
27.64416	3.75011
27.55053	3.75011
27.69102	3.75500
27.59733	3.75500
27.64416	3.75500
27.55053	3.75500
27.64416	3.75988
27.55053	3.76965
27.69102	3.75988
27.55053	3.76965
27.69102	3.76476
27.59733	3.76965
27.69102	3.76965
27.59733	3.76965
27.69102	3.76965
27.59733	3.77453
27.64416	3.76965
27.59733	3.77453
27.69102	3.77453
27.59733	3.77453
27.69102	3.77453
27.64416	3.77941
27.69102	3.78918
27.64416	3.78430
27.69102	3.78918
27.64416	3.78918
27.69102	3.78918
27.64416	3.78918
27.69102	3.78918
27.64416	3.79406
27.69102	3.79406
27.64416	3.78918
27.69102	3.79406
27.64416	3.79894
27.69102	3.79894
27.64416	3.79894
27.69102	3.79894
27.64416	3.80871
27.69102	3.80383
27.64416	3.80871
27.69102	3.80383
27.64416	3.80871
27.69102	3.80871
27.64416	3.80871
27.69102	3.80871
27.64416	3.81359
27.69102	3.81848
27.64416	3.81848
27.69102	3.81848
27.69102	3.81848
27.69102	3.82336
27.64416	3.82824
27.69102	3.82824
27.69102	3.82824
27.69102	3.82824
27.69102	3.82824
27.69102	3.82824
27.69102	3.83312
27.69102	3.83312
27.69102	3.83312
27.69102	3.83312
27.69102	3.83312
27.69102	3.83801
27.69102	3.83312
27.69102	3.83801
27.69102	3.84777
27.78483	3.84289
27.69102	3.84777
27.78483	3.84777
27.69102	3.84777
27.78483	3.84777
27.69102	3.85266
27.69102	3.85266
27.64416	3.85266
27.78483	3.85266
27.73791	3.85754
27.78483	3.86731
27.69102	3.85754
27.78483	3.85754
27.73791	3.86731
27.78483	3.86731
27.73791	3.86731
27.78483	3.86731
27.73791	3.86731
27.78483	3.86731
27.69102	3.86731
27.83178	3.86731
27.78483	3.87219
27.78483	3.87219
27.69102	3.87219
27.83178	3.87707
27.73791	3.88684
27.83178	3.87707
27.73791	3.88684
27.87876	3.88195
27.69102	3.88684
27.87876	3.87707
27.73791	3.88684
27.87876	3.88684
27.73791	3.88684
27.87876	3.88684
27.78483	3.89172
27.87876	3.89172
27.78483	3.89172
27.83178	3.89660
27.78483	3.89172
27.87876	3.89660
27.78483	3.90637
27.87876	3.90637
27.78483	3.90637
27.87876	3.90637
27.83178	3.90637
27.87876	3.90637
27.83178	3.91125
27.83178	3.91125
27.78483	3.91125
27.87876	3.91125
27.83178	3.91125
27.87876	3.91614
27.83178	3.92590
27.87876	3.91614
27.83178	3.92590
27.87876	3.92102
27.83178	3.92590
27.87876	3.92102
27.83178	3.92590
27.87876	3.92590
27.83178	3.92590
27.92577	3.92590
27.83178	3.93078
27.87876	3.92590
27.83178	3.93078
27.87876	3.93567
27.83178	3.93078
27.87876	3.93567
27.83178	3.93567
27.92577	3.94543
27.83178	3.94055
27.92577	3.94543
27.83178	3.94543
27.87876	3.94543
27.87876	3.94543
27.92577	3.94543
27.83178	3.94543
27.97282	3.94543
27.83178	3.95032
27.97282	3.95032
27.87876	3.95032
27.92577	3.95032
27.92577	3.96496
27.97282	3.95520
27.87876	3.96496
27.97282	3.96008
27.92577	3.96496
27.97282	3.96496
27.87876	3.96496
27.97282	3.96496
27.92577	3.96496
27.97282	3.96985
27.87876	3.96985
27.97282	3.96985
27.87876	3.96985
27.97282	3.97473
27.92577	3.97473
27.97282	3.97473
27.92577	3.98450
27.97282	3.97961
27.87876	3.98450
27.97282	3.98450
27.92577	3.98450
27.97282	3.98450
27.92577	3.98450
27.97282	3.98938
27.92577	3.98938
27.97282	3.99426
27.92577	3.98938
27.97282	3.99426
27.97282	3.99426
28.01989	3.99426
27.92577	4.00403
27.97282	4.00403
27.92577	4.00403
28.06700	4.00403
28.01989	4.00403
28.01989	4.00403
27.92577	4.00891
28.06700	4.00891
27.92577	4.00891
28.06700	4.00891
27.92577	4.01379
28.01989	4.01379
27.97282	4.01379
28.06700	4.02356
27.97282	4.01868
28.06700	4.02356
27.97282	4.02356
28.06700	4.02356
28.01989	4.02356
28.06700	4.02356
27.97282	4.02844
28.06700	4.02356
28.01989	4.02844
28.06700	4.02844
28.01989	4.04309
28.06700	4.03333
28.01989	4.04309
28.06700	4.03821
28.01989	4.04309
28.06700	4.03821
28.01989	4.04309
28.06700	4.04309
28.01989	4.04798
28.06700	4.04309
28.01989	4.04798
28.06700	4.06262
28.01989	4.04798
28.06700	4.06262
28.06700	4.05286
28.06700	4.06262
28.01989	4.06262
28.06700	4.06262
28.01989	4.06262
28.06700	4.06262
28.06700	4.06262
28.06700	4.06262
28.01989	4.06262
28.06700	4.06262
28.06700	4.06751
28.06700	4.06751
28.01989	4.06751
28.06700	4.07239
28.06700	4.06751
28.06700	4.07239
28.06700	4.08216
28.06700	4.07727
28.01989	4.08216
28.06700	4.07727
28.06700	4.08216
28.06700	4.08704
28.06700	4.08216
28.06700	4.08216
28.06700	4.08704
28.06700	4.09192
28.06700	4.08704
28.06700	4.09192
28.06700	4.09192
28.06700	4.10169
28.06700	4.09192
28.16131	4.10169
28.06700	4.09680
28.06700	4.10169
28.06700	4.10169
28.16131	4.10169
28.06700	4.10657
28.16131	4.10657
28.06700	4.10657
28.16131	4.11145
28.06700	4.10657
28.16131	4.11145
28.06700	4.10657
28.16131	4.11634
28.11414	4.12122
28.16131	4.11634
28.11414	4.12122
28.16131	4.11634
28.06700	4.12122
28.20851	4.12122
28.11414	4.12610
28.20851	4.12122
28.06700	4.13099
28.20851	4.13099
28.16131	4.12610
28.20851	4.13099
28.06700	4.13099
28.20851	4.13587
28.16131	4.14075
28.25575	4.13587
28.11414	4.14075
28.20851	4.14075
28.16131	4.14075
28.25575	4.14075
28.20851	4.14075
28.20851	4.14563
28.16131	4.14563
28.25575	4.15052
28.20851	4.15052
28.25575	4.15052
28.11414	4.15540
28.25575	4.15540
28.20851	4.16028
28.25575	4.15540
28.16131	4.16028
28.25575	4.16028
28.20851	4.16028
28.25575	4.16517
28.20851	4.16517
28.25575	4.16517
28.20851	4.16517
28.25575	4.17005
28.20851	4.17005
28.25575	4.17982
28.20851	4.17005
28.25575	4.17982
28.20851	4.17982
28.30301	4.17982
28.20851	4.17982
28.25575	4.17982
28.20851	4.17982
28.30301	4.18470
28.20851	4.18470
28.25575	4.18958
28.20851	4.18470
28.30301	4.18958
28.25575	4.19935
28.35031	4.18958
28.20851	4.19935
28.25575	4.19935
28.20851	4.19935
28.30301	4.19935
28.25575	4.19935
28.30301	4.19935
28.20851	4.19935
28.30301	4.20423
28.25575	4.20423
28.35031	4.20911
28.20851	4.20911
28.35031	4.20911
28.25575	4.20911
28.35031	4.21888
28.25575	4.21888
28.35031	4.21888
28.25575	4.21888
28.35031	4.21888
28.30301	4.21888
28.35031	4.21888
28.30301	4.21888
28.35031	4.22376
28.25575	4.22376
28.35031	4.22376
28.30301	4.22376
28.35031	4.22864
28.30301	4.23841
28.35031	4.22864
28.25575	4.23841
28.35031	4.22864
28.30301	4.23841
28.35031	4.23353
28.25575	4.23841
28.39765	4.23841
28.30301	4.23841
28.35031	4.23841
28.30301	4.24329
28.39765	4.24329
28.25575	4.24329
28.39765	4.24818
28.30301	4.24818
28.39765	4.25794
28.30301	4.25306
28.39765	4.25794
28.30301	4.25794
28.44501	4.25794
28.30301	4.25794
28.39765	4.25794
28.35031	4.25794
28.44501	4.26283
28.30301	4.26283
28.44501	4.26283
28.35031	4.26283
28.39765	4.26771
28.35031	4.26283
28.39765	4.26771
28.30301	4.27747
28.44501	4.27259
28.35031	4.27747
28.39765	4.27747
28.35031	4.27747
28.44501	4.27747
28.39765	4.27747
28.44501	4.28236
28.39765	4.28236
28.44501	4.28236
28.39765	4.28724
28.44501	4.28724
28.39765	4.29212
28.44501	4.28724
28.39765	4.29701
28.44501	4.28724
28.39765	4.29701
28.44501	4.29701
28.39765	4.29701
28.44501	4.29701
28.39765	4.30189
28.44501	4.30189
28.39765	4.30189
28.44501	4.30189
28.39765	4.30189
28.44501	4.30677
28.39765	4.30677
28.44501	4.30677
28.39765	4.31654
28.44501	4.31166
28.39765	4.31654
28.44501	4.31654
28.39765	4.31654
28.44501	4.31654
28.39765	4.32142
28.44501	4.31654
28.44501	4.31654
28.44501	4.32142
28.49241	4.32142
28.44501	4.32630
28.39765	4.32630
28.44501	4.33607
28.44501	4.32630
28.44501	4.33607
28.44501	4.33607
28.44501	4.33607
28.44501	4.33119
28.44501	4.33607
28.39765	4.33607
28.53984	4.33607
28.44501	4.34095
28.44501	4.34095
28.49241	4.34095
28.44501	4.34584
28.49241	4.34095
28.44501	4.34584
28.49241	4.35560
28.44501	4.35072
28.44501	4.35560
28.44501	4.35560
28.49241	4.35560
28.44501	4.35560
28.49241	4.35560
28.53984	4.36048
28.49241	4.36048
28.58730	4.36048
28.44501	4.37513
28.53984	4.37513
28.49241	4.36048
28.58730	4.36537
28.49241	4.37513
28.58730	4.37513
28.49241	4.37513
28.63480	4.37513
28.53984	4.37513
28.58730	4.37513
28.49241	4.38002
28.63480	4.37513
28.49241	4.38002
28.53984	4.38002
28.49241	4.38002
28.58730	4.38490
28.53984	4.38490
28.58730	4.38490
28.53984	4.39467
28.58730	4.38978
28.58730	4.39467
28.63480	4.38978
28.53984	4.39467
28.58730	4.39467
28.58730	4.39467
28.63480	4.39467
28.53984	4.39955
28.63480	4.39955
28.58730	4.40443
28.63480	4.39955
28.58730	4.40443
28.63480	4.41420
28.58730	4.40443
28.63480	4.41420
28.58730	4.40931
28.63480	4.41420
28.58730	4.41420
28.68233	4.41420
28.58730	4.41420
28.63480	4.41420
28.58730	4.41908
28.63480	4.41908
28.58730	4.42396
28.63480	4.42396
28.58730	4.42396
28.68233	4.42396
28.58730	4.43373
28.68233	4.42885
28.58730	4.43373
28.68233	4.42885
28.58730	4.43861
28.68233	4.43373
28.58730	4.43861
28.63480	4.43373
28.58730	4.43861
28.68233	4.43861
28.58730	4.43861
28.68233	4.44349
28.58730	4.44349
28.72989	4.44349
28.63480	4.44838
28.68233	4.45326
28.63480	4.45326
28.72989	4.45326
28.63480	4.45326
28.63480	4.45326
28.63480	4.45814
28.72989	4.45814
28.63480	4.45814
28.72989	4.46303
28.63480	4.46303
28.72989	4.46303
28.63480	4.47279
28.72989	4.46303
28.63480	4.47279
28.72989	4.46791
28.68233	4.47279
28.72989	4.47279
28.63480	4.47768
28.72989	4.47279
28.63480	4.47279
28.72989	4.47768
28.63480	4.47768
28.72989	4.48256
28.68233	4.48256
28.77748	4.49232
28.68233	4.48256
28.72989	4.49232
28.68233	4.48744
28.77748	4.49232
28.68233	4.49232
28.77748	4.49232
28.68233	4.49721
28.72989	4.49232
28.68233	4.49721
28.77748	4.49721
28.68233	4.50209
28.72989	4.50209
28.68233	4.50209
28.77748	4.50209
28.68233	4.51186
28.82511	4.50697
28.72989	4.51186
28.77748	4.50697
28.72989	4.51186
28.77748	4.50697
28.72989	4.51186
28.82511	4.51186
28.68233	4.51674
28.82511	4.52162
28.68233	4.52162
28.77748	4.52162
28.77748	4.52162
28.82511	4.52162
28.72989	4.53139
28.82511	4.53139
28.72989	4.53139
28.82511	4.53139
28.77748	4.53139
28.82511	4.53139
28.77748	4.53627
28.82511	4.53139
28.77748	4.53627
28.82511	4.54115
28.77748	4.54115
28.82511	4.54115
28.77748	4.55092
28.82511	4.54115
28.77748	4.55092
28.82511	4.54604
28.77748	4.55092
28.82511	4.55092
28.77748	4.55580
28.82511	4.55092
28.77748	4.55580
28.82511	4.55580
28.77748	4.55580
28.82511	4.57045
28.77748	4.56069
28.82511	4.57045
28.82511	4.56557
28.82511	4.57045
28.82511	4.56557
28.82511	4.57045
28.77748	4.57045
28.82511	4.57045
28.77748	4.57045
28.82511	4.57533
28.77748	4.57045
28.82511	4.58022
28.82511	4.58022
28.82511	4.57533
28.82511	4.58998
28.92048	4.58022
28.82511	4.58998
28.82511	4.58510
28.77748	4.58998
28.82511	4.58998
28.82511	4.58998
28.82511	4.58998
28.82511	4.59487
28.82511	4.59487
28.82511	4.59487
28.92048	4.59487
28.82511	4.59487
28.92048	4.59975
28.82511	4.59975
28.92048	4.59975
28.82511	4.60952
28.92048	4.60952
28.82511	4.60952
28.92048	4.60952
28.82511	4.61440
28.96821	4.60952
28.87278	4.61440
28.92048	4.61440
28.87278	4.61440
28.96821	4.61928
28.82511	4.62905
28.96821	4.61928
28.87278	4.62905
28.92048	4.61928
28.87278	4.62905
28.92048	4.62416
28.82511	4.62905
28.96821	4.62905
28.87278	4.63393
28.92048	4.63393
28.87278	4.63393
28.96821	4.63393
28.87278	4.63881
29.01597	4.63393
28.92048	4.63881
28.96821	4.63881
28.92048	4.63881
28.96821	4.64858
28.96821	4.64858
29.01597	4.64858
28.87278	4.64370
29.01597	4.64858
28.92048	4.64858
29.01597	4.64858
28.92048	4.65346
29.01597	4.65346
28.96821	4.65346
29.01597	4.65835
28.92048	4.65835
29.01597	4.65835
28.96821	4.66811
29.01597	4.66323
28.96821	4.66811
29.01597	4.66323
28.96821	4.66811
29.06377	4.66811
28.96821	4.67299
29.01597	4.66811
28.96821	4.67299
29.01597	4.67299
28.96821	4.67299
29.01597	4.68764
28.96821	4.68764
29.06377	4.68764
28.96821	4.67299
29.06377	4.68764
29.01597	4.68764
29.01597	4.68764
28.96821	4.68764
29.01597	4.68764
28.96821	4.68764
29.01597	4.68764
28.96821	4.69253
29.01597	4.69253
28.96821	4.69253
29.01597	4.69741
29.01597	4.69741
29.06377	4.69741
29.01597	4.70717
29.11161	4.70229
29.01597	4.70717
29.11161	4.70229
29.01597	4.70717
29.11161	4.70229
29.01597	4.70717
29.11161	4.70717
29.01597	4.71206
29.11161	4.71694
29.01597	4.71206
29.11161	4.71694
29.01597	4.71694
29.11161	4.72671
29.01597	4.72182
29.11161	4.72671
29.01597	4.72182
29.11161	4.72671
29.06377	4.72671
29.11161	4.72671
29.06377	4.72671
29.15948	4.73159
29.06377	4.73159
29.11161	4.73647
29.06377	4.74624
29.11161	4.73647
29.06377	4.74624
29.15948	4.74136
29.06377	4.74624
29.15948	4.74624
29.06377	4.74624
29.11161	4.74624
29.06377	4.75112
29.15948	4.74624
29.06377	4.75112
29.15948	4.75112
29.06377	4.75112
29.15948	4.75600
29.11161	4.75112
29.20738	4.75600
29.06377	4.76577
29.15948	4.76577
29.11161	4.76577
29.20738	4.76577
29.11161	4.76577
29.15948	4.76577
29.06377	4.76577
29.15948	4.77065
29.11161	4.77065
29.20738	4.77554
29.15948	4.77065
29.20738	4.77554
29.15948	4.77065
29.20738	4.77554
29.15948	4.78530
29.20738	4.78042
29.11161	4.78530
29.20738	4.78530
29.15948	4.78530
29.20738	4.78530
29.11161	4.78530
29.20738	4.79019
29.15948	4.79019
29.20738	4.79507
29.11161	4.79019
29.20738	4.80483
29.15948	4.79995
29.20738	4.80483
29.15948	4.79995
29.20738	4.80483
29.15948	4.79995
29.20738	4.80483
29.15948	4.80972
29.20738	4.80483
29.15948	4.80483
29.20738	4.80972
29.15948	4.80972
29.20738	4.81460
29.15948	4.81460
29.20738	4.81460
29.15948	4.82437
29.20738	4.81948
29.15948	4.82437
29.20738	4.82437
29.15948	4.82437
29.20738	4.82437
29.20738	4.82925
29.20738	4.82925
29.20738	4.82925
29.20738	4.82925
29.20738	4.82925
29.20738	4.83413
29.20738	4.84390
29.20738	4.83413
29.15948	4.84390
29.20738	4.84390
29.20738	4.84390
29.20738	4.84390
29.25532	4.84390
29.20738	4.84390
29.20738	4.84878
29.20738	4.85366
29.20738	4.84878
29.30329	4.84878
29.20738	4.85366
29.35130	4.85366
29.25532	4.86343
29.20738	4.85366
29.25532	4.86343
29.35130	4.85855
29.20738	4.86343
29.35130	4.86343
29.25532	4.86831
29.20738	4.86343
29.25532	4.86831
29.35130	4.86831
29.30329	4.86831
29.39935	4.87320
29.25532	4.87320
29.35130	4.88296
29.25532	4.88296
29.20738	4.88296
29.25532	4.88296
29.39935	4.88296
29.25532	4.88296
29.39935	4.88296
29.30329	4.88296
29.35130	4.88784
29.25532	4.88784
29.35130	4.88784
29.35130	4.89273
29.35130	4.89273
29.25532	4.90249
29.39935	4.89273
29.30329	4.90249
29.39935	4.89761
29.35130	4.90249
29.39935	4.90249
29.30329	4.90249
29.35130	4.90249
29.30329	4.90738
29.39935	4.91226
29.35130	4.90738
29.39935	4.91226
29.35130	4.91226
29.39935	4.91714
29.35130	4.92203
29.39935	4.92203
29.35130	4.92203
29.39935	4.92203
29.30329	4.92203
29.39935	4.92203
29.35130	4.92691
29.39935	4.92691
29.35130	4.92691
29.44743	4.92691
29.35130	4.94156
29.44743	4.93179
29.35130	4.94156
29.39935	4.93667
29.39935	4.94156
29.44743	4.94156
29.39935	4.94156
29.44743	4.94156
29.35130	4.94156
29.49554	4.94156
29.35130	4.94644
29.39935	4.94644
29.39935	4.94644
29.49554	4.94644
29.39935	4.94644
29.49554	4.96109
29.44743	4.95621
29.49554	4.96109
29.39935	4.95621
29.49554	4.96109
29.39935	4.96109
29.49554	4.96597
29.35130	4.96109
29.44743	4.96109
29.39935	4.96597
29.49554	4.96597
29.35130	4.96597
29.49554	4.97085
29.44743	4.97574
29.49554	4.97574
29.44743	4.98062
29.49554	4.97574
29.44743	4.98062
29.49554	4.97574
29.44743	4.98062
29.49554	4.97574
29.44743	4.98550
29.49554	4.98062
29.44743	4.98550
29.49554	4.98550
29.44743	4.98550
29.49554	4.99039
29.39935	5.00015
29.49554	5.00015
29.44743	5.00015
29.59188	5.00015
29.44743	5.00015
29.54369	5.00015
29.49554	5.00504
29.54369	5.00015
29.49554	5.00504
29.54369	5.00504
29.44743	5.00504
29.59188	5.00992
29.49554	5.00992
29.59188	5.00992
29.49554	5.00992
29.59188	5.00992
29.49554	5.01968
29.59188	5.01968
29.44743	5.01968
29.54369	5.01968
29.54369	5.01968
29.59188	5.01968
29.49554	5.02945
29.59188	5.02945
29.54369	5.02945
29.59188	5.02945
29.54369	5.02945
29.59188	5.03922
29.54369	5.02945
29.59188	5.03922
29.49554	5.03922
29.59188	5.03922
29.54369	5.03922
29.59188	5.03922
29.54369	5.04410
29.59188	5.04410
29.54369	5.04410
29.59188	5.04410
29.54369	5.04898
29.59188	5.04898
29.54369	5.05875
29.59188	5.04898
29.54369	5.05875
29.59188	5.05387
29.59188	5.05875
29.59188	5.05875
29.54369	5.05875
29.59188	5.05875
29.54369	5.06363
29.59188	5.06851
29.54369	5.06851
29.59188	5.06851
29.54369	5.07828
29.59188	5.06851
29.59188	5.07828
29.59188	5.07828
29.59188	5.07828
29.59188	5.07828
29.59188	5.07828
29.59188	5.07828
29.59188	5.07828
29.59188	5.08316
29.59188	5.08316
29.59188	5.08805
29.54369	5.09781
29.59188	5.08805
29.59188	5.09781
29.59188	5.09293
29.59188	5.09781
29.68836	5.09293
29.59188	5.09781
29.59188	5.09781
29.59188	5.09781
29.68836	5.10269
29.59188	5.10269
29.59188	5.10269
29.59188	5.10758
29.68836	5.10758
29.64011	5.10269
29.68836	5.10758
29.59188	5.11246
29.73666	5.11734
29.64011	5.11246
29.68836	5.11734
29.64011	5.11734
29.59188	5.11734
29.59188	5.11734
29.73666	5.11734
29.64011	5.12223
29.73666	5.12223
29.64011	5.11734
29.68836	5.12711
29.59188	5.12711
29.73666	5.12711
29.64011	5.13688
29.68836	5.13199
29.64011	5.13688
29.78499	5.13688
29.64011	5.13688
29.73666	5.13688
29.68836	5.14176
29.78499	5.14176
29.64011	5.14176
29.73666	5.14176
29.68836	5.14176
29.78499	5.14664
29.68836	5.15152
29.78499	5.14664
29.73666	5.15641
29.78499	5.15641
29.68836	5.15641
29.78499	5.15641
29.73666	5.15641
29.73666	5.15641
29.68836	5.15641
29.78499	5.16129
29.73666	5.16129
29.78499	5.16617
29.73666	5.16617
29.83336	5.16617
29.64011	5.17594
29.78499	5.16617
29.73666	5.17594
29.78499	5.17106
29.73666	5.17594
29.78499	5.17594
29.73666	5.17594
29.78499	5.17594
29.73666	5.17594
29.78499	5.18082
29.73666	5.18082
29.88177	5.18571
29.78499	5.18571
29.83336	5.18571
29.73666	5.18571
29.83336	5.19547
29.73666	5.19547
29.78499	5.19547
29.78499	5.19547
29.88177	5.19547
29.78499	5.19547
29.88177	5.19547
29.78499	5.20035
29.88177	5.20035
29.78499	5.20035
29.78499	5.20035
29.78499	5.20524
29.88177	5.20524
29.83336	5.21500
29.88177	5.21012
29.78499	5.21500
29.83336	5.21500
29.78499	5.21500
29.88177	5.21500
29.78499	5.21500
29.88177	5.21500
29.83336	5.21989
29.83336	5.21989
29.78499	5.21989
29.88177	5.22477
29.78499	5.22477
29.88177	5.22477
29.78499	5.23453
29.88177	5.22965
29.83336	5.23453
29.88177	5.22965
29.83336	5.23453
29.88177	5.23453
29.83336	5.23453
29.93021	5.23453
29.83336	5.23942
29.88177	5.23453
29.83336	5.23942
29.93021	5.24430
29.83336	5.25407
29.88177	5.24430
29.83336	5.23942
29.93021	5.24918
29.83336	5.25407
29.93021	5.24918
29.83336	5.25407
29.93021	5.25407
29.83336	5.25407
29.93021	5.25407
29.88177	5.25895
29.93021	5.26383
29.88177	5.25895
29.93021	5.26383
29.88177	5.26383
29.93021	5.27360
29.83336	5.26872
29.93021	5.27360
29.93021	5.27360
29.97869	5.27360
29.88177	5.27360
29.97869	5.27360
29.93021	5.27848
29.97869	5.27848
29.93021	5.27848
29.97869	5.27848
29.88177	5.28336
29.97869	5.28336
29.88177	5.28336
29.97869	5.28825
29.93021	5.29313
29.97869	5.29313
29.93021	5.29313
29.97869	5.28825
29.93021	5.29313
29.97869	5.29313
29.88177	5.29801
29.97869	5.29801
29.93021	5.29801
29.97869	5.29801
29.93021	5.30778
29.97869	5.31266
29.97869	5.30290
29.97869	5.31266
29.93021	5.31266
29.97869	5.31266
29.93021	5.31266
29.97869	5.31266
29.93021	5.31266
29.97869	5.31755
29.97869	5.31755
29.97869	5.32243
29.93021	5.32243
29.97869	5.32243
29.97869	5.33219
29.97869	5.32243
29.97869	5.33219
29.97869	5.32731
30.02720	5.33219
29.97869	5.33219
30.02720	5.33219
29.97869	5.33219
30.02720	5.33708
29.97869	5.33708
29.97869	5.34196
29.97869	5.34196
30.02720	5.34684
29.97869	5.35173
29.97869	5.34684
30.07576	5.35173
30.02720	5.35173
29.97869	5.35173
30.02720	5.35661
29.97869	5.35173
29.97869	5.35173
29.97869	5.35661
30.02720	5.35661
30.07576	5.35661
30.02720	5.36637
29.97869	5.36149
30.07576	5.37126
30.07576	5.36637
30.02720	5.37126
29.97869	5.37126
30.02720	5.37126
30.12435	5.37126
30.02720	5.37126
30.07576	5.37126
30.07576	5.37614
30.07576	5.37614
30.02720	5.37614
30.07576	5.38102
30.02720	5.39079
30.12435	5.38102
30.02720	5.39079
30.17298	5.38591
30.02720	5.39079
30.12435	5.39079
30.07576	5.39079
30.17298	5.39079
30.07576	5.39567
30.17298	5.39079
30.07576	5.40056
30.17298	5.39567
30.07576	5.41032
30.12435	5.40056
30.07576	5.40544
30.17298	5.40056
30.02720	5.41032
30.17298	5.40544
30.12435	5.41032
30.12435	5.41032
30.12435	5.41520
30.17298	5.41032
30.12435	5.41520
30.17298	5.41520
30.12435	5.42009
30.17298	5.42009
30.12435	5.42497
30.17298	5.42985
30.12435	5.42497
30.22164	5.42985
30.12435	5.42985
30.17298	5.42985
30.12435	5.42985
30.17298	5.42985
30.12435	5.43474
30.17298	5.43474
30.12435	5.43962
30.17298	5.43962
30.12435	5.43962
30.17298	5.43962
30.12435	5.44939
30.17298	5.44450
30.12435	5.44939
30.22164	5.44450
30.12435	5.44939
30.22164	5.44939
30.12435	5.45427
30.22164	5.44939
30.12435	5.45427
30.17298	5.45427
30.17298	5.45427
30.22164	5.45915
30.17298	5.45915
30.27035	5.46892
30.17298	5.46892
30.27035	5.46892
30.12435	5.46892
30.27035	5.46892
30.22164	5.46892
30.27035	5.46892
30.17298	5.47380
30.27035	5.46892
30.17298	5.47380
30.27035	5.47868
30.17298	5.48845
30.27035	5.47868
30.17298	5.48845
30.27035	5.47868
30.22164	5.48845
30.27035	5.48357
30.22164	5.48845
30.27035	5.48845
30.22164	5.49333
30.27035	5.49821
30.22164	5.48845
30.27035	5.49821
30.22164	5.49333
30.27035	5.49821
30.17298	5.50310
30.27035	5.49821
30.22164	5.50310
30.31909	5.50798
30.17298	5.50798
30.27035	5.50798
30.22164	5.50798
30.27035	5.51286
30.22164	5.50798
30.31909	5.51286
30.22164	5.51286
30.31909	5.51775
30.22164	5.51286
30.31909	5.51775
30.22164	5.52751
30.36787	5.51775
30.27035	5.52751
30.31909	5.52263
30.22164	5.52751
30.31909	5.52751
30.31909	5.52751
30.31909	5.52751
30.22164	5.53240
30.36787	5.53728
30.27035	5.53240
30.36787	5.53728
30.27035	5.53728
30.36787	5.53728
30.31909	5.54704
30.36787	5.54216
30.31909	5.54704
30.36787	5.54704
30.31909	5.54704
30.36787	5.54704
30.31909	5.55193
30.36787	5.54704
30.31909	5.55193
30.36787	5.55681
30.31909	5.55681
30.36787	5.55681
30.31909	5.56658
30.36787	5.55681
30.36787	5.56658
30.36787	5.56658
30.31909	5.56658
30.36787	5.56658
30.31909	5.56658
30.36787	5.56658
30.31909	5.57146
30.36787	5.57634
30.36787	5.57146
30.36787	5.58611
30.36787	5.58123
30.36787	5.58611
30.36787	5.58123
30.36787	5.58611
30.31909	5.58611
30.36787	5.58611
30.36787	5.58611
30.36787	5.58611
30.31909	5.58611
30.36787	5.59099
30.36787	5.59099
30.46555	5.59587
30.31909	5.59587
30.36787	5.60076
30.36787	5.59587
30.46555	5.59587
30.36787	5.60564
30.36787	5.60564
30.36787	5.60564
30.46555	5.60076
30.36787	5.60564
30.36787	5.61052
30.36787	5.61052
30.46555	5.61052
30.36787	5.62517
30.46555	5.61541
30.36787	5.62517
30.46555	5.61541
30.36787	5.62517
30.51445	5.62517
30.36787	5.62517
30.46555	5.62517
30.41669	5.62517
30.51445	5.62517
30.41669	5.63005
30.36787	5.63005
30.46555	5.63005
30.46555	5.63005
30.36787	5.64470
30.56338	5.63494
30.46555	5.63494
30.51445	5.63982
30.41669	5.64470
30.51445	5.63982
30.46555	5.64470
30.51445	5.64470
30.46555	5.64959
30.51445	5.65447
30.46555	5.64959
30.56338	5.65447
30.46555	5.64959
30.56338	5.65447
30.41669	5.65447
30.56338	5.66424
30.46555	5.66424
30.56338	5.66424
30.51445	5.66424
30.56338	5.66424
30.51445	5.66424
30.56338	5.66424
30.51445	5.66912
30.56338	5.66912
30.46555	5.66912
30.56338	5.66424
30.46555	5.67400
30.56338	5.67400
30.51445	5.68377
30.56338	5.67888
30.51445	5.68377
30.56338	5.67888
30.51445	5.68377
30.56338	5.68377
30.51445	5.68377
30.56338	5.68377
30.51445	5.68865
30.56338	5.68865
30.51445	5.69353
30.61236	5.68865
30.51445	5.70330
30.61236	5.69353
30.51445	5.70330
30.61236	5.69353
30.56338	5.70330
30.66137	5.70330
30.51445	5.70330
30.56338	5.70330
30.56338	5.70330
30.56338	5.70330
30.51445	5.70818
30.61236	5.71306
30.61236	5.71306
30.66137	5.71306
30.56338	5.72283
30.66137	5.71795
30.56338	5.72283
30.66137	5.71795
30.56338	5.72283
30.66137	5.71795
30.56338	5.72283
30.66137	5.72283
30.61236	5.72771
30.66137	5.72771
30.56338	5.72771
30.66137	5.74236
30.56338	5.73260
30.66137	5.74236
30.61236	5.74236
30.66137	5.74236
30.61236	5.73748
30.66137	5.74236
30.61236	5.74236
30.71042	5.74236
30.61236	5.74236
30.71042	5.74236
30.61236	5.74725
30.66137	5.75213
30.56338	5.75213
30.66137	5.75213
30.61236	5.76189
30.71042	5.75701
30.61236	5.76189
30.71042	5.75701
30.61236	5.76189
30.66137	5.75701
30.61236	5.76678
30.71042	5.76678
30.61236	5.76678
30.71042	5.76678
30.66137	5.77166
30.75951	5.77166
30.61236	5.77654
30.75951	5.77166
30.66137	5.77654
30.75951	5.78143
30.61236	5.78143
30.75951	5.78143
30.71042	5.78143
30.75951	5.78143
30.71042	5.78631
30.71042	5.79119
30.61236	5.78631
30.75951	5.78631
30.71042	5.80096
30.75951	5.79119
30.71042	5.80096
30.75951	5.79608
30.71042	5.80096
30.75951	5.80096
30.66137	5.80096
30.75951	5.80096
30.71042	5.80584
30.75951	5.80584
30.71042	5.81072
30.75951	5.81072
30.71042	5.81072
30.75951	5.81072
30.71042	5.81072
30.75951	5.82049
30.71042	5.81561
30.75951	5.82049
30.71042	5.82049
30.75951	5.82049
30.71042	5.82049
30.75951	5.82049
30.71042	5.82537
30.75951	5.83026
30.71042	5.82537
30.75951	5.83026
30.71042	5.84002
30.75951	5.83026
30.75951	5.84002
30.75951	5.83026
30.75951	5.84002
30.75951	5.83514
30.75951	5.84002
30.75951	5.84490
30.75951	5.84490
30.75951	5.84979
30.75951	5.84490
30.75951	5.84490
30.75951	5.84979
30.75951	5.84979
30.75951	5.85955
30.75951	5.85467
30.75951	5.85955
30.75951	5.85955
30.71042	5.85955
30.75951	5.85955
30.75951	5.86444
30.75951	5.85955
30.75951	5.86444
30.75951	5.86932
30.75951	5.86932
30.85782	5.86932
30.75951	5.87909
30.90703	5.86932
30.75951	5.87909
30.85782	5.87420
30.75951	5.87909
30.75951	5.87420
30.75951	5.88397
30.85782	5.87909
30.75951	5.88397
30.85782	5.88885
30.75951	5.88397
30.90703	5.88885
30.85782	5.88885
30.90703	5.89373
30.80864	5.89373
30.75951	5.89862
30.85782	5.89373
30.90703	5.89862
30.80864	5.89862
30.90703	5.89862
30.85782	5.90350
30.95628	5.90350
30.75951	5.90350
30.90703	5.90350
30.85782	5.91815
30.90703	5.90838
30.90703	5.91815
30.95628	5.91815
30.85782	5.91815
30.90703	5.91327
30.85782	5.91815
30.95628	5.91815
30.85782	5.91815
30.95628	5.92303
30.90703	5.92303
30.95628	5.93768
30.90703	5.92792
30.95628	5.93768
30.90703	5.92792
30.95628	5.93768
30.90703	5.93280
30.95628	5.93768
30.90703	5.93768
30.95628	5.93768
30.90703	5.93768
30.95628	5.93768
30.90703	5.93768
30.95628	5.94256
30.90703	5.94256
30.95628	5.94256
30.90703	5.94745
30.95628	5.94745
30.90703	5.95721
30.95628	5.94745
30.90703	5.95721
30.95628	5.95233
30.95628	5.95721
30.95628	5.95721
30.90703	5.95721
30.95628	5.95721
30.90703	5.96210
30.95628	5.96210
30.90703	5.96698
31.00557	5.97674
30.95628	5.96698
31.00557	5.97674
30.95628	5.97186
31.05490	5.97674
30.90703	5.97186
31.05490	5.97674
30.95628	5.97674
31.05490	5.97674
30.95628	5.98163
31.05490	5.98163
30.95628	5.98163
31.05490	5.98163
30.90703	5.99628
31.05490	5.98651
30.95628	5.99628
31.05490	5.98651
31.00557	5.99628
31.05490	5.99628
31.00557	5.99628
31.05490	5.99628
31.00557	5.99628
31.05490	5.99628
31.00557	6.00116
31.05490	6.00116
31.00557	6.00116
31.10427	6.00604
30.95628	6.00604
31.05490	6.00604
31.00557	6.01581
31.10427	6.01093
31.00557	6.01581
31.10427	6.01581
31.05490	6.01581
31.05490	6.01581
31.00557	6.02069
31.10427	6.01581
31.00557	6.01581
31.10427	6.02557
31.00557	6.02557
31.05490	6.02557
31.05490	6.03046
31.15369	6.03046
31.05490	6.03534
31.10427	6.03046
31.00557	6.03534
31.15369	6.03534
31.05490	6.03534
31.15369	6.03534
31.05490	6.03534
31.10427	6.04511
31.05490	6.04022
31.15369	6.05487
31.10427	6.04511
31.15369	6.05487
31.10427	6.04511
31.15369	6.05487
31.10427	6.05487
31.15369	6.05487
31.10427	6.05487
31.15369	6.05487
31.05490	6.05487
31.15369	6.05487
31.10427	6.05976
31.15369	6.05976
31.10427	6.06464
31.15369	6.05976
31.10427	6.07440
31.15369	6.06464
31.10427	6.07440
31.15369	6.06464
31.10427	6.07440
31.15369	6.06952
31.10427	6.07440
31.15369	6.07440
31.10427	6.07929
31.15369	6.07929
31.10427	6.07929
31.15369	6.08417
31.15369	6.08417
31.15369	6.08417
31.10427	6.09394
31.15369	6.09394
31.10427	6.09394
31.15369	6.09394
31.15369	6.09394
31.15369	6.09394
31.15369	6.09394
31.15369	6.09394
31.10427	6.09882
31.15369	6.09882
31.10427	6.11347
31.25264	6.10370
31.10427	6.10370
31.25264	6.10858
31.10427	6.11347
31.15369	6.10858
31.15369	6.11347
31.15369	6.11347
31.15369	6.11835
31.30217	6.11347
31.15369	6.11835
31.25264	6.11835
31.15369	6.11835
31.25264	6.12323
31.15369	6.11835
31.25264	6.13300
31.15369	6.12323
31.25264	6.13300
31.15369	6.13300
31.25264	6.13300
31.15369	6.13300
31.25264	6.13300
31.15369	6.13300
31.25264	6.13788
31.15369	6.13788
31.30217	6.14277
31.15369	6.14277
31.30217	6.14277
31.25264	6.14765
31.25264	6.14277
31.20314	6.14765
31.30217	6.14765
31.20314	6.15253
31.30217	6.14765
31.25264	6.15253
31.30217	6.15253
31.25264	6.15741
31.30217	6.15253
31.25264	6.15741
31.35175	6.16230
31.25264	6.16230
31.35175	6.16230
31.15369	6.16230
31.35175	6.16230
31.30217	6.17206
31.35175	6.17206
31.30217	6.17206
31.30217	6.17206
31.30217	6.17206
31.30217	6.17695
31.30217	6.17695
31.30217	6.17695
31.30217	6.17695
31.35175	6.18183
31.30217	6.19160
31.35175	6.18671
31.30217	6.19160
31.35175	6.18671
31.30217	6.19160
31.35175	6.19160
31.30217	6.19160
31.35175	6.19160
31.30217	6.19648
31.35175	6.19648
31.30217	6.20136
31.35175	6.20136
31.30217	6.20136
31.35175	6.20136
31.30217	6.21113
31.40137	6.21113
31.35175	6.20624
31.40137	6.21113
31.30217	6.21113
31.35175	6.21113
31.30217	6.21113
31.40137	6.21601
31.30217	6.21601
31.35175	6.21601
31.30217	6.23066
31.40137	6.22578
31.30217	6.23066
31.40137	6.22578
31.30217	6.23066
31.45103	6.22578
31.35175	6.23554
31.40137	6.23066
31.35175	6.23066
31.45103	6.23066
31.40137	6.23554
31.45103	6.24042
31.35175	6.24042
31.45103	6.24042
31.35175	6.24042
31.45103	6.25019
31.35175	6.25019
31.45103	6.25019
31.40137	6.25019
31.45103	6.25019
31.40137	6.25019
31.45103	6.25019
31.40137	6.25507
31.45103	6.25507
31.40137	6.25996
31.45103	6.25507
31.40137	6.25996
31.50073	6.25996
31.40137	6.26484
31.50073	6.26484
31.40137	6.26972
31.50073	6.26484
31.40137	6.26972
31.50073	6.26972
31.40137	6.27461
31.50073	6.27461
31.40137	6.27461
31.45103	6.27949
31.45103	6.27949
31.45103	6.27949
31.40137	6.28437
31.55048	6.28925
31.40137	6.28925
31.50073	6.28925
31.45103	6.28925
31.55048	6.28925
31.45103	6.28925
31.55048	6.28925
31.45103	6.29414
31.50073	6.29414
31.50073	6.29414
31.55048	6.29902
31.50073	6.29902
31.55048	6.29902
31.50073	6.30879
31.55048	6.30390
31.50073	6.30879
31.55048	6.30390
31.50073	6.30879
31.55048	6.31367
31.50073	6.31367
31.55048	6.31367
31.50073	6.31367
31.55048	6.31855
31.50073	6.31367
31.55048	6.31855
31.50073	6.31855
31.55048	6.31855
31.50073	6.32832
31.55048	6.32832
31.50073	6.32832
31.55048	6.32832
31.50073	6.32832
31.55048	6.32832
31.50073	6.33320
31.55048	6.33320
31.50073	6.33320
31.55048	6.33808
31.50073	6.34785
31.55048	6.34297
31.50073	6.34785
31.55048	6.34785
31.50073	6.34785
31.55048	6.34297
31.50073	6.34785
31.55048	6.34785
31.55048	6.35273
31.55048	6.35273
31.50073	6.35273
31.55048	6.35762
31.55048	6.35762
31.55048	6.36738
31.55048	6.35762
31.55048	6.36738
31.55048	6.36738
31.55048	6.36738
31.55048	6.36738
31.65009	6.36738
31.60026	6.37226
31.55048	6.37226
31.55048	6.37226
31.65009	6.37715
31.60026	6.37715
31.55048	6.37715
31.60026	6.38691
31.55048	6.38203
31.60026	6.38691
31.55048	6.38203
31.60026	6.38691
31.55048	6.38691
31.60026	6.38691
31.65009	6.39180
31.60026	6.38691
31.55048	6.39668
31.60026	6.39668
31.65009	6.39180
31.60026	6.39668
31.69996	6.40645
31.60026	6.40645
31.69996	6.40645
31.60026	6.40645
31.69996	6.40645
31.65009	6.40645
31.69996	6.41133
31.60026	6.41133
31.69996	6.41133
31.65009	6.41133
31.74988	6.41621
31.60026	6.42598
31.69996	6.41621
31.60026	6.42598
31.74988	6.42109
31.69996	6.42598
31.74988	6.42109
31.65009	6.42598
31.74988	6.42598
31.60026	6.42598
31.74988	6.43574
31.69996	6.43086
31.74988	6.43574
31.65009	6.43574
31.74988	6.44551
31.69996	6.43574
31.74988	6.44551
31.65009	6.44063
31.74988	6.44551
31.65009	6.44551
31.74988	6.44551
31.69996	6.44551
31.74988	6.44551
31.69996	6.45039
31.74988	6.45039
31.69996	6.45039
31.74988	6.45039
31.69996	6.45528
31.74988	6.45528
31.69996	6.46504
31.74988	6.46016
31.69996	6.46504
31.74988	6.45528
31.69996	6.46504
31.74988	6.46504
31.69996	6.46504
31.79983	6.46992
31.69996	6.46992
31.74988	6.47481
31.69996	6.46992
31.79983	6.46992
31.74988	6.47481
31.84983	6.47481
31.69996	6.48457
31.84983	6.48457
31.74988	6.48457
31.79983	6.48457
31.69996	6.48457
31.84983	6.48457
31.74988	6.48946
31.84983	6.48946
31.74988	6.48946
31.84983	6.49434
31.79983	6.49434
31.84983	6.49434
31.74988	6.49922
31.84983	6.49434
31.74988	6.50410
31.89987	6.50410
31.79983	6.50410
31.84983	6.50410
31.79983	6.50410
31.84983	6.50899
31.79983	6.50899
31.84983	6.51387
31.79983	6.50899
31.84983	6.52364
31.79983	6.51387
31.84983	6.52364
31.79983	6.52364
31.89987	6.52364
31.79983	6.51875
31.89987	6.52364
31.79983	6.52364
31.89987	6.52364
31.84983	6.52364
31.84983	6.52852
31.79983	6.52852
31.84983	6.52852
31.79983	6.52852
31.89987	6.53340
31.84983	6.54317
31.84983	6.53829
31.79983	6.54317
31.94996	6.53829
31.84983	6.54317
31.94996	6.54317
31.89987	6.54317
31.89987	6.55293
31.84983	6.54805
31.89987	6.54805
31.84983	6.54805
31.94996	6.56270
31.84983	6.56270
31.94996	6.56270
31.79983	6.56270
31.94996	6.56270
31.89987	6.56270
31.94996	6.56270
31.84983	6.56270
31.94996	6.56270
31.84983	6.56758
31.94996	6.56270
31.89987	6.56758
31.94996	6.57247
31.89987	6.58223
31.94996	6.57247
31.89987	6.57735
31.94996	6.57735
31.89987	6.58223
31.94996	6.57735
31.89987	6.58223
31.94996	6.58223
31.89987	6.58712
31.94996	6.58712
31.89987	6.59200
31.94996	6.59200
31.89987	6.59200
31.94996	6.60176
31.89987	6.59688
31.94996	6.60176
31.89987	6.59688
31.94996	6.60176
31.89987	6.60176
31.94996	6.60176
31.89987	6.60665
31.94996	6.60176
31.89987	6.60665
31.94996	6.61153
31.94996	6.60665
31.94996	6.61641
31.94996	6.62130
31.94996	6.61153
31.89987	6.62130
31.94996	6.61641
31.94996	6.62130
31.94996	6.62130
31.94996	6.62130
31.94996	6.62130
31.94996	6.62618
32.05026	6.62618
31.94996	6.63106
31.94996	6.63106
31.94996	6.63106
32.05026	6.63594
31.94996	6.64083
31.94996	6.64083
31.94996	6.64083
32.05026	6.64083
31.94996	6.64571
32.05026	6.64083
31.94996	6.64571
31.94996	6.64571
32.00009	6.64571
32.10048	6.65059
32.00009	6.65059
32.10048	6.65059
31.94996	6.66036
32.05026	6.65548
31.94996	6.66036
32.05026	6.66036
32.00009	6.66524
32.05026	6.66524
31.94996	6.66524
31.94996	6.66524
32.05026	6.66524
32.05026	6.66524
31.94996	6.67013
32.10048	6.67989
32.00009	6.67989
32.10048	6.67989
32.10048	6.67989
32.15074	6.67989
32.05026	6.67501
32.10048	6.67989
32.00009	6.67989
32.15074	6.67989
32.05026	6.68477
32.15074	6.68966
32.05026	6.68966
32.15074	6.68966
32.05026	6.69942
32.15074	6.68966
32.10048	6.69942
32.15074	6.69454
32.10048	6.69942
32.15074	6.69454
32.10048	6.69942
32.15074	6.70431
32.10048	6.70431
32.15074	6.70431
32.10048	6.70919
32.15074	6.70919
32.10048	6.70919
32.15074	6.70919
32.10048	6.71407
32.15074	6.71896
32.10048	6.71896
32.15074	6.71896
32.10048	6.71896
32.20104	6.71896
32.10048	6.72384
32.15074	6.72872
32.10048	6.72872
32.20104	6.72872
32.10048	6.72872
32.25139	6.72872
32.10048	6.73849
32.15074	6.73360
32.10048	6.73849
32.20104	6.73360
32.10048	6.73849
32.20104	6.73849
32.15074	6.74337
32.20104	6.74337
32.15074	6.74337
32.25139	6.74825
32.10048	6.74825
32.25139	6.74825
32.15074	6.74825
32.25139	6.75802
32.15074	6.75802
32.25139	6.75802
32.15074	6.75802
32.25139	6.75802
32.15074	6.75802
32.25139	6.76290
32.20104	6.76290
32.25139	6.76290
32.20104	6.76778
32.25139	6.76290
32.20104	6.76778
32.25139	6.76778
32.15074	6.77755
32.25139	6.77755
32.20104	6.77755
32.25139	6.77755
32.20104	6.78243
32.25139	6.77755
32.20104	6.78243
32.30179	6.77755
32.20104	6.78243
32.25139	6.78732
32.20104	6.78732
32.25139	6.78732
32.20104	6.79708
32.30179	6.79708
32.20104	6.79708
32.35223	6.79708
32.25139	6.79708
32.30179	6.79708
32.20104	6.80197
32.35223	6.80197
32.20104	6.80197
32.30179	6.80685
32.25139	6.80685
32.30179	6.81173
32.20104	6.81661
32.30179	6.81173
32.25139	6.81661
32.35223	6.81661
32.25139	6.81661
32.35223	6.81661
32.25139	6.82150
32.35223	6.82150
32.30179	6.82638
32.35223	6.83615
32.30179	6.82638
32.35223	6.83615
32.30179	6.83126
32.35223	6.83615
32.30179	6.83126
32.35223	6.83615
32.30179	6.83615
32.35223	6.83615
32.30179	6.83615
32.35223	6.84103
32.30179	6.84103
32.35223	6.84591
32.30179	6.85568
32.35223	6.85080
32.30179	6.85568
32.35223	6.85080
32.30179	6.85568
32.35223	6.85080
32.30179	6.85568
32.35223	6.85568
32.30179	6.86056
32.35223	6.86056
32.30179	6.86056
32.35223	6.86544
32.30179	6.87521
32.35223	6.86544
32.30179	6.87521
32.35223	6.87521
32.35223	6.87521
32.35223	6.87521
32.30179	6.87521
32.35223	6.87521
32.30179	6.88009
32.35223	6.88009
32.35223	6.88009
32.35223	6.88498
32.35223	6.89474
32.35223	6.88009
32.35223	6.88986
32.35223	6.88498
32.35223	6.89474
32.35223	6.88498
32.35223	6.89474
32.35223	6.88986
32.35223	6.89474
32.35223	6.89474
32.35223	6.89474
32.35223	6.89962
32.35223	6.89962
32.35223	6.90451
32.35223	6.90451
32.35223	6.91427
32.35223	6.90451
32.45324	6.91427
32.40271	6.91427
32.35223	6.91427
32.40271	6.91427
32.45324	6.91427
32.40271	6.91916
32.50381	6.91916
32.40271	6.91916
32.45324	6.92404
32.40271	6.92404
32.45324	6.92404
32.40271	6.93381
32.45324	6.92404
32.40271	6.93381
32.35223	6.93381
32.40271	6.93381
32.50381	6.93381
32.45324	6.93869
32.45324	6.93869
32.40271	6.93869
32.50381	6.94357
32.45324	6.93869
32.50381	6.93869
32.45324	6.95334
32.50381	6.94845
32.50381	6.95334
32.55443	6.95334
32.45324	6.95334
32.55443	6.95334
32.45324	6.95334
32.55443	6.95334
32.45324	6.95822
32.55443	6.96310
32.50381	6.96310
32.55443	6.96310
32.45324	6.97287
32.55443	6.96310
32.50381	6.97287
32.55443	6.96799
32.50381	6.97287
32.55443	6.97287
32.50381	6.97287
32.55443	6.97287
32.50381	6.97287
32.55443	6.97287
32.50381	6.97775
32.55443	6.98263
32.50381	6.98263
32.55443	6.99240
32.50381	6.98263
32.55443	6.99240
32.50381	6.98752
32.55443	6.99240
32.50381	6.99240
32.55443	6.99240
32.55443	6.99728
32.60509	6.99728
32.50381	6.99728
32.55443	7.00217
32.50381	7.01193
32.60509	7.00217
32.55443	7.01193
32.65580	7.00705
32.55443	7.01193
32.60509	7.00705
32.55443	7.01193
32.65580	7.01193
32.55443	7.01193
32.65580	7.01193
32.55443	7.01682
32.65580	7.02170
32.60509	7.02170
32.60509	7.02170
32.60509	7.02658
32.65580	7.02170
32.55443	7.03146
32.65580	7.03146
32.60509	7.03146
32.65580	7.03146
32.60509	7.03146
32.65580	7.03146
32.60509	7.03635
32.65580	7.03635
32.60509	7.05100
32.65580	7.04123
32.55443	7.05100
32.65580	7.04123
32.60509	7.05100
32.70656	7.04611
32.60509	7.05100
32.65580	7.04611
32.60509	7.05100
32.70656	7.05588
32.60509	7.05588
32.65580	7.05100
32.60509	7.05588
32.70656	7.06076
32.60509	7.06076
32.70656	7.07053
32.60509	7.06565
32.70656	7.07053
32.60509	7.07053
32.70656	7.07053
32.65580	7.07053
32.75736	7.07053
32.65580	7.07053
32.70656	7.07541
32.65580	7.07541
32.75736	7.07541
32.70656	7.07541
32.75736	7.08029
32.70656	7.09006
32.75736	7.08029
32.65580	7.09006
32.75736	7.08518
32.70656	7.09006
32.75736	7.09006
32.70656	7.09006
32.75736	7.09006
32.70656	7.09494
32.75736	7.09494
32.70656	7.09494
32.75736	7.09494
32.70656	7.09983
32.75736	7.09983
32.70656	7.10959
32.75736	7.10471
32.70656	7.10959
32.75736	7.10471
32.70656	7.10959
32.75736	7.10959
32.70656	7.11447
32.75736	7.11447
32.70656	7.11447
32.75736	7.11447
32.70656	7.11936
32.75736	7.11936
32.70656	7.12912
32.75736	7.12424
32.70656	7.12912
32.75736	7.12912
32.70656	7.12912
32.75736	7.12912
32.70656	7.13401
32.75736	7.13401
32.70656	7.13889
32.75736	7.13889
32.75736	7.13401
32.75736	7.14866
32.75736	7.14377
32.85910	7.14866
32.75736	7.14866
32.75736	7.14866
32.70656	7.14866
32.75736	7.14866
32.75736	7.15354
32.75736	7.15354
32.75736	7.15354
32.75736	7.15354
32.75736	7.15842
32.85910	7.16330
32.75736	7.16819
32.85910	7.16330
32.75736	7.16819
32.75736	7.16819
32.75736	7.16819
32.75736	7.16819
32.75736	7.16819
32.85910	7.17307
32.75736	7.17307
32.85910	7.17795
32.75736	7.17795
32.85910	7.17795
32.80821	7.18772
32.85910	7.18772
32.75736	7.18772
32.91005	7.18772
32.75736	7.18772
32.85910	7.18772
32.75736	7.18772
32.85910	7.18772
32.75736	7.19260
32.96103	7.19260
32.85910	7.19749
32.85910	7.19749
32.85910	7.20725
32.91005	7.20237
32.85910	7.20237
32.96103	7.20237
32.85910	7.20725
32.96103	7.21213
32.80821	7.21213
32.91005	7.20725
32.85910	7.21213
32.96103	7.21702
32.91005	7.21702
32.96103	7.22678
32.91005	7.21702
32.96103	7.22678
32.91005	7.22678
32.96103	7.22678
32.91005	7.22678
32.96103	7.22678
32.91005	7.22678
32.96103	7.22678
32.85910	7.23167
32.96103	7.23167
32.91005	7.23167
32.96103	7.23655
32.91005	7.24631
32.96103	7.23655
32.91005	7.24631
32.96103	7.24143
32.91005	7.24631
32.96103	7.24143
32.91005	7.25120
33.01207	7.25120
32.91005	7.25120
32.96103	7.25120
32.91005	7.25120
32.96103	7.25608
32.91005	7.26585
33.01207	7.25608
32.91005	7.26585
33.01207	7.26585
32.91005	7.26585
33.01207	7.26585
32.96103	7.27073
33.06315	7.26585
32.91005	7.27073
33.01207	7.27073
32.96103	7.28538
33.06315	7.27561
32.96103	7.28050
32.96103	7.27561
32.96103	7.28538
33.06315	7.28050
32.96103	7.28538
33.01207	7.28050
32.96103	7.28538
33.06315	7.28538
32.96103	7.29026
33.06315	7.29026
32.96103	7.29514
33.06315	7.30491
32.96103	7.29026
33.06315	7.30491
32.96103	7.30491
33.01207	7.30491
32.96103	7.30491
33.06315	7.30491
32.96103	7.30491
33.06315	7.30491
33.01207	7.30979
33.06315	7.30979
33.01207	7.30979
33.11428	7.31956
32.96103	7.32444
33.06315	7.31956
33.06315	7.32444
33.06315	7.31956
33.01207	7.32444
33.11428	7.32444
33.01207	7.32933
33.11428	7.32444
33.06315	7.32933
33.11428	7.32933
33.01207	7.33421
33.16546	7.34397
33.01207	7.33909
33.06315	7.34397
33.01207	7.34397
33.16546	7.34397
33.01207	7.34397
33.11428	7.34397
33.06315	7.34397
33.16546	7.34886
33.01207	7.34886
33.11428	7.35374
33.06315	7.34886
33.16546	7.35374
33.11428	7.36351
33.06315	7.35862
33.06315	7.36351
33.16546	7.35862
33.06315	7.36351
33.11428	7.36351
33.11428	7.36351
33.16546	7.36351
33.11428	7.36839
33.16546	7.37327
33.06315	7.36839
33.16546	7.37327
33.11428	7.37327
33.16546	7.38304
33.11428	7.37815
33.16546	7.38304
33.11428	7.38304
33.16546	7.38304
33.11428	7.38304
33.16546	7.38792
33.11428	7.38792
33.16546	7.39280
33.11428	7.38792
33.16546	7.39280
33.11428	7.40257
33.16546	7.39280
33.11428	7.40257
33.16546	7.40257
33.11428	7.40257
33.16546	7.40257
33.11428	7.40257
33.16546	7.40257
33.11428	7.40745
33.16546	7.41234
33.11428	7.41234
33.16546	7.41234
33.11428	7.41234
33.16546	7.41234
33.11428	7.42210
33.16546	7.42210
33.11428	7.42210
33.16546	7.42210
33.21668	7.42698
33.16546	7.42698
33.21668	7.42698
33.16546	7.42698
33.16546	7.43187
33.16546	7.43187
33.21668	7.44163
33.16546	7.43187
33.16546	7.44163
33.16546	7.43675
33.21668	7.44163
33.16546	7.43675
33.21668	7.44163
33.16546	7.44163
33.16546	7.44652
33.26795	7.45140
33.21668	7.45140
33.26795	7.45140
33.21668	7.45140
33.26795	7.46117
33.21668	7.45628
33.26795	7.46117
33.21668	7.46117
33.26795	7.46117
33.21668	7.46117
33.26795	7.46117
33.21668	7.46605
33.31927	7.47093
33.21668	7.47093
33.37064	7.46605
33.26795	7.47093
33.37064	7.47093
33.21668	7.48070
33.31927	7.47581
33.31927	7.48070
33.37064	7.48070
33.21668	7.48558
33.37064	7.48070
33.31927	7.48558
33.31927	7.49046
33.26795	7.50023
33.37064	7.49046
33.26795	7.50023
33.37064	7.50023
33.26795	7.50023
33.37064	7.50023
33.31927	7.50023
33.37064	7.50023
33.31927	7.50023
33.37064	7.50023
33.31927	7.50023
33.37064	7.50511
33.31927	7.50999
33.37064	7.50999
33.31927	7.50999
33.37064	7.50999
33.31927	7.51976
33.31927	7.51488
33.31927	7.51976
33.37064	7.51976
33.31927	7.51976
33.37064	7.52464
33.31927	7.52464
33.37064	7.52464
33.31927	7.52464
33.37064	7.52953
33.31927	7.53441
33.37064	7.53929
33.31927	7.53441
33.37064	7.53929
33.37064	7.53929
33.42206	7.53929
33.31927	7.53929
33.47353	7.53929
33.31927	7.53929
33.42206	7.54418
33.31927	7.54418
33.47353	7.54906
33.37064	7.54906
33.37064	7.54906
33.37064	7.55882
33.47353	7.55394
33.37064	7.55882
33.47353	7.55882
33.37064	7.55882
33.47353	7.55882
33.37064	7.56371
33.47353	7.56859
33.37064	7.56859
33.47353	7.56859
33.42206	7.57836
33.47353	7.56859
33.37064	7.56859
33.47353	7.57836
33.42206	7.57836
33.47353	7.57836
33.42206	7.57836
33.47353	7.57836
33.42206	7.58324
33.52504	7.58812
33.42206	7.58324
33.47353	7.58324
33.42206	7.59789
33.52504	7.59301
33.42206	7.59789
33.47353	7.59301
33.42206	7.60277
33.52504	7.59789
33.42206	7.60277
33.52504	7.60277
33.42206	7.60277
33.52504	7.60277
33.47353	7.60277
33.52504	7.61742
33.42206	7.60765
33.52504	7.61742
33.42206	7.61254
33.52504	7.61742
33.52504	7.61742
33.57661	7.61742
33.47353	7.62230
33.57661	7.61742
33.47353	7.62230
33.57661	7.62719
33.42206	7.62230
33.47353	7.62719
33.47353	7.63695
33.57661	7.62719
33.47353	7.63695
33.57661	7.63207
33.47353	7.63695
33.57661	7.63695
33.52504	7.63695
33.57661	7.64183
33.52504	7.64672
33.57661	7.64183
33.52504	7.64672
33.57661	7.64672
33.52504	7.64672
33.57661	7.64672
33.52504	7.65648
33.57661	7.65648
33.52504	7.65648
33.57661	7.65648
33.52504	7.65648
33.57661	7.66137
33.52504	7.66137
33.57661	7.66625
33.52504	7.66137
33.57661	7.66625
33.52504	7.67113
33.57661	7.66625
33.52504	7.67602
33.57661	7.67602
33.52504	7.67602
33.57661	7.67602
33.57661	7.68090
33.57661	7.68090
33.52504	7.68090
33.57661	7.68578
33.52504	7.68578
33.57661	7.69555
33.52504	7.69066
33.57661	7.69555
33.57661	7.69066
33.57661	7.69555
33.57661	7.69555
33.67988	7.69555
33.57661	7.70043
33.67988	7.70043
33.57661	7.70043
33.57661	7.70531
33.57661	7.71508
33.57661	7.70531
33.57661	7.71508
33.57661	7.71020
33.57661	7.71508
33.57661	7.71020
33.62822	7.71508
33.67988	7.71020
33.57661	7.71996
33.67988	7.72485
33.57661	7.71996
33.67988	7.71996
33.57661	7.72485
33.67988	7.72485
33.57661	7.73461
33.73159	7.72973
33.57661	7.73461
33.73159	7.73461
33.62822	7.73461
33.67988	7.73461
33.67988	7.73949
33.67988	7.73949
33.57661	7.73949
33.78335	7.74926
33.67988	7.75414
33.67988	7.74438
33.67988	7.75414
33.73159	7.74926
33.67988	7.75414
33.78335	7.75414
33.62822	7.75903
33.78335	7.75414
33.67988	7.75903
33.78335	7.75903
33.67988	7.76391
33.73159	7.76391
33.67988	7.76391
33.73159	7.76391
33.67988	7.76391
33.78335	7.77367
33.67988	7.77367
33.78335	7.77367
33.67988	7.77367
33.78335	7.77856
33.67988	7.77856
33.78335	7.78344
33.73159	7.77856
33.78335	7.78344
33.73159	7.78344
33.78335	7.78344
33.73159	7.79321
33.78335	7.78832
33.73159	7.79321
33.78335	7.78832
33.73159	7.79321
33.78335	7.79321
33.73159	7.79809
33.78335	7.79321
33.67988	7.79809
33.78335	7.81274
33.78335	7.79809
33.83517	7.81274
33.73159	7.81274
33.83517	7.81274
33.78335	7.81274
33.83517	7.81274
33.78335	7.81274
33.83517	7.81274
33.78335	7.81762
33.78335	7.81762
33.78335	7.83227
33.83517	7.82250
33.78335	7.83227
33.78335	7.82250
33.78335	7.83227
33.78335	7.82250
33.78335	7.83227
33.88703	7.83227
33.78335	7.83227
33.88703	7.83227
33.78335	7.83715
33.83517	7.83715
33.78335	7.83715
33.88703	7.84204
33.83517	7.84204
33.83517	7.85180
33.83517	7.84692
33.88703	7.85180
33.83517	7.85180
33.88703	7.85180
33.83517	7.85180
33.88703	7.85180
33.83517	7.85180
33.88703	7.85180
33.78335	7.85669
33.88703	7.86157
33.78335	7.86157
33.88703	7.86157
33.83517	7.87133
33.93894	7.86645
33.83517	7.87133
33.88703	7.86645
33.83517	7.87133
33.93894	7.87133
33.83517	7.87622
33.88703	7.87622
33.88703	7.87622
33.88703	7.87622
33.88703	7.89087
33.93894	7.88110
33.83517	7.89087
33.93894	7.88598
33.83517	7.89087
33.93894	7.89087
33.88703	7.89575
33.99090	7.89087
33.88703	7.89575
33.99090	7.89575
33.83517	7.89575
33.99090	7.90063
33.88703	7.90063
33.99090	7.90063
33.88703	7.91040
33.93894	7.91040
33.93894	7.91040
33.99090	7.91040
33.93894	7.91528
33.99090	7.92016
33.88703	7.91528
33.99090	7.91528
33.88703	7.91528
33.99090	7.92016
33.93894	7.92016
33.99090	7.92016
33.93894	7.92505
33.99090	7.92993
33.93894	7.92993
33.99090	7.92993
33.93894	7.92993
33.99090	7.93481
33.93894	7.92993
33.99090	7.93970
33.93894	7.94946
33.99090	7.93970
33.93894	7.94946
33.99090	7.94458
33.93894	7.94946
33.99090	7.94458
33.93894	7.94946
33.99090	7.94946
33.93894	7.94946
33.99090	7.94946
33.93894	7.95434
33.99090	7.95434
33.99090	7.95434
33.99090	7.95923
33.93894	7.96899
33.99090	7.96899
33.99090	7.95923
33.99090	7.96899
33.99090	7.96899
33.99090	7.97388
33.99090	7.97388
33.99090	7.96899
33.99090	7.97388
33.99090	7.97876
33.99090	7.97876
34.09498	7.97876
33.99090	7.98853
34.09498	7.98364
33.99090	7.98853
33.99090	7.98364
33.99090	7.99341
34.09498	7.98853
33.99090	7.98853
33.99090	7.99341
33.99090	7.99341
34.09498	7.99829
33.99090	7.99829
34.09498	8.00806
33.99090	7.99829
34.04291	8.00806
33.99090	8.00317
34.09498	8.00806
33.99090	8.00806
34.09498	8.01294
34.04291	8.00806
34.14709	8.01782
33.99090	8.01294
34.14709	8.01782
33.99090	8.02759
34.19926	8.02271
33.99090	8.02759
34.19926	8.02271
34.04291	8.02759
34.14709	8.02271
34.04291	8.03247
34.19926	8.02759
34.04291	8.03247
34.14709	8.03247
34.09498	8.04224
34.14709	8.03735
34.09498	8.04224
34.19926	8.04712
34.09498	8.04712
34.14709	8.04712
34.14709	8.04712
34.19926	8.04712
34.09498	8.04712
34.19926	8.05200
34.09498	8.05200
34.19926	8.05689
34.09498	8.05200
34.14709	8.05689
34.14709	8.05689
34.19926	8.05689
34.14709	8.06665
34.19926	8.06177
34.09498	8.06665
34.19926	8.06665
34.14709	8.06665
34.19926	8.06665
34.14709	8.07154
34.19926	8.07642
34.14709	8.07642
34.19926	8.08618
34.14709	8.08130
34.19926	8.08130
34.14709	8.08618
34.19926	8.08618
34.14709	8.08618
34.19926	8.09107
34.19926	8.08618
34.25148	8.09595
34.14709	8.09107
34.25148	8.09595
34.14709	8.09107
34.25148	8.09595
34.19926	8.10572
34.30375	8.10083
34.19926	8.10572
34.25148	8.10083
34.19926	8.10572
34.25148	8.11060
34.19926	8.11060
34.19926	8.11548
34.19926	8.11060
34.30375	8.12525
34.19926	8.12525
34.30375	8.12525
34.19926	8.12525
34.30375	8.12525
34.19926	8.12525
34.30375	8.12525
34.19926	8.12525
34.30375	8.12525
34.25148	8.13013
34.30375	8.13013
34.19926	8.13501
34.30375	8.13501
34.25148	8.14478
34.30375	8.13501
34.25148	8.14478
34.35607	8.14478
34.25148	8.14478
34.30375	8.14478
34.25148	8.14478
34.30375	8.14966
34.25148	8.14966
34.35607	8.15455
34.25148	8.14966
34.30375	8.15455
34.25148	8.15943
34.35607	8.15943
34.30375	8.16431
34.35607	8.16431
34.30375	8.16431
34.35607	8.16431
34.30375	8.16431
34.35607	8.16919
34.25148	8.16919
34.40844	8.16919
34.35607	8.17408
34.40844	8.17408
34.30375	8.18384
34.40844	8.17408
34.35607	8.18384
34.40844	8.17896
34.35607	8.18384
34.40844	8.18384
34.35607	8.18384
34.40844	8.18873
34.35607	8.18873
34.40844	8.19361
34.35607	8.20338
34.40844	8.19361
34.35607	8.20338
34.40844	8.19849
34.35607	8.20338
34.40844	8.20338
34.35607	8.20338
34.40844	8.20338
34.30375	8.20826
34.40844	8.20338
34.35607	8.20826
34.40844	8.21314
34.35607	8.21314
34.40844	8.21802
34.35607	8.22291
34.40844	8.21802
34.35607	8.22291
34.40844	8.22291
34.35607	8.22291
34.40844	8.22291
34.40844	8.22779
34.40844	8.22779
34.35607	8.22779
34.40844	8.24244
34.35607	8.23267
34.40844	8.24244
34.40844	8.23756
34.40844	8.24244
34.40844	8.24244
34.40844	8.24244
34.40844	8.24244
34.40844	8.24732
34.40844	8.24732
34.40844	8.25220
34.40844	8.24732
34.40844	8.25220
34.40844	8.24732
34.40844	8.25220
34.40844	8.26197
34.40844	8.25709
34.40844	8.26197
34.40844	8.26197
34.40844	8.26197
34.51335	8.26197
34.40844	8.26685
34.40844	8.26685
34.40844	8.27174
34.56588	8.27174
34.40844	8.27662
34.51335	8.28150
34.40844	8.28150
34.51335	8.28150
34.46087	8.28150
34.51335	8.28639
34.46087	8.28639
34.51335	8.28639
34.46087	8.28639
34.51335	8.29127
34.46087	8.30103
34.51335	8.29127
34.40844	8.30103
34.51335	8.29615
34.40844	8.30103
34.56588	8.29615
34.40844	8.30103
34.56588	8.30103
34.46087	8.30103
34.51335	8.30592
34.40844	8.30592
34.56588	8.30592
34.51335	8.31080
34.61847	8.32057
34.51335	8.32057
34.61847	8.32057
34.51335	8.31568
34.61847	8.32057
34.51335	8.32057
34.56588	8.32545
34.56588	8.32545
34.56588	8.32545
34.51335	8.32545
34.61847	8.33033
34.51335	8.33033
34.61847	8.33033
34.51335	8.34010
34.61847	8.33522
34.56588	8.34010
34.61847	8.33522
34.56588	8.34010
34.61847	8.34498
34.56588	8.34498
34.61847	8.34986
34.56588	8.34986
34.67110	8.35475
34.56588	8.35963
34.61847	8.35963
34.56588	8.35963
34.61847	8.35963
34.61847	8.35963
34.61847	8.35963
34.61847	8.35963
34.61847	8.35963
34.56588	8.36451
34.61847	8.36451
34.56588	8.36451
34.61847	8.36940
34.56588	8.36940
34.67110	8.37428
34.61847	8.37916
34.67110	8.37916
34.61847	8.37916
34.67110	8.38404
34.61847	8.37916
34.67110	8.37916
34.56588	8.38893
34.67110	8.38893
34.61847	8.38893
34.72380	8.38893
34.61847	8.39869
34.72380	8.39869
34.67110	8.40358
34.72380	8.39869
34.61847	8.39869
34.72380	8.39869
34.61847	8.40358
34.72380	8.40846
34.67110	8.40846
34.72380	8.40846
34.67110	8.40846
34.72380	8.40846
34.67110	8.41823
34.72380	8.41334
34.67110	8.41823
34.72380	8.41823
34.67110	8.42311
34.72380	8.42311
34.67110	8.42311
34.72380	8.42311
34.67110	8.42311
34.77654	8.43776
34.67110	8.42799
34.77654	8.43776
34.67110	8.43776
34.77654	8.43776
34.67110	8.43776
34.77654	8.43776
34.67110	8.44264
34.77654	8.44264
34.67110	8.44264
34.77654	8.44264
34.67110	8.44752
34.77654	8.44752
34.67110	8.45729
34.77654	8.45241
34.72380	8.45729
34.77654	8.45729
34.67110	8.46217
34.82934	8.45729
34.72380	8.46217
34.82934	8.46217
34.72380	8.46217
34.82934	8.46706
34.77654	8.46706
34.82934	8.47682
34.77654	8.47194
34.82934	8.47682
34.77654	8.47682
34.82934	8.47682
34.72380	8.48170
34.82934	8.47682
34.77654	8.48170
34.82934	8.48659
34.77654	8.48659
34.82934	8.48659
34.77654	8.49147
34.82934	8.48659
34.77654	8.49635
34.82934	8.49635
34.77654	8.49635
34.82934	8.49635
34.77654	8.49635
34.82934	8.49635
34.77654	8.50124
34.82934	8.50612
34.77654	8.51588
34.82934	8.50612
34.77654	8.51588
34.82934	8.51100
34.77654	8.51588
34.82934	8.51588
34.77654	8.51588
34.82934	8.51588
34.77654	8.52077
34.82934	8.52077
34.77654	8.52077
34.82934	8.52565
34.88219	8.52565
34.82934	8.52565
34.88219	8.53542
34.82934	8.53053
34.88219	8.53542
34.82934	8.53542
34.82934	8.53542
34.82934	8.54030
34.82934	8.54030
34.82934	8.54030
34.77654	8.54030
34.82934	8.54518
34.88219	8.54518
34.82934	8.55495
34.88219	8.55495
34.93510	8.55495
34.88219	8.55007
34.82934	8.55983
34.88219	8.55495
34.82934	8.55495
34.88219	8.55983
34.93510	8.56471
34.88219	8.55983
34.93510	8.56960
34.88219	8.57448
34.93510	8.56471
34.88219	8.57448
34.98806	8.56960
34.88219	8.57448
34.98806	8.57936
34.88219	8.57936
34.98806	8.57936
34.88219	8.57936
34.98806	8.58425
34.88219	8.58913
34.98806	8.57936
34.88219	8.59401
34.93510	8.59401
34.88219	8.59401
35.04107	8.59401
34.88219	8.59890
34.98806	8.59401
34.93510	8.59890
34.98806	8.59890
34.93510	8.60378
35.04107	8.60378
34.88219	8.61354
35.04107	8.60866
34.98806	8.61354
35.04107	8.60866
34.98806	8.61354
35.04107	8.60866
34.93510	8.61843
35.04107	8.61843
34.93510	8.61843
35.04107	8.62331
34.98806	8.62331
35.04107	8.63308
34.98806	8.62819
35.04107	8.63308
34.98806	8.63308
35.04107	8.63308
34.98806	8.63308
35.04107	8.63796
34.98806	8.63796
35.04107	8.63796
34.98806	8.64284
35.04107	8.64284
34.98806	8.64284
35.04107	8.64772
34.98806	8.65261
35.04107	8.65261
34.98806	8.65261
35.04107	8.65261
34.98806	8.65749
35.09414	8.66237
35.04107	8.65749
35.04107	8.66237
34.98806	8.67214
35.09414	8.66726
34.98806	8.66726
35.09414	8.66237
35.04107	8.67214
35.09414	8.67214
35.04107	8.67214
35.09414	8.67214
35.04107	8.67702
35.14727	8.67702
35.04107	8.68191
35.14727	8.68191
35.04107	8.69167
35.14727	8.68191
35.09414	8.69167
35.14727	8.68679
35.04107	8.69167
35.14727	8.69167
35.04107	8.69167
35.14727	8.69167
35.09414	8.69655
35.14727	8.70144
35.09414	8.70144
35.14727	8.70144
35.04107	8.70144
35.14727	8.71120
35.09414	8.70632
35.14727	8.71120
35.09414	8.71120
35.20045	8.71120
35.09414	8.71120
35.14727	8.71609
35.04107	8.71609
35.14727	8.72097
35.09414	8.72097
35.14727	8.72097
35.09414	8.73074
35.20045	8.72585
35.09414	8.73074
35.20045	8.73074
35.09414	8.73074
35.20045	8.73074
35.14727	8.73562
35.20045	8.73074
35.09414	8.73562
35.25369	8.74050
35.20045	8.74050
35.25369	8.75027
35.20045	8.75027
35.20045	8.75027
35.14727	8.75027
35.25369	8.75027
35.14727	8.75027
35.25369	8.75027
35.14727	8.75515
35.25369	8.75515
35.20045	8.76003
35.20045	8.75515
35.20045	8.76003
35.25369	8.76003
35.20045	8.76980
35.25369	8.76492
35.20045	8.76980
35.25369	8.76492
35.20045	8.76980
35.25369	8.76980
35.20045	8.77468
35.25369	8.77956
35.20045	8.77956
35.25369	8.77956
35.20045	8.78445
35.25369	8.78933
35.20045	8.78445
35.25369	8.78933
35.20045	8.78933
35.25369	8.78933
35.20045	8.78933
35.25369	8.79421
35.20045	8.79421
35.25369	8.79910
35.20045	8.80886
35.25369	8.79910
35.20045	8.80886
35.25369	8.80398
35.25369	8.80886
35.25369	8.80398
35.20045	8.81375
35.25369	8.81375
35.25369	8.81375
35.25369	8.81375
35.25369	8.81863
35.25369	8.81863
35.25369	8.82839
35.25369	8.82351
35.25369	8.82839
35.25369	8.82839
35.25369	8.82839
35.25369	8.82839
35.25369	8.82839
35.25369	8.83328
35.25369	8.83328
35.36033	8.83328
35.25369	8.84793
35.36033	8.83816
35.30698	8.84793
35.25369	8.84304
35.25369	8.84793
35.36033	8.84793
35.25369	8.84793
35.36033	8.84793
35.30698	8.85281
35.41373	8.84793
35.25369	8.85769
35.36033	8.85769
35.25369	8.86258
35.41373	8.86746
35.30698	8.86258
35.36033	8.86746
35.25369	8.86746
35.36033	8.86746
35.25369	8.86746
35.46719	8.86746
35.36033	8.87234
35.41373	8.87234
35.36033	8.87722
35.46719	8.87722
35.41373	8.88699
35.41373	8.87722
35.36033	8.88699
35.41373	8.88211
35.41373	8.88699
35.46719	8.88699
35.25369	8.89187
35.46719	8.89187
35.41373	8.89676
35.46719	8.89676
35.41373	8.89676
35.46719	8.89676
35.41373	8.90652
35.46719	8.90652
35.41373	8.90652
35.46719	8.90652
35.41373	8.90652
35.41373	8.90652
35.41373	8.91140
35.46719	8.91629
35.41373	8.91629
35.46719	8.91629
35.41373	8.91629
35.46719	8.91629
35.41373	8.92605
35.52071	8.92117
35.41373	8.92605
35.46719	8.92605
35.41373	8.92605
35.46719	8.92605
35.41373	8.93094
35.46719	8.93582
35.41373	8.94070
35.46719	8.94559
35.41373	8.94559
35.52071	8.94559
35.46719	8.94070
35.52071	8.94559
35.46719	8.95047
35.52071	8.95047
35.52071	8.95047
35.52071	8.95047
35.46719	8.96512
35.57428	8.95535
35.46719	8.96023
35.57428	8.96023
35.46719	8.96512
35.57428	8.96023
35.46719	8.96512
35.57428	8.97000
35.46719	8.97000
35.57428	8.97000
35.52071	8.97000
35.57428	8.97488
35.46719	8.97488
35.57428	8.97488
35.52071	8.98465
35.57428	8.98465
35.52071	8.98465
35.57428	8.98465
35.52071	8.98465
35.57428	8.98465
35.52071	8.98953
35.57428	8.99442
35.46719	9.00418
35.62791	8.98953
35.52071	9.00418
35.62791	8.99442
35.57428	9.00418
35.57428	8.99930
35.52071	9.00418
35.62791	8.99930
35.52071	9.00906
35.62791	9.00418
35.52071	9.00906
35.62791	9.02371
35.52071	9.01395
35.62791	9.02371
35.52071	9.02371
35.68160	9.02371
35.52071	9.02371
35.68160	9.02371
35.52071	9.02371
35.62791	9.02371
35.52071	9.02371
35.68160	9.02860
35.57428	9.04324
35.62791	9.03348
35.57428	9.03836
35.68160	9.03348
35.57428	9.04324
35.68160	9.03836
35.62791	9.04324
35.68160	9.04324
35.62791	9.04324
35.68160	9.04813
35.62791	9.04813
35.68160	9.05301
35.62791	9.05301
35.68160	9.06278
35.62791	9.05301
35.68160	9.06278
35.62791	9.06278
35.68160	9.06278
35.62791	9.06278
35.68160	9.06278
35.62791	9.06278
35.68160	9.06766
35.62791	9.07254
35.68160	9.07254
35.62791	9.08231
35.68160	9.07254
35.62791	9.07743
35.68160	9.07254
35.62791	9.08231
35.68160	9.07743
35.62791	9.08231
35.68160	9.08231
35.62791	9.08231
35.68160	9.08719
35.68160	9.08719
35.68160	9.09207
35.62791	9.09207
35.68160	9.10184
35.68160	9.09696
35.68160	9.10184
35.68160	9.10184
35.68160	9.10184
35.68160	9.10672
35.68160	9.10672
35.73535	9.10672
35.68160	9.10672
35.68160	9.12137
35.68160	9.11161
35.68160	9.11649
35.68160	9.11649
35.73535	9.12137
35.68160	9.12137
35.68160	9.12137
35.68160	9.12137
35.68160	9.12626
35.68160	9.12626
35.73535	9.12626
35.68160	9.13114
35.73535	9.12626
35.68160	9.13602
35.73535	9.14090
35.78915	9.14090
35.73535	9.14090
35.68160	9.14090
35.73535	9.14090
35.78915	9.14090
35.73535	9.14579
35.84301	9.14579
35.73535	9.14579
35.84301	9.15067
35.73535	9.15555
35.78915	9.15067
35.73535	9.16044
35.89693	9.15555
35.78915	9.16044
35.84301	9.16044
35.78915	9.16532
35.84301	9.16044
35.73535	9.16532
35.89693	9.16532
35.78915	9.17020
35.84301	9.17997
35.78915	9.17508
35.89693	9.17997
35.84301	9.17997
35.89693	9.17997
35.78915	9.17997
35.89693	9.17997
35.84301	9.18485
35.89693	9.18485
35.84301	9.18485
35.89693	9.18973
35.84301	9.19950
35.89693	9.18973
35.84301	9.19950
35.89693	9.19950
35.84301	9.19950
35.89693	9.19950
35.84301	9.20438
35.89693	9.20927
35.84301	9.20438
35.89693	9.20438
35.84301	9.20927
35.95091	9.20927
35.84301	9.21903
35.89693	9.21415
35.84301	9.21903
35.95091	9.21903
35.84301	9.21903
35.89693	9.21903
35.84301	9.22391
36.00494	9.21903
35.84301	9.22391
35.89693	9.22880
35.89693	9.23368
36.00494	9.23368
35.95091	9.23856
36.00494	9.22880
35.84301	9.23856
35.95091	9.23368
35.89693	9.23856
35.95091	9.24345
35.89693	9.24345
36.00494	9.24345
35.89693	9.24345
35.89693	9.24833
35.95091	9.24833
36.00494	9.25810
35.89693	9.25810
36.00494	9.25810
35.95091	9.25810
36.00494	9.25810
35.89693	9.25810
36.00494	9.25810
35.89693	9.26298
36.00494	9.26298
35.95091	9.26298
36.00494	9.26786
35.95091	9.27763
36.00494	9.27274
35.95091	9.27763
36.05904	9.27763
35.95091	9.27763
36.05904	9.27763
35.95091	9.28251
36.05904	9.28739
35.95091	9.28251
36.00494	9.28739
35.95091	9.29228
36.05904	9.29716
36.00494	9.29716
36.05904	9.29228
35.95091	9.29716
36.05904	9.29716
36.00494	9.29716
36.05904	9.30204
35.95091	9.30692
36.05904	9.30204
36.00494	9.30204
36.11319	9.30692
36.00494	9.31669
36.11319	9.31181
36.00494	9.31669
36.11319	9.31669
35.95091	9.31669
36.11319	9.31669
36.05904	9.32157
36.11319	9.32157
36.05904	9.32646
36.11319	9.32646
36.05904	9.33134
36.11319	9.33622
36.05904	9.33134
36.11319	9.33622
36.00494	9.33622
36.11319	9.33622
36.05904	9.33622
36.11319	9.33622
36.00494	9.35575
36.11319	9.34599
36.05904	9.34599
36.11319	9.35087
36.05904	9.35575
36.11319	9.35087
36.05904	9.35575
36.11319	9.35575
36.05904	9.36064
36.11319	9.35575
36.05904	9.36064
36.11319	9.36552
36.05904	9.37529
36.11319	9.37529
36.05904	9.37529
36.11319	9.37529
36.05904	9.37529
36.11319	9.37529
36.05904	9.38017
36.11319	9.38017
36.05904	9.38017
36.11319	9.38017
36.05904	9.38017
36.11319	9.38505
36.11319	9.39482
36.11319	9.38505
36.11319	9.39482
36.11319	9.38993
36.11319	9.39482
36.11319	9.39482
36.11319	9.39482
36.11319	9.39970
36.05904	9.39970
36.11319	9.40458
36.11319	9.40458
36.11319	9.41435
36.11319	9.40947
36.11319	9.41435
36.16740	9.41435
36.22168	9.41435
36.11319	9.41435
36.22168	9.41923
36.11319	9.41923
36.22168	9.41923
36.11319	9.41923
36.22168	9.42412
36.16740	9.43388
36.33040	9.42412
36.16740	9.43388
36.22168	9.42900
36.16740	9.43388
36.27601	9.43388
36.22168	9.43876
36.27601	9.43876
36.16740	9.43876
36.27601	9.44365
36.16740	9.45341
36.33040	9.44365
36.22168	9.45341
36.27601	9.44853
36.16740	9.45341
36.33040	9.45341
36.27601	9.45830
36.27601	9.45341
36.11319	9.45830
36.33040	9.45830
36.22168	9.46318
36.27601	9.46318
36.22168	9.47295
36.33040	9.46318
36.22168	9.47295
36.33040	9.46806
36.22168	9.47783
36.33040	9.46806
36.22168	9.47783
36.33040	9.47783
36.22168	9.47783
36.33040	9.49248
36.27601	9.48271
36.33040	9.49248
36.27601	9.49248
36.33040	9.49248
36.27601	9.49248
36.33040	9.49248
36.27601	9.49736
36.33040	9.49736
36.27601	9.49736
36.33040	9.50224
36.27601	9.51201
36.33040	9.50224
36.27601	9.51201
36.33040	9.51201
36.27601	9.51201
36.38485	9.51201
36.27601	9.51201
36.38485	9.51201
36.27601	9.52177
36.38485	9.52177
36.33040	9.52177
36.43937	9.52177
36.33040	9.52666
36.43937	9.53154
36.27601	9.53154
36.43937	9.53154
36.27601	9.53154
36.38485	9.53154
36.27601	9.53154
36.43937	9.53642
36.27601	9.54131
36.43937	9.54131
36.33040	9.55107
36.43937	9.54619
36.33040	9.55107
36.43937	9.54619
36.33040	9.55107
36.43937	9.55107
36.33040	9.55596
36.43937	9.56084
36.33040	9.56084
36.43937	9.56084
36.38485	9.56084
36.43937	9.57060
36.38485	9.56572
36.43937	9.57060
36.38485	9.57060
36.43937	9.57060
36.38485	9.57549
36.43937	9.57060
36.38485	9.57549
36.43937	9.58037
36.38485	9.59014
36.43937	9.58037
36.38485	9.59014
36.43937	9.58525
36.43937	9.59014
36.43937	9.59014
36.38485	9.59014
36.49394	9.59502
36.43937	9.59502
36.49394	9.59502
36.38485	9.59502
36.54857	9.59990
36.38485	9.60479
36.49394	9.60479
36.43937	9.60967
36.54857	9.60967
36.43937	9.60967
36.54857	9.60967
36.43937	9.61455
36.54857	9.60967
36.43937	9.61455
36.54857	9.61943
36.49394	9.61455
36.54857	9.61943
36.49394	9.62920
36.54857	9.61943
36.49394	9.62920
36.54857	9.62920
36.49394	9.62920
36.54857	9.62920
36.49394	9.63408
36.54857	9.63897
36.49394	9.63408
36.54857	9.64873
36.49394	9.64385
36.54857	9.64873
36.49394	9.64873
36.54857	9.64873
36.49394	9.64873
36.54857	9.64873
36.49394	9.65361
36.54857	9.65361
36.49394	9.65850
36.54857	9.65850
36.54857	9.65850
36.54857	9.66338
36.49394	9.66826
36.54857	9.66338
36.49394	9.66826
36.54857	9.66338
36.49394	9.67315
36.54857	9.66826
36.60327	9.67803
36.54857	9.68780
36.54857	9.67315
36.54857	9.68780
36.60327	9.68780
36.54857	9.68780
36.49394	9.68780
36.54857	9.68780
36.60327	9.68780
36.54857	9.68780
36.54857	9.69268
36.54857	9.69268
36.54857	9.70244
36.54857	9.69756
36.54857	9.70733
36.54857	9.70244
36.60327	9.70733
36.54857	9.70244
36.60327	9.70733
36.54857	9.70733
36.60327	9.71221
36.65803	9.70733
36.60327	9.71221
36.54857	9.72686
36.60327	9.71709
36.54857	9.72686
36.60327	9.72686
36.54857	9.72686
36.60327	9.72198
36.54857	9.72686
36.60327	9.72686
36.71285	9.73174
36.60327	9.73174
36.65803	9.73663
36.60327	9.73174
36.65803	9.73174
36.60327	9.74639
36.71285	9.73663
36.60327	9.74639
36.65803	9.74151
36.60327	9.74639
36.76773	9.74639
36.60327	9.75127
36.71285	9.74639
36.65803	9.75127
36.71285	9.75616
36.65803	9.75616
36.71285	9.75616
36.71285	9.76592
36.76773	9.76592
36.60327	9.76592
36.76773	9.76592
36.71285	9.77081
36.76773	9.77081
36.65803	9.77569
36.76773	9.77569
36.71285	9.77081
36.76773	9.77569
36.71285	9.78545
36.76773	9.78545
36.71285	9.78545
36.76773	9.78057
36.71285	9.78545
36.76773	9.79034
36.71285	9.79034
36.76773	9.78545
36.71285	9.79522
36.76773	9.79522
36.71285	9.80010
36.76773	9.80499
36.71285	9.80499
36.76773	9.80499
36.71285	9.80010
36.82267	9.80987
36.71285	9.80987
36.76773	9.80987
36.71285	9.80987
36.82267	9.81475
36.71285	9.82452
36.76773	9.81964
36.71285	9.82452
36.87768	9.81964
36.82267	9.82452
36.82267	9.82452
36.76773	9.82452
36.87768	9.82940
36.82267	9.82940
36.87768	9.83428
36.76773	9.83428
36.87768	9.84405
36.76773	9.84405
36.87768	9.84405
36.71285	9.84405
36.87768	9.84405
36.76773	9.84405
36.87768	9.85382
36.76773	9.84893
36.87768	9.85382
36.76773	9.85382
36.87768	9.84893
36.76773	9.86358
36.82267	9.85870
36.76773	9.86358
36.87768	9.86358
36.76773	9.86358
36.87768	9.86358
36.82267	9.86358
36.93274	9.87335
36.82267	9.87335
36.87768	9.87335
36.82267	9.87335
36.87768	9.87335
36.82267	9.87823
36.87768	9.88311
36.82267	9.88311
36.93274	9.88311
36.82267	9.88800
36.93274	9.88800
36.82267	9.88800
36.87768	9.88800
36.82267	9.89288
36.93274	9.89288
36.87768	9.90265
36.98787	9.89776
36.82267	9.90265
36.93274	9.90265
36.82267	9.90753
36.93274	9.90753
36.87768	9.90753
36.98787	9.90753
36.93274	9.90753
36.98787	9.91241
36.93274	9.92218
36.98787	9.91241
36.93274	9.92218
36.98787	9.92706
36.82267	9.92218
36.98787	9.92218
36.87768	9.92706
36.98787	9.93194
36.93274	9.92706
36.98787	9.93194
36.93274	9.94171
36.98787	9.93194
36.93274	9.94171
36.98787	9.93683
36.93274	9.94171
36.98787	9.94171
36.93274	9.94659
36.98787	9.94659
36.93274	9.94659
36.98787	9.95148
36.93274	9.95148
36.98787	9.96124
36.93274	9.95636
36.98787	9.96124
36.93274	9.96124
36.98787	9.96124
36.93274	9.96612
36.98787	9.96124
36.93274	9.96612
36.98787	9.96612
36.93274	9.97101
36.98787	9.97101
36.93274	9.97101
36.98787	9.97589
36.98787	9.98077
36.98787	9.98077
36.93274	9.98077
36.98787	9.98077
36.98787	9.98077
36.98787	9.98077
36.98787	9.98566
36.98787	9.99054
36.93274	9.99054
36.98787	9.99542
36.98787	9.99054
36.98787	9.99054
36.98787	9.99542
37.09833	9.99542
37.04307	9.99542
37.09833	9.99542
36.98787	9.99542
37.09833	9.99542
36.98787	9.99542
37.15365	9.99542
36.98787	9.99542
37.09833	9.99542
37.04307	9.99542
37.09833	9.99542
36.98787	9.99542
37.09833	9.99542
37.04307	9.99542
37.09833	9.99542
37.04307	9.99542
37.09833	9.99542
37.04307	9.99542
37.15365	9.99542
36.98787	9.99542
37.09833	9.99542
37.09833	9.99542
37.15365	9.99542
37.04307	9.99542
37.20903	9.99542
37.09833	9.99542
37.15365	9.99542
37.09833	9.99542
37.15365	9.99542
37.09833	9.99542
37.20903	9.99542
37.09833	9.99542
37.20903	9.99542
37.09833	9.99542
37.20903	9.99542
37.15365	9.99542
37.20903	9.99542
37.04307	9.99542
37.20903	9.99542
37.15365	9.99542
37.20903	9.99542
37.15365	9.99542
37.20903	9.99542
37.15365	9.99542
37.20903	9.99542
37.15365	9.99542
37.20903	9.99542
37.15365	9.99542
37.26448	9.99542
37.15365	9.99542
37.20903	9.99542
37.15365	9.99542
37.20903	9.99542
37.15365	9.99542
37.20903	9.99542
37.20903	9.99542
37.26448	9.99542
